2025-04-11 18:38:22.400275,Minor Detected
2025-04-11 18:38:22.587748,Minor Detected
2025-04-11 18:38:22.653890,Minor Detected
2025-04-11 18:38:22.722494,Minor Detected
2025-04-11 18:38:22.789930,Minor Detected
2025-04-11 18:38:22.861746,Minor Detected
2025-04-11 18:38:22.920916,Minor Detected
2025-04-11 18:38:22.999707,Minor Detected
2025-04-11 18:38:23.054132,Minor Detected
2025-04-11 18:38:23.131921,Minor Detected
2025-04-11 18:38:23.187359,Minor Detected
2025-04-11 18:38:23.266555,Minor Detected
2025-04-11 18:38:23.322418,Minor Detected
2025-04-11 18:38:23.388822,Minor Detected
2025-04-11 18:38:23.462821,Minor Detected
2025-04-11 18:38:23.533761,Minor Detected
2025-04-11 18:38:23.590755,Minor Detected
2025-04-11 18:38:23.664988,Minor Detected
2025-04-11 18:38:23.724826,Minor Detected
2025-04-11 18:38:23.792864,Minor Detected
2025-04-11 18:38:23.856385,Minor Detected
2025-04-11 18:38:23.930578,Minor Detected
2025-04-11 18:38:23.986333,Minor Detected
2025-04-11 18:38:24.057864,Minor Detected
2025-04-11 18:38:24.124957,Minor Detected
2025-04-11 18:38:24.196291,Minor Detected
2025-04-11 18:38:24.264103,Minor Detected
2025-04-11 18:38:24.330898,Minor Detected
2025-04-11 18:38:24.392227,Minor Detected
2025-04-11 18:38:24.465465,Minor Detected
2025-04-11 18:38:24.525926,Minor Detected
2025-04-11 18:38:24.588855,Minor Detected
2025-04-11 18:38:24.656456,Minor Detected
2025-04-11 18:38:24.722625,Minor Detected
2025-04-11 18:38:24.787823,Minor Detected
2025-04-11 18:38:24.862036,Minor Detected
2025-04-11 18:38:24.932063,Minor Detected
2025-04-11 18:38:24.992628,Minor Detected
2025-04-11 18:38:25.062254,Minor Detected
2025-04-11 18:38:25.129708,Minor Detected
2025-04-11 18:38:25.189003,Minor Detected
2025-04-11 18:38:25.264619,Minor Detected
2025-04-11 18:38:25.332730,Minor Detected
2025-04-11 18:38:25.389846,Minor Detected
2025-04-11 18:38:25.466239,Minor Detected
2025-04-11 18:38:25.527824,Minor Detected
2025-04-11 18:38:25.596170,Minor Detected
2025-04-11 18:38:25.935136,Minor Detected
2025-04-11 18:38:25.988582,Minor Detected
2025-04-11 18:38:26.066810,Minor Detected
2025-04-11 18:38:26.122980,Minor Detected
2025-04-11 18:38:26.201263,Minor Detected
2025-04-11 18:38:26.264398,Minor Detected
2025-04-11 18:38:26.330601,Minor Detected
2025-04-11 18:38:26.392689,Minor Detected
2025-04-11 18:38:26.464505,Minor Detected
2025-04-11 18:38:26.534713,Minor Detected
2025-04-11 18:38:26.594286,Minor Detected
2025-04-11 18:38:26.663720,Minor Detected
2025-04-11 18:38:26.725285,Minor Detected
2025-04-11 18:38:26.800248,Minor Detected
2025-04-11 18:38:26.864133,Minor Detected
2025-04-11 18:38:26.933283,Minor Detected
2025-04-11 18:38:26.998664,Minor Detected
2025-04-11 18:38:27.055368,Minor Detected
2025-04-11 18:38:27.132796,Minor Detected
2025-04-11 18:38:27.200921,Minor Detected
2025-04-11 18:38:27.935283,Minor Detected
2025-04-11 18:38:32.799393,Minor Detected
2025-04-11 18:38:32.862335,Minor Detected
2025-04-11 18:38:32.935834,Minor Detected
2025-04-11 18:38:32.999110,Minor Detected
2025-04-11 18:38:34.329947,Minor Detected
2025-04-11 18:38:34.403956,Minor Detected
2025-04-11 18:38:34.461393,Minor Detected
2025-04-11 18:38:34.535164,Minor Detected
2025-04-11 18:38:34.603437,Minor Detected
2025-04-11 18:38:34.665810,Minor Detected
2025-04-11 18:38:34.733800,Minor Detected
2025-04-11 18:38:34.798847,Minor Detected
2025-04-11 18:38:34.868314,Minor Detected
2025-04-11 18:38:34.934191,Minor Detected
2025-04-11 18:38:35.000610,Minor Detected
2025-04-11 18:38:35.061206,Minor Detected
2025-04-11 18:38:35.131975,Minor Detected
2025-04-11 18:38:35.195426,Minor Detected
2025-04-11 18:38:35.267243,Minor Detected
2025-04-11 18:38:35.334435,Minor Detected
2025-04-11 18:38:35.398422,Minor Detected
2025-04-11 18:38:35.469922,Minor Detected
2025-04-11 18:38:35.531550,Minor Detected
2025-04-11 18:38:35.600581,Minor Detected
2025-04-11 18:38:35.668143,Minor Detected
2025-04-11 18:38:35.804439,Minor Detected
2025-04-11 18:38:35.869557,Minor Detected
2025-04-11 18:38:35.934917,Minor Detected
2025-04-11 18:38:36.000937,Minor Detected
2025-04-11 18:38:36.069232,Minor Detected
2025-04-11 18:38:36.129992,Minor Detected
2025-04-11 18:38:36.203087,Minor Detected
2025-04-11 18:38:36.269067,Minor Detected
2025-04-11 18:38:36.332252,Minor Detected
2025-04-11 18:38:36.401643,Minor Detected
2025-04-11 18:38:36.468296,Minor Detected
2025-04-11 18:38:36.535421,Minor Detected
2025-04-11 18:38:36.601555,Minor Detected
2025-04-11 18:38:36.668533,Minor Detected
2025-04-11 18:38:36.734467,Minor Detected
2025-04-11 18:38:36.799701,Minor Detected
2025-04-11 18:38:36.869170,Minor Detected
2025-04-11 18:38:36.971526,Minor Detected
2025-04-11 18:38:37.033371,Minor Detected
2025-04-11 18:38:37.101408,Minor Detected
2025-04-11 18:38:37.162782,Minor Detected
2025-04-11 18:38:37.236469,Minor Detected
2025-04-11 18:38:37.298082,Minor Detected
2025-04-11 18:38:37.369675,Minor Detected
2025-04-11 18:38:37.434382,Minor Detected
2025-04-11 18:38:37.502658,Minor Detected
2025-04-11 18:38:37.566303,Minor Detected
2025-04-11 18:38:37.636765,Minor Detected
2025-04-11 18:38:37.700665,Minor Detected
2025-04-11 18:38:37.766943,Minor Detected
2025-04-11 18:38:37.837684,Minor Detected
2025-04-11 18:38:38.039638,Minor Detected
2025-04-11 18:38:38.101854,Minor Detected
2025-04-11 18:38:38.168042,Minor Detected
2025-04-11 18:38:38.236067,Minor Detected
2025-04-11 18:38:38.300846,Minor Detected
2025-04-11 18:38:38.367389,Minor Detected
2025-04-11 18:38:38.436666,Minor Detected
2025-04-11 18:38:38.502199,Minor Detected
2025-04-11 18:38:38.570345,Minor Detected
2025-04-11 18:38:38.639064,Minor Detected
2025-04-11 18:38:38.701061,Minor Detected
2025-04-11 18:38:38.767047,Minor Detected
2025-04-11 18:38:38.836775,Minor Detected
2025-04-11 18:38:39.040062,Minor Detected
2025-04-11 18:38:39.101495,Minor Detected
2025-04-11 18:38:39.167673,Minor Detected
2025-04-11 18:38:39.236468,Minor Detected
2025-04-11 18:38:39.302301,Minor Detected
2025-04-11 18:38:39.370004,Minor Detected
2025-04-11 18:38:39.438761,Minor Detected
2025-04-11 18:38:39.502033,Minor Detected
2025-04-11 18:38:39.569850,Minor Detected
2025-04-11 18:38:39.637079,Minor Detected
2025-04-11 18:38:39.698345,Minor Detected
2025-04-11 18:38:39.768767,Minor Detected
2025-04-11 18:38:39.833442,Minor Detected
2025-04-11 18:38:39.900730,Minor Detected
2025-04-11 18:38:39.971753,Minor Detected
2025-04-11 18:38:40.037929,Minor Detected
2025-04-11 18:38:40.101520,Minor Detected
2025-04-11 18:38:40.169556,Minor Detected
2025-04-11 18:38:40.229632,Minor Detected
2025-04-12 08:19:41.819124,Minor Detected
2025-04-12 08:19:47.324525,Minor Detected
2025-04-12 08:19:47.381137,Minor Detected
2025-04-12 08:19:47.911090,Minor Detected
2025-04-12 08:19:47.985597,Minor Detected
2025-04-12 08:19:48.066401,Minor Detected
2025-04-12 08:19:48.122853,Minor Detected
2025-04-12 08:19:48.199277,Minor Detected
2025-04-12 08:19:48.268961,Minor Detected
2025-04-12 08:19:48.338430,Minor Detected
2025-04-12 08:19:48.644015,Minor Detected
2025-04-12 08:19:48.855727,Minor Detected
2025-04-12 08:19:48.947738,Minor Detected
2025-04-12 08:19:49.078943,Minor Detected
2025-04-12 08:19:49.292337,Minor Detected
2025-04-12 08:19:49.368023,Minor Detected
2025-04-12 08:19:49.573298,Minor Detected
2025-04-12 08:19:49.650831,Minor Detected
2025-04-12 08:19:49.715393,Minor Detected
2025-04-12 08:19:49.774376,Minor Detected
2025-04-12 08:19:49.845922,Minor Detected
2025-04-12 08:19:49.929058,Minor Detected
2025-04-12 08:19:49.997854,Minor Detected
2025-04-12 08:19:50.070546,Minor Detected
2025-04-12 08:19:50.126210,Minor Detected
2025-04-12 08:19:50.284056,Minor Detected
2025-04-12 08:19:50.353142,Minor Detected
2025-04-12 08:19:51.085798,Minor Detected
2025-04-12 08:19:51.154691,Minor Detected
2025-04-12 08:19:51.226605,Minor Detected
2025-04-12 08:19:51.291866,Minor Detected
2025-04-12 08:19:51.503534,Minor Detected
2025-04-12 08:19:51.578004,Minor Detected
2025-04-12 08:19:51.658125,Minor Detected
2025-04-12 08:19:51.740846,Minor Detected
2025-04-12 08:19:51.882678,Minor Detected
2025-04-12 08:19:51.956114,Minor Detected
2025-04-12 08:19:52.011559,Minor Detected
2025-04-12 08:19:52.233327,Minor Detected
2025-04-12 08:19:52.589059,Minor Detected
2025-04-12 08:19:52.658940,Minor Detected
2025-04-12 08:19:52.731210,Minor Detected
2025-04-12 08:19:52.800099,Minor Detected
2025-04-12 08:19:52.871882,Minor Detected
2025-04-12 08:19:52.942911,Minor Detected
2025-04-12 08:19:53.014339,Minor Detected
2025-04-12 08:19:53.084785,Minor Detected
2025-04-12 08:19:53.157157,Minor Detected
2025-04-12 08:19:53.401136,Minor Detected
2025-04-12 08:19:53.471395,Minor Detected
2025-04-12 08:19:53.543691,Minor Detected
2025-04-12 08:19:54.109267,Minor Detected
2025-04-12 08:19:54.248129,Minor Detected
2025-04-12 08:19:54.320592,Minor Detected
2025-04-12 08:19:54.462799,Minor Detected
2025-04-12 08:19:54.531747,Minor Detected
2025-04-12 08:19:54.606066,Minor Detected
2025-04-12 08:19:54.674319,Minor Detected
2025-04-12 08:19:54.743550,Minor Detected
2025-04-12 08:19:54.816482,Minor Detected
2025-04-12 08:19:54.874780,Minor Detected
2025-04-12 08:19:54.964832,Minor Detected
2025-04-12 08:19:55.167735,Minor Detected
2025-04-12 08:19:55.243716,Minor Detected
2025-04-12 08:19:55.309988,Minor Detected
2025-04-12 08:19:55.382110,Minor Detected
2025-04-12 08:19:55.452324,Minor Detected
2025-04-12 08:19:55.522847,Minor Detected
2025-04-12 08:19:55.593389,Minor Detected
2025-04-12 08:19:55.733436,Minor Detected
2025-04-12 08:19:55.957849,Minor Detected
2025-04-12 08:19:56.060786,Minor Detected
2025-04-12 08:19:56.163000,Minor Detected
2025-04-12 08:19:56.228801,Minor Detected
2025-04-12 08:19:56.714447,Minor Detected
2025-04-12 08:19:57.002269,Minor Detected
2025-04-12 08:19:57.104062,Minor Detected
2025-04-12 08:19:57.177674,Minor Detected
2025-04-12 08:19:57.385328,Minor Detected
2025-04-12 08:19:57.470010,Minor Detected
2025-04-12 08:19:57.525551,Minor Detected
2025-04-12 08:19:57.596582,Minor Detected
2025-04-12 08:19:57.666617,Minor Detected
2025-04-12 08:19:58.094341,Minor Detected
2025-04-12 08:19:58.235779,Minor Detected
2025-04-12 08:19:59.329292,Minor Detected
2025-04-12 08:19:59.404368,Minor Detected
2025-04-12 08:19:59.472423,Minor Detected
2025-04-12 08:20:00.124533,Minor Detected
2025-04-12 08:20:00.232533,Minor Detected
2025-04-12 08:20:00.334136,Minor Detected
2025-04-12 08:20:01.026008,Minor Detected
2025-04-12 08:20:01.170115,Minor Detected
2025-04-12 08:20:01.592835,Minor Detected
2025-04-12 08:20:01.954928,Minor Detected
2025-04-12 08:20:03.711738,Minor Detected
2025-04-12 08:20:04.703467,Minor Detected
2025-04-12 08:20:04.853414,Minor Detected
2025-04-12 08:20:04.915369,Minor Detected
2025-04-12 08:20:05.198776,Minor Detected
2025-04-12 08:20:05.270044,Minor Detected
2025-04-12 08:20:05.338395,Minor Detected
2025-04-12 08:20:05.481902,Minor Detected
2025-04-12 08:20:05.548385,Minor Detected
2025-04-12 08:20:05.687053,Minor Detected
2025-04-12 08:20:05.770332,Minor Detected
2025-04-12 08:20:05.834372,Minor Detected
2025-04-12 08:20:05.921092,Minor Detected
2025-04-12 08:20:06.647611,Minor Detected
2025-04-12 08:20:06.720460,Minor Detected
2025-04-12 08:20:06.788967,Minor Detected
2025-04-12 08:20:07.000430,Minor Detected
2025-04-12 08:20:07.146019,Minor Detected
2025-04-12 08:20:07.637165,Minor Detected
2025-04-12 08:20:08.341691,Minor Detected
2025-04-12 08:20:08.411557,Minor Detected
2025-04-12 08:20:08.555360,Minor Detected
2025-04-12 08:20:08.693826,Minor Detected
2025-04-12 08:20:08.907687,Minor Detected
2025-04-12 08:20:08.976636,Minor Detected
2025-04-12 08:20:10.046825,Minor Detected
2025-04-12 08:20:10.112626,Minor Detected
2025-04-12 08:20:10.186156,Minor Detected
2025-04-12 08:20:10.328221,Minor Detected
2025-04-12 08:20:10.392847,Minor Detected
2025-04-12 08:20:10.616313,Minor Detected
2025-04-12 08:20:10.676710,Minor Detected
2025-04-12 08:20:10.748638,Minor Detected
2025-04-12 08:20:10.818606,Minor Detected
2025-04-12 08:20:10.890325,Minor Detected
2025-04-12 08:20:11.442626,Minor Detected
2025-04-12 08:20:15.352116,Minor Detected
2025-04-12 08:20:15.487151,Minor Detected
2025-04-12 08:20:15.555250,Minor Detected
2025-04-12 08:20:15.630587,Minor Detected
2025-04-12 08:20:15.696178,Minor Detected
2025-04-12 08:20:15.767476,Minor Detected
2025-04-12 08:20:15.841169,Minor Detected
2025-04-12 08:20:15.908119,Minor Detected
2025-04-12 08:20:15.975984,Minor Detected
2025-04-12 08:20:16.057758,Minor Detected
2025-04-12 08:20:16.119077,Minor Detected
2025-04-12 08:20:16.191156,Minor Detected
2025-04-12 08:20:16.262706,Minor Detected
2025-04-12 08:20:16.336230,Minor Detected
2025-04-12 08:20:16.403644,Minor Detected
2025-04-12 08:20:16.477566,Minor Detected
2025-04-12 08:20:16.544613,Minor Detected
2025-04-12 08:20:16.614744,Minor Detected
2025-04-12 08:20:16.688700,Minor Detected
2025-04-12 08:20:16.757004,Minor Detected
2025-04-12 08:20:16.826908,Minor Detected
2025-04-12 08:20:16.902396,Minor Detected
2025-04-12 08:20:16.968520,Minor Detected
2025-04-12 08:20:17.038082,Minor Detected
2025-04-12 08:20:17.112999,Minor Detected
2025-04-12 08:20:17.182033,Minor Detected
2025-04-12 08:20:17.254294,Minor Detected
2025-04-12 08:20:17.322895,Minor Detected
2025-04-12 08:20:17.397003,Minor Detected
2025-04-12 08:20:17.538591,Minor Detected
2025-04-12 08:20:17.678266,Minor Detected
2025-04-12 08:20:17.747573,Minor Detected
2025-04-12 08:20:17.821066,Minor Detected
2025-04-12 08:20:17.887442,Minor Detected
2025-04-12 08:20:18.031650,Minor Detected
2025-04-12 08:20:18.256686,Minor Detected
2025-04-12 08:20:18.417135,Minor Detected
2025-04-12 08:20:18.488146,Minor Detected
2025-04-12 08:20:18.559457,Minor Detected
2025-04-12 08:20:18.636027,Minor Detected
2025-04-12 08:20:18.700755,Minor Detected
2025-04-12 08:20:18.772245,Minor Detected
2025-04-12 08:20:18.843647,Minor Detected
2025-04-12 08:20:18.916953,Minor Detected
2025-04-12 08:20:18.984051,Minor Detected
2025-04-12 08:20:19.128107,Minor Detected
2025-04-12 08:20:19.195430,Minor Detected
2025-04-12 08:20:19.270837,Minor Detected
2025-04-12 08:20:19.338185,Minor Detected
2025-04-12 08:20:19.475738,Minor Detected
2025-04-12 08:20:19.542858,Minor Detected
2025-04-12 08:20:19.886413,Minor Detected
2025-04-12 08:20:19.968507,Minor Detected
2025-04-12 08:20:20.052072,Minor Detected
2025-04-12 08:20:20.111695,Minor Detected
2025-04-12 08:20:20.187384,Minor Detected
2025-04-12 08:20:20.255251,Minor Detected
2025-04-12 08:20:20.329970,Minor Detected
2025-04-12 08:20:20.399511,Minor Detected
2025-04-12 08:20:20.470965,Minor Detected
2025-04-12 08:20:20.538657,Minor Detected
2025-04-12 08:20:20.608086,Minor Detected
2025-04-12 08:20:20.686996,Minor Detected
2025-04-12 08:20:20.751612,Minor Detected
2025-04-12 08:20:20.822081,Minor Detected
2025-04-12 08:20:20.896141,Minor Detected
2025-04-12 08:20:20.961220,Minor Detected
2025-04-12 08:20:21.037516,Minor Detected
2025-04-12 08:20:21.103708,Minor Detected
2025-04-12 08:20:21.162469,Minor Detected
2025-04-12 08:20:21.807813,Minor Detected
2025-04-12 08:20:22.300265,Minor Detected
2025-04-12 08:20:22.371467,Minor Detected
2025-04-12 08:20:22.442155,Minor Detected
2025-04-12 08:20:24.067623,Minor Detected
2025-04-12 08:20:24.136529,Minor Detected
2025-04-12 08:20:24.918802,Minor Detected
2025-04-12 08:20:24.990365,Minor Detected
2025-04-12 08:20:25.059382,Minor Detected
2025-04-12 08:20:25.124464,Minor Detected
2025-04-12 08:20:26.407618,Minor Detected
2025-04-12 08:20:26.470258,Minor Detected
2025-04-12 08:20:28.664635,Minor Detected
2025-04-12 08:20:29.077180,Minor Detected
2025-04-12 08:20:29.236626,Minor Detected
2025-04-12 08:20:29.381278,Minor Detected
2025-04-12 08:20:29.444949,Minor Detected
2025-04-12 08:20:29.520512,Minor Detected
2025-04-12 08:20:29.586992,Minor Detected
2025-04-12 08:20:29.657392,Minor Detected
2025-04-12 08:20:29.947798,Minor Detected
2025-04-12 08:20:30.226760,Minor Detected
2025-04-12 08:20:30.295495,Minor Detected
2025-04-12 08:20:30.368910,Minor Detected
2025-04-12 08:20:30.585787,Minor Detected
2025-04-12 08:20:31.069338,Minor Detected
2025-04-12 08:20:31.148482,Minor Detected
2025-04-12 08:20:32.408374,Minor Detected
2025-04-12 08:20:33.325477,Minor Detected
2025-04-12 08:20:39.953038,Minor Detected
2025-04-12 08:20:40.014058,Minor Detected
2025-04-12 08:20:40.086425,Minor Detected
2025-04-12 08:20:40.158085,Minor Detected
2025-04-12 08:20:40.228473,Minor Detected
2025-04-12 08:20:40.438536,Minor Detected
2025-04-12 08:20:40.511954,Minor Detected
2025-04-12 08:20:40.580591,Minor Detected
2025-04-12 08:20:40.654457,Minor Detected
2025-04-12 08:20:40.721234,Minor Detected
2025-04-12 08:20:40.791191,Minor Detected
2025-04-12 08:20:40.865619,Minor Detected
2025-04-12 08:20:40.934706,Minor Detected
2025-04-12 08:20:41.005649,Minor Detected
2025-04-12 08:20:41.074593,Minor Detected
2025-04-12 08:20:41.145260,Minor Detected
2025-04-12 08:20:41.217675,Minor Detected
2025-04-12 08:20:41.290968,Minor Detected
2025-04-12 08:20:41.357195,Minor Detected
2025-04-12 08:20:41.426629,Minor Detected
2025-04-12 08:20:41.502770,Minor Detected
2025-04-12 08:20:41.569643,Minor Detected
2025-04-12 08:20:41.640992,Minor Detected
2025-04-12 08:20:41.717617,Minor Detected
2025-04-12 08:20:41.782666,Minor Detected
2025-04-12 08:20:41.852834,Minor Detected
2025-04-12 08:20:41.926282,Minor Detected
2025-04-12 08:20:41.993760,Minor Detected
2025-04-12 08:20:42.062022,Minor Detected
2025-04-12 08:20:42.140350,Minor Detected
2025-04-12 08:20:42.203979,Minor Detected
2025-04-12 08:20:42.279478,Minor Detected
2025-04-12 08:20:42.353336,Minor Detected
2025-04-12 08:20:42.417824,Minor Detected
2025-04-12 08:20:42.488109,Minor Detected
2025-04-12 08:20:42.561818,Minor Detected
2025-04-12 08:20:42.632487,Minor Detected
2025-04-12 08:20:42.700712,Minor Detected
2025-04-12 08:20:42.774448,Minor Detected
2025-04-12 08:20:42.843223,Minor Detected
2025-04-12 08:20:42.987586,Minor Detected
2025-04-12 08:20:43.054082,Minor Detected
2025-04-12 08:20:43.126536,Minor Detected
2025-04-12 08:20:43.202088,Minor Detected
2025-04-12 08:20:43.265015,Minor Detected
2025-04-12 08:20:43.337898,Minor Detected
2025-04-12 08:20:43.412542,Minor Detected
2025-04-12 08:20:43.840328,Minor Detected
2025-04-12 08:20:43.903450,Minor Detected
2025-04-12 08:20:43.973622,Minor Detected
2025-04-12 08:20:44.047550,Minor Detected
2025-04-12 08:20:44.113335,Minor Detected
2025-04-12 08:20:44.187406,Minor Detected
2025-04-12 08:20:44.258553,Minor Detected
2025-04-12 08:20:44.327362,Minor Detected
2025-04-12 08:20:44.398630,Minor Detected
2025-04-12 08:20:44.470207,Minor Detected
2025-04-12 08:20:44.540471,Minor Detected
2025-04-12 08:20:44.611720,Minor Detected
2025-04-12 08:20:44.688194,Minor Detected
2025-04-12 08:20:44.750350,Minor Detected
2025-04-12 08:20:44.821933,Minor Detected
2025-04-12 10:12:12.590436,Minor Detected
2025-04-12 10:12:12.664380,Minor Detected
2025-04-12 10:12:12.734007,Minor Detected
2025-04-12 10:12:12.805040,Minor Detected
2025-04-12 10:12:12.881621,Minor Detected
2025-04-12 10:12:12.937139,Minor Detected
2025-04-12 10:12:13.011907,Minor Detected
2025-04-12 10:12:13.082810,Minor Detected
2025-04-12 10:12:13.843370,Minor Detected
2025-04-12 10:12:15.255427,Minor Detected
2025-04-12 10:12:15.324104,Minor Detected
2025-04-12 10:12:15.384726,Minor Detected
2025-04-12 10:12:15.461853,Minor Detected
2025-04-12 10:12:15.528563,Minor Detected
2025-04-12 10:12:15.665394,Minor Detected
2025-04-12 10:12:15.756656,Minor Detected
2025-04-12 10:12:15.818527,Minor Detected
2025-04-12 10:12:15.889984,Minor Detected
2025-04-12 10:12:16.032017,Minor Detected
2025-04-12 10:12:18.300327,Minor Detected
2025-04-12 10:12:18.363756,Minor Detected
2025-04-12 10:12:18.431070,Minor Detected
2025-04-12 10:12:21.474708,Minor Detected
2025-04-12 10:12:21.680674,Minor Detected
2025-04-12 10:12:21.894639,Minor Detected
2025-04-12 10:12:23.727151,Minor Detected
2025-04-12 10:12:29.003427,Minor Detected
2025-04-12 10:12:29.848316,Minor Detected
2025-04-12 10:12:29.921363,Minor Detected
2025-04-12 10:12:29.996712,Minor Detected
2025-04-12 10:12:30.062427,Minor Detected
2025-04-12 10:12:30.135986,Minor Detected
2025-04-12 10:12:30.194189,Minor Detected
2025-04-12 10:12:30.273580,Minor Detected
2025-04-12 10:12:30.364153,Minor Detected
2025-04-12 10:12:32.855826,Minor Detected
2025-04-12 10:12:32.925793,Minor Detected
2025-04-12 10:12:33.989483,Minor Detected
2025-04-12 10:12:34.058345,Minor Detected
2025-04-12 10:12:34.131892,Minor Detected
2025-04-12 10:12:34.197605,Minor Detected
2025-04-12 10:12:34.271636,Minor Detected
2025-04-12 10:12:34.419495,Minor Detected
2025-04-12 10:12:34.697799,Minor Detected
2025-04-12 10:12:35.736229,Minor Detected
2025-04-12 10:12:36.329138,Minor Detected
2025-04-12 10:12:36.387685,Minor Detected
2025-04-12 10:12:36.467584,Minor Detected
2025-04-12 10:12:36.531913,Minor Detected
2025-04-12 10:12:36.616985,Minor Detected
2025-04-12 10:12:36.726386,Minor Detected
2025-04-12 10:12:36.833437,Minor Detected
2025-04-12 10:12:36.932897,Minor Detected
2025-04-12 10:12:37.001803,Minor Detected
2025-04-12 10:12:37.282390,Minor Detected
2025-04-12 10:12:37.537088,Minor Detected
2025-04-12 10:12:37.647326,Minor Detected
2025-04-12 10:12:37.765282,Minor Detected
2025-04-12 10:12:38.051068,Minor Detected
2025-04-12 10:12:38.131946,Minor Detected
2025-04-12 10:12:38.190303,Minor Detected
2025-04-12 10:12:38.279122,Minor Detected
2025-04-12 10:12:38.344064,Minor Detected
2025-04-12 10:12:38.415876,Minor Detected
2025-04-12 10:12:38.474103,Minor Detected
2025-04-12 10:12:38.561300,Minor Detected
2025-04-12 10:12:38.669343,Minor Detected
2025-04-12 10:12:39.414515,Minor Detected
2025-04-12 10:12:39.519294,Minor Detected
2025-04-12 10:12:39.619492,Minor Detected
2025-04-12 10:12:39.734801,Minor Detected
2025-04-12 10:12:39.835089,Minor Detected
2025-04-12 10:12:39.942203,Minor Detected
2025-04-12 10:12:40.038417,Minor Detected
2025-04-12 10:12:40.111571,Minor Detected
2025-04-12 10:12:40.182508,Minor Detected
2025-04-12 10:12:40.254582,Minor Detected
2025-04-12 10:12:40.320334,Minor Detected
2025-04-12 10:12:40.877300,Minor Detected
2025-04-12 10:12:40.953972,Minor Detected
2025-04-12 10:12:41.026288,Minor Detected
2025-04-12 10:12:41.077538,Minor Detected
2025-04-12 10:12:41.169167,Minor Detected
2025-04-12 10:12:41.233538,Minor Detected
2025-04-12 10:12:41.302879,Minor Detected
2025-04-12 10:12:41.375698,Minor Detected
2025-04-12 10:12:41.516027,Minor Detected
2025-04-12 10:12:41.586517,Minor Detected
2025-04-12 10:12:41.657827,Minor Detected
2025-04-12 10:12:41.730156,Minor Detected
2025-04-12 10:12:41.798214,Minor Detected
2025-04-12 10:12:41.872735,Minor Detected
2025-04-12 10:12:41.925857,Minor Detected
2025-04-12 10:12:42.006237,Minor Detected
2025-04-12 10:12:42.079269,Minor Detected
2025-04-12 10:12:42.143635,Minor Detected
2025-04-12 10:12:42.724185,Minor Detected
2025-04-12 10:12:44.000593,Minor Detected
2025-04-12 10:12:44.489971,Minor Detected
2025-04-12 10:12:44.555219,Minor Detected
2025-04-12 10:12:44.628205,Minor Detected
2025-04-12 10:12:44.693897,Minor Detected
2025-04-12 10:12:44.770314,Minor Detected
2025-04-12 10:12:44.841019,Minor Detected
2025-04-12 10:12:44.906818,Minor Detected
2025-04-12 10:12:44.985683,Minor Detected
2025-04-12 10:12:45.052522,Minor Detected
2025-04-12 10:12:45.187608,Minor Detected
2025-04-12 10:12:45.341115,Minor Detected
2025-04-12 10:12:45.402794,Minor Detected
2025-04-12 10:12:45.476798,Minor Detected
2025-04-12 10:12:45.543042,Minor Detected
2025-04-12 10:12:45.622312,Minor Detected
2025-04-12 10:12:45.686465,Minor Detected
2025-04-12 10:12:45.760114,Minor Detected
2025-04-12 10:12:45.825084,Minor Detected
2025-04-12 10:12:45.906074,Minor Detected
2025-04-12 10:12:45.967141,Minor Detected
2025-04-12 10:12:46.039707,Minor Detected
2025-04-12 10:12:46.113451,Minor Detected
2025-04-12 10:12:46.186059,Minor Detected
2025-04-12 10:12:46.252768,Minor Detected
2025-04-12 10:12:46.336277,Minor Detected
2025-04-12 10:12:46.437402,Minor Detected
2025-04-12 10:12:46.509884,Minor Detected
2025-04-12 10:12:46.569434,Minor Detected
2025-04-12 10:12:46.640319,Minor Detected
2025-04-12 10:12:46.715447,Minor Detected
2025-04-12 10:12:46.785396,Minor Detected
2025-04-12 10:12:46.857972,Minor Detected
2025-04-12 10:12:46.921706,Minor Detected
2025-04-12 10:12:46.994809,Minor Detected
2025-04-12 10:12:47.069816,Minor Detected
2025-04-12 10:12:47.135229,Minor Detected
2025-04-12 10:12:47.207471,Minor Detected
2025-04-12 10:12:47.280663,Minor Detected
2025-04-12 10:12:47.352812,Minor Detected
2025-04-12 10:12:47.418469,Minor Detected
2025-04-12 10:12:47.488794,Minor Detected
2025-04-12 10:12:47.545829,Minor Detected
2025-04-12 10:12:47.629053,Minor Detected
2025-04-12 10:12:47.776255,Minor Detected
2025-04-12 10:12:47.828960,Minor Detected
2025-04-12 10:12:47.925663,Minor Detected
2025-04-12 10:12:47.969213,Minor Detected
2025-04-12 10:12:48.121017,Minor Detected
2025-04-12 10:12:48.190045,Minor Detected
2025-04-12 10:12:48.334087,Minor Detected
2025-04-12 10:12:48.395972,Minor Detected
2025-04-12 10:12:48.487470,Minor Detected
2025-04-12 10:12:48.536853,Minor Detected
2025-04-12 10:12:48.608841,Minor Detected
2025-04-12 10:12:48.691258,Minor Detected
2025-04-12 10:12:48.762361,Minor Detected
2025-04-12 10:12:48.838588,Minor Detected
2025-04-12 10:12:48.903301,Minor Detected
2025-04-12 10:12:48.973383,Minor Detected
2025-04-12 10:12:49.047179,Minor Detected
2025-04-12 10:12:49.115188,Minor Detected
2025-04-12 10:12:49.187950,Minor Detected
2025-04-12 10:12:49.257991,Minor Detected
2025-04-12 10:12:49.326395,Minor Detected
2025-04-12 10:12:49.409709,Minor Detected
2025-04-12 10:12:49.511177,Minor Detected
2025-04-12 10:12:49.572546,Minor Detected
2025-04-12 10:12:49.651778,Minor Detected
2025-04-12 10:12:49.729926,Minor Detected
2025-04-12 10:12:49.836609,Minor Detected
2025-04-12 10:12:49.937098,Minor Detected
2025-04-12 10:12:50.007375,Minor Detected
2025-04-12 10:12:50.079344,Minor Detected
2025-04-12 10:12:50.150048,Minor Detected
2025-04-12 10:12:50.219758,Minor Detected
2025-04-12 10:12:50.288668,Minor Detected
2025-04-12 10:12:50.361732,Minor Detected
2025-04-12 10:12:50.432803,Minor Detected
2025-04-12 10:12:50.491150,Minor Detected
2025-04-12 10:12:50.572032,Minor Detected
2025-04-12 10:12:50.635208,Minor Detected
2025-04-12 10:12:50.716313,Minor Detected
2025-04-12 10:12:50.775516,Minor Detected
2025-04-12 10:12:50.854154,Minor Detected
2025-04-12 10:12:50.918921,Minor Detected
2025-04-12 10:12:50.991025,Minor Detected
2025-04-12 10:12:51.055415,Minor Detected
2025-04-12 10:12:51.137779,Minor Detected
2025-04-12 10:12:51.229574,Minor Detected
2025-04-12 10:12:51.321465,Minor Detected
2025-04-12 10:12:52.157610,Minor Detected
2025-04-12 10:12:52.304404,Minor Detected
2025-04-12 10:12:53.151710,Minor Detected
2025-04-12 10:12:53.216479,Minor Detected
2025-04-12 10:12:53.288250,Minor Detected
2025-04-12 10:12:53.436294,Minor Detected
2025-04-12 10:12:53.494754,Minor Detected
2025-04-12 10:12:53.571507,Minor Detected
2025-04-12 10:12:53.796731,Minor Detected
2025-04-12 10:12:53.900008,Minor Detected
2025-04-12 10:12:53.965428,Minor Detected
2025-04-12 10:12:54.036820,Minor Detected
2025-04-12 10:12:54.106570,Minor Detected
2025-04-12 10:12:54.180274,Minor Detected
2025-04-12 10:12:54.327614,Minor Detected
2025-04-12 10:12:54.564666,Minor Detected
2025-04-12 10:12:54.639038,Minor Detected
2025-04-12 10:12:54.684356,Minor Detected
2025-04-12 10:12:54.760630,Minor Detected
2025-04-12 10:12:54.829723,Minor Detected
2025-04-12 10:12:55.108658,Minor Detected
2025-04-12 10:12:55.204583,Minor Detected
2025-04-12 10:12:55.348363,Minor Detected
2025-04-12 10:12:55.475359,Minor Detected
2025-04-12 10:12:55.563561,Minor Detected
2025-04-12 10:12:55.674113,Minor Detected
2025-04-12 10:12:55.778276,Minor Detected
2025-04-12 10:12:55.886951,Minor Detected
2025-04-12 10:12:55.985050,Minor Detected
2025-04-12 10:12:56.096300,Minor Detected
2025-04-12 10:12:56.196074,Minor Detected
2025-04-12 10:12:56.536833,Minor Detected
2025-04-12 10:12:56.607335,Minor Detected
2025-04-12 10:12:56.682794,Minor Detected
2025-04-12 10:12:56.751221,Minor Detected
2025-04-12 10:12:56.831055,Minor Detected
2025-04-12 10:12:56.900504,Minor Detected
2025-04-12 10:12:56.969653,Minor Detected
2025-04-12 10:12:57.043010,Minor Detected
2025-04-12 10:12:57.114650,Minor Detected
2025-04-12 10:12:57.182509,Minor Detected
2025-04-12 10:12:57.253556,Minor Detected
2025-04-12 10:12:57.326072,Minor Detected
2025-04-12 10:12:57.395288,Minor Detected
2025-04-12 10:12:57.463797,Minor Detected
2025-04-12 10:12:57.537390,Minor Detected
2025-04-12 10:12:57.606189,Minor Detected
2025-04-12 10:12:57.666252,Minor Detected
2025-04-12 10:12:57.743611,Minor Detected
2025-04-12 10:12:57.795409,Minor Detected
2025-04-12 10:12:57.887836,Minor Detected
2025-04-12 10:12:57.936609,Minor Detected
2025-04-12 10:12:58.024282,Minor Detected
2025-04-12 10:12:58.093003,Minor Detected
2025-04-12 10:12:58.169462,Minor Detected
2025-04-12 10:12:58.234215,Minor Detected
2025-04-12 10:12:58.312843,Minor Detected
2025-04-12 10:12:58.373691,Minor Detected
2025-04-12 10:12:58.452216,Minor Detected
2025-04-12 10:12:58.527784,Minor Detected
2025-04-12 10:12:58.599280,Minor Detected
2025-04-12 10:12:58.665515,Minor Detected
2025-04-12 10:12:58.739742,Minor Detected
2025-04-12 10:12:58.812174,Minor Detected
2025-04-12 10:12:58.882469,Minor Detected
2025-04-12 10:12:58.949804,Minor Detected
2025-04-12 10:12:59.021220,Minor Detected
2025-04-12 10:12:59.091860,Minor Detected
2025-04-12 10:12:59.163892,Minor Detected
2025-04-12 10:12:59.233661,Minor Detected
2025-04-12 10:12:59.303327,Minor Detected
2025-04-12 10:12:59.446530,Minor Detected
2025-04-12 10:12:59.513049,Minor Detected
2025-04-12 10:12:59.585289,Minor Detected
2025-04-12 10:12:59.658768,Minor Detected
2025-04-12 10:12:59.728756,Minor Detected
2025-04-12 10:12:59.798084,Minor Detected
2025-04-12 10:12:59.870151,Minor Detected
2025-04-12 10:12:59.928189,Minor Detected
2025-04-12 10:13:00.018097,Minor Detected
2025-04-12 10:13:00.127367,Minor Detected
2025-04-12 10:13:00.220757,Minor Detected
2025-04-12 10:13:00.283977,Minor Detected
2025-04-12 10:13:00.355414,Minor Detected
2025-04-12 10:13:00.424671,Minor Detected
2025-04-12 10:13:00.504849,Minor Detected
2025-04-12 10:13:01.273879,Minor Detected
2025-04-12 10:13:01.351835,Minor Detected
2025-04-12 10:13:01.413311,Minor Detected
2025-04-12 10:13:01.488106,Minor Detected
2025-04-12 10:13:01.558038,Minor Detected
2025-04-12 10:13:01.625787,Minor Detected
2025-04-12 10:13:01.703926,Minor Detected
2025-04-12 10:13:01.767102,Minor Detected
2025-04-12 10:13:01.839851,Minor Detected
2025-04-12 10:13:01.911037,Minor Detected
2025-04-12 10:13:01.983677,Minor Detected
2025-04-12 10:13:02.054705,Minor Detected
2025-04-12 10:13:02.121936,Minor Detected
2025-04-12 10:13:02.196088,Minor Detected
2025-04-12 10:13:02.495608,Minor Detected
2025-04-12 10:13:02.601603,Minor Detected
2025-04-12 10:13:03.978465,Minor Detected
2025-04-12 10:13:04.086120,Minor Detected
2025-04-12 10:13:04.192372,Minor Detected
2025-04-12 10:13:04.298312,Minor Detected
2025-04-12 10:13:07.717973,Minor Detected
2025-04-12 10:13:08.923849,Minor Detected
2025-04-12 10:13:09.241867,Minor Detected
2025-04-12 10:13:09.353170,Minor Detected
2025-04-12 10:13:09.452888,Minor Detected
2025-04-12 10:13:09.561856,Minor Detected
2025-04-12 10:13:09.667331,Minor Detected
2025-04-12 10:13:09.771651,Minor Detected
2025-04-12 10:13:09.880300,Minor Detected
2025-04-12 10:13:09.983031,Minor Detected
2025-04-12 10:13:10.084208,Minor Detected
2025-04-12 10:13:12.485614,Minor Detected
2025-04-12 10:13:15.308098,Minor Detected
2025-04-12 10:13:15.389069,Minor Detected
2025-04-12 11:05:27.334736,Minor Detected
2025-04-12 11:05:27.411214,Minor Detected
2025-04-12 11:05:27.472218,Minor Detected
2025-04-12 11:05:27.532975,Minor Detected
2025-04-12 11:05:27.601357,Minor Detected
2025-04-12 11:05:27.670884,Minor Detected
2025-04-12 11:05:27.870984,Minor Detected
2025-04-12 11:05:28.071290,Minor Detected
2025-04-12 11:05:28.141618,Minor Detected
2025-04-12 11:05:28.204864,Minor Detected
2025-04-12 11:05:28.272818,Minor Detected
2025-04-12 11:05:28.334129,Minor Detected
2025-04-12 11:05:28.434739,Minor Detected
2025-04-12 11:05:28.500325,Minor Detected
2025-04-12 11:05:28.566636,Minor Detected
2025-04-12 11:05:28.633941,Minor Detected
2025-04-12 11:05:28.700276,Minor Detected
2025-04-12 11:05:28.768410,Minor Detected
2025-04-12 11:05:28.834380,Minor Detected
2025-04-12 11:05:28.902828,Minor Detected
2025-04-12 11:05:28.972329,Minor Detected
2025-04-12 11:05:29.038546,Minor Detected
2025-04-12 11:05:29.102669,Minor Detected
2025-04-12 11:05:29.170655,Minor Detected
2025-04-12 11:05:29.235545,Minor Detected
2025-04-12 11:05:29.302404,Minor Detected
2025-04-12 11:05:29.366820,Minor Detected
2025-04-12 11:05:29.435786,Minor Detected
2025-04-12 11:05:29.500158,Minor Detected
2025-04-12 11:05:29.567311,Minor Detected
2025-04-12 11:05:29.635051,Minor Detected
2025-04-12 11:05:29.701626,Minor Detected
2025-04-12 11:05:29.769174,Minor Detected
2025-04-12 11:05:29.834666,Minor Detected
2025-04-12 11:05:29.919982,Minor Detected
2025-04-12 11:05:29.999552,Minor Detected
2025-04-12 11:05:30.068178,Minor Detected
2025-04-12 11:05:30.137782,Minor Detected
2025-04-12 11:05:30.202461,Minor Detected
2025-04-12 11:05:30.267202,Minor Detected
2025-04-12 11:05:30.340569,Minor Detected
2025-04-12 11:05:30.400264,Minor Detected
2025-04-12 11:05:30.465914,Minor Detected
2025-04-12 11:05:30.537907,Minor Detected
2025-04-12 11:05:30.600927,Minor Detected
2025-04-12 11:05:30.668603,Minor Detected
2025-04-12 11:05:30.738439,Minor Detected
2025-04-12 11:05:30.801994,Minor Detected
2025-04-12 11:05:30.868681,Minor Detected
2025-04-12 11:05:31.668395,Minor Detected
2025-04-12 11:05:31.740826,Minor Detected
2025-04-12 11:05:32.526113,Minor Detected
2025-04-12 11:05:32.623196,Minor Detected
2025-04-12 11:05:32.691199,Minor Detected
2025-04-12 11:05:35.392588,Minor Detected
2025-04-12 11:05:36.550517,Minor Detected
2025-04-12 11:05:36.626939,Minor Detected
2025-04-12 11:05:36.731688,Minor Detected
2025-04-12 11:05:36.822862,Minor Detected
2025-04-12 11:05:36.892397,Minor Detected
2025-04-12 11:05:36.960098,Minor Detected
2025-04-12 11:05:37.026262,Minor Detected
2025-04-12 11:05:37.127921,Minor Detected
2025-04-12 11:05:37.190700,Minor Detected
2025-04-12 11:05:37.257405,Minor Detected
2025-04-12 11:05:37.727916,Minor Detected
2025-04-12 11:05:40.160747,Minor Detected
2025-04-12 11:05:40.227849,Minor Detected
2025-04-12 11:05:40.292687,Minor Detected
2025-04-12 11:05:42.458376,Minor Detected
2025-04-12 11:05:42.528216,Minor Detected
2025-04-12 11:05:42.594080,Minor Detected
2025-04-12 11:05:42.659434,Minor Detected
2025-04-12 11:05:43.058608,Minor Detected
2025-04-12 11:05:43.194104,Minor Detected
2025-04-12 11:05:43.260021,Minor Detected
2025-04-12 11:05:43.391477,Minor Detected
2025-04-12 11:05:43.459363,Minor Detected
2025-04-12 11:05:43.658728,Minor Detected
2025-04-12 11:05:43.730634,Minor Detected
2025-04-12 11:05:43.928731,Minor Detected
2025-04-12 11:05:44.463759,Minor Detected
2025-04-12 11:16:43.996923,Minor Detected
2025-04-12 11:16:44.427833,Minor Detected
2025-04-12 11:16:44.504083,Minor Detected
2025-04-12 11:16:44.565309,Minor Detected
2025-04-12 11:16:44.919473,Minor Detected
2025-04-12 11:16:44.996827,Minor Detected
2025-04-12 11:16:45.062785,Minor Detected
2025-04-12 11:16:45.141340,Minor Detected
2025-04-12 11:16:45.198676,Minor Detected
2025-04-12 11:16:46.621433,Minor Detected
2025-04-12 11:16:49.522325,Minor Detected
2025-04-12 11:16:50.439577,Minor Detected
2025-04-12 11:16:50.654840,Minor Detected
2025-04-12 11:16:50.936432,Minor Detected
2025-04-12 11:16:51.218814,Minor Detected
2025-04-12 11:16:51.290974,Minor Detected
2025-04-12 11:16:53.468716,Minor Detected
2025-04-12 11:16:54.822326,Minor Detected
2025-04-12 11:16:54.887592,Minor Detected
2025-04-12 11:16:55.245714,Minor Detected
2025-04-12 11:16:56.169098,Minor Detected
2025-04-12 11:16:56.449603,Minor Detected
2025-04-12 11:16:58.674295,Minor Detected
2025-04-12 11:16:58.888792,Minor Detected
2025-04-12 11:16:59.172699,Minor Detected
2025-04-12 11:16:59.234437,Minor Detected
2025-04-12 11:16:59.735034,Minor Detected
2025-04-12 11:17:00.159164,Minor Detected
2025-04-12 11:17:00.552066,Minor Detected
2025-04-12 11:17:00.616641,Minor Detected
2025-04-12 11:17:00.689522,Minor Detected
2025-04-12 11:17:00.756899,Minor Detected
2025-04-12 11:17:00.822872,Minor Detected
2025-04-12 11:17:00.904730,Minor Detected
2025-04-12 11:17:00.974595,Minor Detected
2025-04-12 11:17:01.038557,Minor Detected
2025-04-12 11:17:01.102960,Minor Detected
2025-04-12 11:17:01.189347,Minor Detected
2025-04-12 11:17:01.251114,Minor Detected
2025-04-12 11:17:01.320595,Minor Detected
2025-04-12 11:17:01.390700,Minor Detected
2025-04-12 11:17:01.469745,Minor Detected
2025-04-12 11:17:01.534520,Minor Detected
2025-04-12 11:17:01.606174,Minor Detected
2025-04-12 11:17:01.679597,Minor Detected
2025-04-12 11:17:01.749510,Minor Detected
2025-04-12 11:17:01.822645,Minor Detected
2025-04-12 11:17:01.879398,Minor Detected
2025-04-12 11:17:01.958973,Minor Detected
2025-04-12 11:17:02.033497,Minor Detected
2025-04-12 11:17:02.101100,Minor Detected
2025-04-12 11:17:02.175167,Minor Detected
2025-04-12 11:17:02.240490,Minor Detected
2025-04-12 11:17:02.315763,Minor Detected
2025-04-12 11:17:02.388849,Minor Detected
2025-04-12 11:17:02.458414,Minor Detected
2025-04-12 11:17:02.521871,Minor Detected
2025-04-12 11:17:02.598959,Minor Detected
2025-04-12 11:17:02.672067,Minor Detected
2025-04-12 11:17:02.739742,Minor Detected
2025-04-12 11:17:02.804168,Minor Detected
2025-04-12 11:17:02.884327,Minor Detected
2025-04-12 11:17:02.947608,Minor Detected
2025-04-12 11:17:03.024164,Minor Detected
2025-04-12 11:17:03.091950,Minor Detected
2025-04-12 11:17:03.162577,Minor Detected
2025-04-12 11:17:03.306360,Minor Detected
2025-04-12 11:17:03.374563,Minor Detected
2025-04-12 11:17:04.149892,Minor Detected
2025-04-12 11:17:04.221749,Minor Detected
2025-04-12 11:17:04.288245,Minor Detected
2025-04-12 11:17:07.766872,Minor Detected
2025-04-12 11:17:07.836485,Minor Detected
2025-04-12 11:17:07.909127,Minor Detected
2025-04-12 11:17:07.980277,Minor Detected
2025-04-12 11:17:08.047185,Minor Detected
2025-04-12 11:17:08.117894,Minor Detected
2025-04-12 11:17:08.195103,Minor Detected
2025-04-12 11:17:08.257804,Minor Detected
2025-04-12 11:17:08.329281,Minor Detected
2025-04-12 11:17:08.401943,Minor Detected
2025-04-12 11:17:08.474732,Minor Detected
2025-04-12 11:17:08.540705,Minor Detected
2025-04-12 11:17:08.618888,Minor Detected
2025-04-12 11:17:08.682113,Minor Detected
2025-04-12 11:17:08.755191,Minor Detected
2025-04-12 11:17:08.827262,Minor Detected
2025-04-12 11:17:08.893120,Minor Detected
2025-04-12 11:17:08.967862,Minor Detected
2025-04-12 11:17:09.036155,Minor Detected
2025-04-12 11:17:09.112451,Minor Detected
2025-04-12 11:17:13.497932,Minor Detected
2025-04-12 11:17:13.558166,Minor Detected
2025-04-12 11:17:13.848890,Minor Detected
2025-04-12 11:17:14.408723,Minor Detected
2025-04-12 11:17:14.478190,Minor Detected
2025-04-12 11:17:14.694880,Minor Detected
2025-04-12 11:17:15.330827,Minor Detected
2025-04-12 11:17:36.675995,Minor Detected
2025-04-12 11:17:44.658991,Minor Detected
2025-04-12 11:17:46.439294,Minor Detected
2025-04-12 11:17:46.502690,Minor Detected
2025-04-12 11:17:46.583284,Minor Detected
2025-04-12 11:17:46.645371,Minor Detected
2025-04-12 11:17:46.719358,Minor Detected
2025-04-12 11:17:46.785960,Minor Detected
2025-04-12 11:17:46.856326,Minor Detected
2025-04-12 11:17:46.930754,Minor Detected
2025-04-12 11:17:47.001051,Minor Detected
2025-04-12 11:17:47.068806,Minor Detected
2025-04-12 11:17:47.140899,Minor Detected
2025-04-12 11:17:47.218661,Minor Detected
2025-04-12 11:17:47.280096,Minor Detected
2025-04-12 11:17:47.350611,Minor Detected
2025-04-12 11:17:47.422149,Minor Detected
2025-04-12 11:17:47.496551,Minor Detected
2025-04-12 11:17:47.563877,Minor Detected
2025-04-12 11:17:47.636988,Minor Detected
2025-04-12 11:17:47.706080,Minor Detected
2025-04-12 11:17:47.777973,Minor Detected
2025-04-12 11:17:47.849261,Minor Detected
2025-04-12 11:17:47.919713,Minor Detected
2025-04-12 11:17:47.989856,Minor Detected
2025-04-12 11:17:48.061461,Minor Detected
2025-04-12 11:17:48.131257,Minor Detected
2025-04-12 11:17:48.200324,Minor Detected
2025-04-12 11:17:48.274092,Minor Detected
2025-04-12 11:17:48.340557,Minor Detected
2025-04-12 11:17:48.415815,Minor Detected
2025-04-12 11:17:48.484667,Minor Detected
2025-04-12 11:17:48.554683,Minor Detected
2025-04-12 11:17:48.631057,Minor Detected
2025-04-12 11:17:48.695213,Minor Detected
2025-04-12 11:17:48.764916,Minor Detected
2025-04-12 11:17:48.833343,Minor Detected
2025-04-12 11:17:48.917801,Minor Detected
2025-04-12 11:17:48.976601,Minor Detected
2025-04-12 11:17:49.051346,Minor Detected
2025-04-12 11:17:49.117863,Minor Detected
2025-04-12 11:17:49.193501,Minor Detected
2025-04-12 11:17:49.264187,Minor Detected
2025-04-12 11:17:49.331868,Minor Detected
2025-04-12 11:17:49.402724,Minor Detected
2025-04-12 11:17:49.477208,Minor Detected
2025-04-12 11:17:49.546402,Minor Detected
2025-04-12 11:17:49.616133,Minor Detected
2025-04-12 11:17:49.683305,Minor Detected
2025-04-12 11:17:49.757033,Minor Detected
2025-04-12 11:17:49.826656,Minor Detected
2025-04-12 11:17:49.898787,Minor Detected
2025-04-12 11:17:49.971659,Minor Detected
2025-04-12 11:17:50.038033,Minor Detected
2025-04-12 11:17:50.114295,Minor Detected
2025-04-12 11:17:50.179398,Minor Detected
2025-04-12 11:17:50.251509,Minor Detected
2025-04-12 11:17:50.320145,Minor Detected
2025-04-12 11:17:50.397284,Minor Detected
2025-04-12 11:17:50.467300,Minor Detected
2025-04-12 11:17:50.534073,Minor Detected
2025-04-12 11:17:50.604100,Minor Detected
2025-04-12 11:17:50.679334,Minor Detected
2025-04-12 11:17:50.743654,Minor Detected
2025-04-12 11:17:50.819351,Minor Detected
2025-04-12 11:17:50.884835,Minor Detected
2025-04-12 11:17:50.961996,Minor Detected
2025-04-12 11:17:51.029212,Minor Detected
2025-04-12 11:17:51.098434,Minor Detected
2025-04-12 11:17:51.168658,Minor Detected
2025-04-12 11:17:51.247993,Minor Detected
2025-04-12 11:17:51.310055,Minor Detected
2025-04-12 11:17:51.382303,Minor Detected
2025-04-12 11:17:51.457452,Minor Detected
2025-04-12 11:17:51.523815,Minor Detected
2025-04-12 11:17:51.596968,Minor Detected
2025-04-12 11:17:51.666457,Minor Detected
2025-04-12 11:17:51.735035,Minor Detected
2025-04-12 11:17:51.809318,Minor Detected
2025-04-12 11:17:51.879298,Minor Detected
2025-04-12 11:17:51.947135,Minor Detected
2025-04-12 11:17:52.020235,Minor Detected
2025-04-12 11:17:52.090324,Minor Detected
2025-04-12 11:17:52.159634,Minor Detected
2025-04-12 11:17:52.231776,Minor Detected
2025-04-12 11:17:52.300757,Minor Detected
2025-04-12 11:17:52.372879,Minor Detected
2025-04-12 11:17:52.443081,Minor Detected
2025-04-12 11:17:52.518744,Minor Detected
2025-04-12 11:17:52.585319,Minor Detected
2025-04-12 11:17:52.655283,Minor Detected
2025-04-12 11:17:52.729742,Minor Detected
2025-04-12 11:17:52.797290,Minor Detected
2025-04-12 11:17:52.868072,Minor Detected
2025-04-12 11:17:52.939949,Minor Detected
2025-04-12 11:17:53.006264,Minor Detected
2025-04-12 11:17:53.082536,Minor Detected
2025-04-12 11:17:53.152842,Minor Detected
2025-04-12 11:17:53.221996,Minor Detected
2025-04-12 11:17:53.293344,Minor Detected
2025-04-12 11:17:53.365563,Minor Detected
2025-04-12 11:17:53.435464,Minor Detected
2025-04-12 11:17:53.504171,Minor Detected
2025-04-12 11:17:53.576746,Minor Detected
2025-04-12 11:17:53.646991,Minor Detected
2025-04-12 11:17:53.718449,Minor Detected
2025-04-12 11:17:53.789217,Minor Detected
2025-04-12 11:17:53.854611,Minor Detected
2025-04-12 11:17:53.930718,Minor Detected
2025-04-12 11:17:53.996031,Minor Detected
2025-04-12 11:17:54.070087,Minor Detected
2025-04-12 11:17:54.138796,Minor Detected
2025-04-12 11:17:54.218021,Minor Detected
2025-04-12 11:17:54.276032,Minor Detected
2025-04-12 11:17:54.352674,Minor Detected
2025-04-12 11:17:54.420381,Minor Detected
2025-04-12 11:17:54.495754,Minor Detected
2025-04-12 11:17:54.560898,Minor Detected
2025-04-12 11:17:54.636371,Minor Detected
2025-04-12 11:17:54.702936,Minor Detected
2025-04-12 11:17:54.778149,Minor Detected
2025-04-12 11:17:54.846592,Minor Detected
2025-04-12 11:17:54.915175,Minor Detected
2025-04-12 11:17:54.992303,Minor Detected
2025-04-12 11:17:55.065847,Minor Detected
2025-04-12 11:17:55.128292,Minor Detected
2025-04-12 11:17:55.202859,Minor Detected
2025-04-12 11:17:55.274849,Minor Detected
2025-04-12 11:17:55.341605,Minor Detected
2025-04-12 11:17:55.415866,Minor Detected
2025-04-12 11:17:55.483589,Minor Detected
2025-04-12 11:17:55.550262,Minor Detected
2025-04-12 11:17:55.627469,Minor Detected
2025-04-12 11:17:55.698178,Minor Detected
2025-04-12 11:17:55.762470,Minor Detected
2025-04-12 11:17:55.834503,Minor Detected
2025-04-12 11:17:55.910456,Minor Detected
2025-04-12 11:17:55.977846,Minor Detected
2025-04-12 11:17:56.047730,Minor Detected
2025-04-12 11:17:56.117967,Minor Detected
2025-04-12 11:17:56.191989,Minor Detected
2025-04-12 11:17:56.261428,Minor Detected
2025-04-12 11:17:56.332586,Minor Detected
2025-04-12 11:17:56.401940,Minor Detected
2025-04-12 11:17:56.474624,Minor Detected
2025-04-12 11:17:56.543305,Minor Detected
2025-04-12 11:17:56.615892,Minor Detected
2025-04-12 11:17:56.683296,Minor Detected
2025-04-12 11:17:56.755608,Minor Detected
2025-04-12 11:17:56.829364,Minor Detected
2025-04-12 11:17:56.894879,Minor Detected
2025-04-12 11:17:56.956803,Minor Detected
2025-04-12 11:17:57.042039,Minor Detected
2025-04-12 11:17:57.107039,Minor Detected
2025-04-12 11:17:57.184297,Minor Detected
2025-04-12 11:17:57.249474,Minor Detected
2025-04-12 11:17:57.318226,Minor Detected
2025-04-12 11:17:57.397757,Minor Detected
2025-04-12 11:17:57.459634,Minor Detected
2025-04-12 11:17:57.532581,Minor Detected
2025-04-12 11:17:57.605158,Minor Detected
2025-04-12 11:17:57.674260,Minor Detected
2025-04-12 11:17:57.747075,Minor Detected
2025-04-12 11:17:57.817189,Minor Detected
2025-04-12 11:17:57.886575,Minor Detected
2025-04-12 11:17:57.958942,Minor Detected
2025-04-12 11:17:58.030730,Minor Detected
2025-04-12 11:17:58.097342,Minor Detected
2025-04-12 11:17:58.157288,Minor Detected
2025-04-12 11:17:58.239030,Minor Detected
2025-04-12 11:17:58.304255,Minor Detected
2025-04-12 11:17:58.374072,Minor Detected
2025-04-12 11:17:58.440277,Minor Detected
2025-04-12 11:17:58.519501,Minor Detected
2025-04-12 11:17:58.590255,Minor Detected
2025-04-12 11:17:58.652689,Minor Detected
2025-04-12 11:17:58.722146,Minor Detected
2025-04-12 11:17:58.801481,Minor Detected
2025-04-12 11:17:58.874450,Minor Detected
2025-04-12 11:17:58.937536,Minor Detected
2025-04-12 11:17:59.007320,Minor Detected
2025-04-12 11:17:59.086155,Minor Detected
2025-04-12 11:17:59.145699,Minor Detected
2025-04-12 11:17:59.222284,Minor Detected
2025-04-12 11:17:59.294441,Minor Detected
2025-04-12 11:17:59.365861,Minor Detected
2025-04-12 11:17:59.439080,Minor Detected
2025-04-12 11:17:59.504756,Minor Detected
2025-04-12 11:17:59.570578,Minor Detected
2025-04-12 11:17:59.637839,Minor Detected
2025-04-12 11:17:59.720762,Minor Detected
2025-04-12 11:17:59.781994,Minor Detected
2025-04-12 11:17:59.855651,Minor Detected
2025-04-12 11:17:59.929029,Minor Detected
2025-04-12 11:18:00.006905,Minor Detected
2025-04-12 11:18:00.067856,Minor Detected
2025-04-12 11:18:00.137599,Minor Detected
2025-04-12 11:18:00.210887,Minor Detected
2025-04-12 11:18:00.284463,Minor Detected
2025-04-12 11:18:00.358113,Minor Detected
2025-04-12 11:18:00.420891,Minor Detected
2025-04-12 11:18:02.336942,Minor Detected
2025-04-12 11:18:02.402867,Minor Detected
2025-04-12 11:18:02.473915,Minor Detected
2025-04-12 11:18:02.621121,Minor Detected
2025-04-12 11:18:02.692676,Minor Detected
2025-04-12 11:18:02.753743,Minor Detected
2025-04-12 11:18:02.904749,Minor Detected
2025-04-12 11:18:03.043610,Minor Detected
2025-04-12 11:18:03.888734,Minor Detected
2025-04-12 11:18:04.243100,Minor Detected
2025-04-12 11:18:04.309303,Minor Detected
2025-04-12 11:18:04.458575,Minor Detected
2025-04-12 11:18:04.521680,Minor Detected
2025-04-12 11:18:04.589147,Minor Detected
2025-04-12 11:18:04.671494,Minor Detected
2025-04-12 11:18:04.736991,Minor Detected
2025-04-12 11:18:04.806965,Minor Detected
2025-04-12 11:18:04.871990,Minor Detected
2025-04-12 11:18:04.953954,Minor Detected
2025-04-12 11:18:05.020064,Minor Detected
2025-04-12 11:18:05.089799,Minor Detected
2025-04-12 11:18:05.373701,Minor Detected
2025-04-12 11:18:05.448493,Minor Detected
2025-04-12 11:18:05.509426,Minor Detected
2025-04-12 11:18:09.227984,Minor Detected
2025-04-12 11:18:09.293358,Minor Detected
2025-04-12 11:18:09.369170,Minor Detected
2025-04-12 11:18:09.654598,Minor Detected
2025-04-12 11:18:23.368207,Minor Detected
2025-04-12 11:18:24.782474,Minor Detected
2025-04-12 11:18:25.174933,Minor Detected
2025-04-12 11:18:25.236052,Minor Detected
2025-04-12 11:18:32.454969,Minor Detected
2025-04-12 11:18:32.615805,Minor Detected
2025-04-12 11:18:33.406263,Minor Detected
2025-04-12 11:18:33.481225,Minor Detected
2025-04-12 11:18:33.536234,Minor Detected
2025-04-12 11:18:33.614503,Minor Detected
2025-04-12 11:18:33.688447,Minor Detected
2025-04-12 11:18:33.828399,Minor Detected
2025-04-12 11:18:55.668065,Minor Detected
2025-04-12 11:18:55.735603,Minor Detected
2025-04-12 11:18:55.884078,Minor Detected
2025-04-12 11:18:55.954248,Minor Detected
2025-04-12 11:18:56.019697,Minor Detected
2025-04-12 11:18:56.092118,Minor Detected
2025-04-12 11:18:56.168555,Minor Detected
2025-04-12 11:18:56.238800,Minor Detected
2025-04-12 11:18:56.302766,Minor Detected
2025-04-12 11:18:56.370334,Minor Detected
2025-04-12 11:18:56.447815,Minor Detected
2025-04-12 11:18:56.519526,Minor Detected
2025-04-12 11:18:56.588068,Minor Detected
2025-04-12 11:18:56.655445,Minor Detected
2025-04-12 11:18:57.440433,Minor Detected
2025-04-12 11:18:57.502989,Minor Detected
2025-04-12 11:19:00.272460,Minor Detected
2025-04-12 11:19:00.329406,Minor Detected
2025-04-12 11:19:00.406219,Minor Detected
2025-04-12 11:19:00.470856,Minor Detected
2025-04-12 11:19:00.555328,Minor Detected
2025-04-12 11:19:00.616883,Minor Detected
2025-04-12 11:19:00.756437,Minor Detected
2025-04-12 11:19:08.963636,Minor Detected
2025-04-12 11:19:09.025156,Minor Detected
2025-04-12 11:19:20.768612,Minor Detected
2025-04-12 11:19:21.262362,Minor Detected
2025-04-12 11:19:24.514967,Minor Detected
2025-04-12 11:19:24.587666,Minor Detected
2025-04-12 11:19:24.651004,Minor Detected
2025-04-12 11:19:24.719314,Minor Detected
2025-04-12 11:19:24.788980,Minor Detected
2025-04-12 11:19:27.274716,Minor Detected
2025-04-12 11:19:27.339445,Minor Detected
2025-04-12 11:19:27.406741,Minor Detected
2025-04-12 11:19:27.486667,Minor Detected
2025-04-12 11:19:27.551809,Minor Detected
2025-04-12 11:19:28.900407,Minor Detected
2025-04-12 11:19:28.964927,Minor Detected
2025-04-12 11:19:29.039244,Minor Detected
2025-04-12 11:19:29.103735,Minor Detected
2025-04-12 11:19:29.175076,Minor Detected
2025-04-12 11:19:29.251742,Minor Detected
2025-04-12 11:19:29.322860,Minor Detected
2025-04-12 11:19:29.390615,Minor Detected
2025-04-12 11:19:29.454936,Minor Detected
2025-04-12 11:19:29.535567,Minor Detected
2025-04-12 11:19:29.608079,Minor Detected
2025-04-12 11:19:29.670676,Minor Detected
2025-04-12 11:19:29.744804,Minor Detected
2025-04-12 11:19:29.821304,Minor Detected
2025-04-12 11:19:29.880343,Minor Detected
2025-04-12 11:19:29.955795,Minor Detected
2025-04-12 11:19:30.025619,Minor Detected
2025-04-12 11:19:30.100796,Minor Detected
2025-04-12 11:19:30.172528,Minor Detected
2025-04-12 11:19:30.235210,Minor Detected
2025-04-12 11:19:30.302181,Minor Detected
2025-04-12 11:19:30.382062,Minor Detected
2025-04-12 11:19:30.455382,Minor Detected
2025-04-12 11:19:30.521132,Minor Detected
2025-04-12 11:19:30.589536,Minor Detected
2025-04-12 11:19:30.666339,Minor Detected
2025-04-12 11:19:30.738609,Minor Detected
2025-04-12 11:19:30.809956,Minor Detected
2025-04-12 11:19:30.870048,Minor Detected
2025-04-12 11:19:31.020766,Minor Detected
2025-04-12 11:19:31.505401,Minor Detected
2025-04-12 11:19:31.717087,Minor Detected
2025-04-12 11:19:32.007038,Minor Detected
2025-04-12 11:19:32.073528,Minor Detected
2025-04-12 11:19:32.152793,Minor Detected
2025-04-12 11:19:32.218446,Minor Detected
2025-04-12 11:19:32.285199,Minor Detected
2025-04-12 11:19:32.353438,Minor Detected
2025-04-12 11:19:32.435086,Minor Detected
2025-04-12 11:19:32.497888,Minor Detected
2025-04-12 11:19:32.569514,Minor Detected
2025-04-12 11:19:32.635954,Minor Detected
2025-04-12 11:19:32.703926,Minor Detected
2025-04-12 11:19:32.785059,Minor Detected
2025-04-12 11:19:32.852058,Minor Detected
2025-04-12 11:19:32.918524,Minor Detected
2025-04-12 11:19:34.768811,Minor Detected
2025-04-12 11:19:35.046884,Minor Detected
2025-04-12 11:19:35.188741,Minor Detected
2025-04-12 11:19:35.333099,Minor Detected
2025-04-12 11:19:35.538166,Minor Detected
2025-04-12 11:19:35.688028,Minor Detected
2025-04-12 11:19:39.999556,Minor Detected
2025-04-12 11:19:40.062154,Minor Detected
2025-04-12 11:19:41.199067,Minor Detected
2025-04-12 11:19:52.720599,Minor Detected
2025-04-12 11:19:52.782628,Minor Detected
2025-04-12 11:19:52.856960,Minor Detected
2025-04-12 11:19:52.936634,Minor Detected
2025-04-12 11:19:53.137316,Minor Detected
2025-04-12 11:19:55.586730,Minor Detected
2025-04-12 11:19:55.655250,Minor Detected
2025-04-12 11:19:55.723930,Minor Detected
2025-04-12 11:19:55.789082,Minor Detected
2025-04-12 11:19:55.868792,Minor Detected
2025-04-12 11:19:55.938563,Minor Detected
2025-04-12 11:19:56.002258,Minor Detected
2025-04-12 11:19:56.075526,Minor Detected
2025-04-12 11:19:56.153859,Minor Detected
2025-04-12 11:19:56.220668,Minor Detected
2025-04-12 11:19:56.288281,Minor Detected
2025-04-12 11:20:00.460997,Minor Detected
2025-04-12 11:20:00.607162,Minor Detected
2025-04-12 11:20:00.666492,Minor Detected
2025-04-12 11:20:00.742100,Minor Detected
2025-04-12 11:20:00.819498,Minor Detected
2025-04-12 11:20:00.881968,Minor Detected
2025-04-12 11:20:00.952146,Minor Detected
2025-04-12 11:20:01.020989,Minor Detected
2025-04-12 11:20:01.100952,Minor Detected
2025-04-12 11:20:01.169066,Minor Detected
2025-04-12 11:20:01.238572,Minor Detected
2025-04-12 11:20:01.307050,Minor Detected
2025-04-12 11:20:01.381643,Minor Detected
2025-04-12 11:20:01.806882,Minor Detected
2025-04-12 11:20:02.086978,Minor Detected
2025-04-12 11:20:02.443926,Minor Detected
2025-04-12 11:20:02.509556,Minor Detected
2025-04-12 11:20:02.583005,Minor Detected
2025-04-12 11:20:02.653421,Minor Detected
2025-04-12 11:20:02.722784,Minor Detected
2025-04-12 11:20:02.787243,Minor Detected
2025-04-12 11:20:04.845918,Minor Detected
2025-04-12 11:20:04.985309,Minor Detected
2025-04-12 11:20:05.054881,Minor Detected
2025-04-12 11:20:05.121374,Minor Detected
2025-04-12 11:20:05.201544,Minor Detected
2025-04-12 11:20:05.343131,Minor Detected
2025-04-12 11:20:05.402454,Minor Detected
2025-04-12 11:20:06.186032,Minor Detected
2025-04-12 11:20:11.770556,Minor Detected
2025-04-12 11:20:11.838149,Minor Detected
2025-04-12 11:20:12.478925,Minor Detected
2025-04-12 11:20:12.689805,Minor Detected
2025-04-12 11:20:13.325804,Minor Detected
2025-04-12 11:20:13.389683,Minor Detected
2025-04-12 11:20:13.469195,Minor Detected
2025-04-12 11:20:13.535529,Minor Detected
2025-04-12 11:20:13.604608,Minor Detected
2025-04-12 11:20:13.681861,Minor Detected
2025-04-12 11:20:13.753199,Minor Detected
2025-04-12 11:20:13.814665,Minor Detected
2025-04-12 11:20:14.034232,Minor Detected
2025-04-12 11:20:14.246432,Minor Detected
2025-04-12 11:20:14.319888,Minor Detected
2025-04-12 11:20:14.386037,Minor Detected
2025-04-12 11:20:14.452601,Minor Detected
2025-04-12 11:20:14.811883,Minor Detected
2025-04-12 11:20:14.878843,Minor Detected
2025-04-12 11:20:14.956357,Minor Detected
2025-04-12 13:22:32.411630,Minor Detected
2025-04-12 13:22:32.505205,Minor Detected
2025-04-12 13:22:32.587913,Minor Detected
2025-04-12 13:22:32.635495,Minor Detected
2025-04-12 13:22:32.705387,Minor Detected
2025-04-12 13:22:32.771754,Minor Detected
2025-04-12 13:22:32.838658,Minor Detected
2025-04-12 13:22:32.907184,Minor Detected
2025-04-12 13:22:32.984775,Minor Detected
2025-04-12 13:22:33.044944,Minor Detected
2025-04-12 13:22:33.112135,Minor Detected
2025-04-12 13:22:33.171530,Minor Detected
2025-04-12 13:22:33.237249,Minor Detected
2025-04-12 13:22:33.317437,Minor Detected
2025-04-12 13:22:33.380148,Minor Detected
2025-04-12 13:22:33.445592,Minor Detected
2025-04-12 13:22:33.517326,Minor Detected
2025-04-12 13:22:33.582450,Minor Detected
2025-04-12 13:22:33.648121,Minor Detected
2025-04-12 13:22:33.716042,Minor Detected
2025-04-12 13:22:33.848538,Minor Detected
2025-04-12 13:22:33.918708,Minor Detected
2025-04-12 13:22:33.977525,Minor Detected
2025-04-12 13:22:34.043165,Minor Detected
2025-04-12 13:22:38.816098,Minor Detected
2025-04-12 13:22:39.138802,Minor Detected
2025-04-12 13:22:39.372113,Minor Detected
2025-04-12 13:22:39.858245,Minor Detected
2025-04-12 13:22:40.059903,Minor Detected
2025-04-12 13:22:40.726233,Minor Detected
2025-04-12 13:22:41.794184,Minor Detected
2025-04-12 13:22:43.194315,Minor Detected
2025-04-12 13:22:44.559964,Minor Detected
2025-04-12 13:22:45.449304,Minor Detected
2025-04-12 13:22:49.023360,Minor Detected
2025-04-12 13:22:49.783470,Minor Detected
2025-04-12 13:22:49.847594,Minor Detected
2025-04-12 13:22:49.996002,Minor Detected
2025-04-12 13:22:50.061566,Minor Detected
2025-04-12 13:22:50.137040,Minor Detected
2025-04-12 13:22:50.212828,Minor Detected
2025-04-12 13:22:50.284192,Minor Detected
2025-04-12 13:22:50.359170,Minor Detected
2025-04-12 13:22:50.412675,Minor Detected
2025-04-12 13:22:50.521836,Minor Detected
2025-04-12 13:22:50.589474,Minor Detected
2025-04-12 13:22:50.715765,Minor Detected
2025-04-12 13:22:50.787199,Minor Detected
2025-04-12 13:22:50.849239,Minor Detected
2025-04-12 13:22:50.919922,Minor Detected
2025-04-12 13:22:50.986074,Minor Detected
2025-04-12 13:22:51.048795,Minor Detected
2025-04-12 13:22:51.186247,Minor Detected
2025-04-12 13:22:51.704147,Minor Detected
2025-04-12 13:22:51.782306,Minor Detected
2025-04-12 13:22:51.836443,Minor Detected
2025-04-12 13:22:51.904191,Minor Detected
2025-04-12 13:22:51.977182,Minor Detected
2025-04-12 13:22:52.238846,Minor Detected
2025-04-12 13:22:52.507774,Minor Detected
2025-04-12 13:22:52.639809,Minor Detected
2025-04-12 13:22:52.706351,Minor Detected
2025-04-12 13:22:52.840738,Minor Detected
2025-04-12 13:22:52.906330,Minor Detected
2025-04-12 13:22:52.976627,Minor Detected
2025-04-12 13:22:53.272207,Minor Detected
2025-04-12 13:22:53.350099,Minor Detected
2025-04-12 13:22:53.416214,Minor Detected
2025-04-12 13:22:53.481534,Minor Detected
2025-04-12 13:22:53.550255,Minor Detected
2025-04-12 13:22:54.318741,Minor Detected
2025-04-12 13:22:54.790850,Minor Detected
2025-04-12 13:22:54.916736,Minor Detected
2025-04-12 13:22:54.987885,Minor Detected
2025-04-12 13:22:57.914950,Minor Detected
2025-04-12 13:22:58.039658,Minor Detected
2025-04-12 13:36:05.049529,Minor Detected
2025-04-12 13:36:05.150782,Minor Detected
2025-04-12 13:36:05.220606,Minor Detected
2025-04-12 13:36:05.291365,Minor Detected
2025-04-12 13:36:05.364311,Minor Detected
2025-04-12 13:36:05.432709,Minor Detected
2025-04-12 13:36:05.504018,Minor Detected
2025-04-12 13:36:05.574104,Minor Detected
2025-04-12 13:36:06.072539,Minor Detected
2025-04-12 13:36:06.144456,Minor Detected
2025-04-12 13:36:06.782950,Minor Detected
2025-04-12 13:36:08.049744,Minor Detected
2025-04-12 13:36:08.122466,Minor Detected
2025-04-12 13:36:08.764245,Minor Detected
2025-04-12 13:36:08.828016,Minor Detected
2025-04-12 13:36:09.249377,Minor Detected
2025-04-12 13:36:09.392640,Minor Detected
2025-04-12 13:36:13.709462,Minor Detected
2025-04-12 13:36:13.780273,Minor Detected
2025-04-12 13:36:13.992984,Minor Detected
2025-04-12 13:36:14.057184,Minor Detected
2025-04-12 13:36:14.131653,Minor Detected
2025-04-12 13:36:14.199982,Minor Detected
2025-04-12 13:36:14.270518,Minor Detected
2025-04-12 13:36:14.341661,Minor Detected
2025-04-12 13:36:14.417023,Minor Detected
2025-04-12 13:36:14.481720,Minor Detected
2025-04-12 13:36:14.555666,Minor Detected
2025-04-12 13:36:14.624509,Minor Detected
2025-04-12 13:36:14.696772,Minor Detected
2025-04-12 13:36:14.765237,Minor Detected
2025-04-12 13:36:14.840903,Minor Detected
2025-04-12 13:36:14.906812,Minor Detected
2025-04-12 13:36:14.981158,Minor Detected
2025-04-12 13:36:15.049252,Minor Detected
2025-04-12 13:36:15.117708,Minor Detected
2025-04-12 13:36:15.192667,Minor Detected
2025-04-12 13:36:15.264798,Minor Detected
2025-04-12 13:36:15.330856,Minor Detected
2025-04-12 13:36:15.401375,Minor Detected
2025-04-12 13:36:15.476652,Minor Detected
2025-04-12 13:36:15.616594,Minor Detected
2025-04-12 13:36:15.827462,Minor Detected
2025-04-12 13:36:15.900107,Minor Detected
2025-04-12 13:36:15.967018,Minor Detected
2025-04-12 13:36:16.041275,Minor Detected
2025-04-12 13:36:16.112411,Minor Detected
2025-04-12 13:36:16.179390,Minor Detected
2025-04-12 13:36:16.249858,Minor Detected
2025-04-12 13:36:16.325327,Minor Detected
2025-04-12 13:36:16.391536,Minor Detected
2025-04-12 13:36:16.462801,Minor Detected
2025-04-12 13:36:16.534925,Minor Detected
2025-04-12 13:36:16.606599,Minor Detected
2025-04-12 13:36:16.673658,Minor Detected
2025-04-12 13:36:16.747768,Minor Detected
2025-04-12 13:36:16.816727,Minor Detected
2025-04-12 13:36:16.885262,Minor Detected
2025-04-12 13:36:16.960484,Minor Detected
2025-04-12 13:36:17.032022,Minor Detected
2025-04-12 13:36:17.095501,Minor Detected
2025-04-12 13:36:17.236780,Minor Detected
2025-04-12 13:36:17.383841,Minor Detected
2025-04-12 13:36:17.451678,Minor Detected
2025-04-12 13:36:17.528687,Minor Detected
2025-04-12 13:36:17.595450,Minor Detected
2025-04-12 13:36:17.665908,Minor Detected
2025-04-12 13:36:17.733776,Minor Detected
2025-04-12 13:36:17.809030,Minor Detected
2025-04-12 13:36:17.876449,Minor Detected
2025-04-12 13:36:18.936885,Minor Detected
2025-04-12 13:36:19.005296,Minor Detected
2025-04-12 13:36:19.083103,Minor Detected
2025-04-12 13:36:19.502684,Minor Detected
2025-04-12 13:36:19.718360,Minor Detected
2025-04-12 13:36:19.928017,Minor Detected
2025-04-12 13:36:20.066979,Minor Detected
2025-04-12 13:36:20.141158,Minor Detected
2025-04-12 13:36:20.209037,Minor Detected
2025-04-12 13:36:22.012396,Minor Detected
2025-04-12 13:36:22.363943,Minor Detected
2025-04-12 13:36:22.435200,Minor Detected
2025-04-12 13:36:22.509414,Minor Detected
2025-04-12 13:36:22.652234,Minor Detected
2025-04-12 13:36:22.809044,Minor Detected
2025-04-12 13:36:22.891425,Minor Detected
2025-04-12 13:36:22.968762,Minor Detected
2025-04-12 13:36:23.034256,Minor Detected
2025-04-12 13:36:23.264858,Minor Detected
2025-04-12 13:36:23.377881,Minor Detected
2025-04-12 13:36:23.464850,Minor Detected
2025-04-12 13:36:23.534907,Minor Detected
2025-04-12 13:36:23.607891,Minor Detected
2025-04-12 13:36:23.672060,Minor Detected
2025-04-12 13:36:23.745107,Minor Detected
2025-04-12 13:36:23.826906,Minor Detected
2025-04-12 13:36:23.892983,Minor Detected
2025-04-12 13:36:23.965944,Minor Detected
2025-04-12 13:36:24.022856,Minor Detected
2025-04-12 13:36:24.100544,Minor Detected
2025-04-12 13:36:24.169648,Minor Detected
2025-04-12 13:36:24.239260,Minor Detected
2025-04-12 13:36:24.315608,Minor Detected
2025-04-12 13:36:24.381917,Minor Detected
2025-04-12 13:36:24.451147,Minor Detected
2025-04-12 13:36:24.525258,Minor Detected
2025-04-12 13:36:24.595061,Minor Detected
2025-04-12 13:36:24.663774,Minor Detected
2025-04-12 13:36:24.732667,Minor Detected
2025-04-12 13:36:24.808632,Minor Detected
2025-04-12 13:36:24.874453,Minor Detected
2025-04-12 13:36:24.948021,Minor Detected
2025-04-12 13:36:25.016361,Minor Detected
2025-04-12 13:36:25.089903,Minor Detected
2025-04-12 13:36:25.159726,Minor Detected
2025-04-12 13:36:25.231701,Minor Detected
2025-04-12 13:36:25.301209,Minor Detected
2025-04-12 13:36:25.369274,Minor Detected
2025-04-12 13:36:25.445398,Minor Detected
2025-04-12 13:36:25.512769,Minor Detected
2025-04-12 13:36:25.583537,Minor Detected
2025-04-12 13:36:25.652304,Minor Detected
2025-04-12 13:36:25.726377,Minor Detected
2025-04-12 13:36:25.793706,Minor Detected
2025-04-12 13:36:25.866025,Minor Detected
2025-04-12 13:36:25.935907,Minor Detected
2025-04-12 13:36:26.006579,Minor Detected
2025-04-12 13:36:26.081036,Minor Detected
2025-04-12 13:36:26.147041,Minor Detected
2025-04-12 13:36:26.216721,Minor Detected
2025-04-12 13:36:26.296037,Minor Detected
2025-04-12 13:36:26.358647,Minor Detected
2025-04-12 13:36:26.430515,Minor Detected
2025-04-12 13:36:26.501224,Minor Detected
2025-04-12 13:36:26.572054,Minor Detected
2025-04-12 13:36:26.645973,Minor Detected
2025-04-12 13:36:26.715166,Minor Detected
2025-04-12 13:36:26.782656,Minor Detected
2025-04-12 13:36:26.856957,Minor Detected
2025-04-12 13:36:26.927111,Minor Detected
2025-04-12 13:36:26.997786,Minor Detected
2025-04-12 13:36:27.068363,Minor Detected
2025-04-12 13:36:27.136521,Minor Detected
2025-04-12 13:36:27.206720,Minor Detected
2025-04-12 13:36:27.281559,Minor Detected
2025-04-12 13:36:27.346947,Minor Detected
2025-04-12 13:36:27.419690,Minor Detected
2025-04-12 13:36:27.494616,Minor Detected
2025-04-12 13:36:27.561524,Minor Detected
2025-04-12 13:36:27.633293,Minor Detected
2025-04-12 13:36:27.706173,Minor Detected
2025-04-12 13:36:27.773795,Minor Detected
2025-04-12 13:36:27.846893,Minor Detected
2025-04-12 13:36:27.915176,Minor Detected
2025-04-12 13:36:27.984484,Minor Detected
2025-04-12 13:36:28.059057,Minor Detected
2025-04-12 13:36:28.129409,Minor Detected
2025-04-12 13:36:28.199136,Minor Detected
2025-04-12 13:36:28.268651,Minor Detected
2025-04-12 13:36:28.342651,Minor Detected
2025-04-12 13:36:28.406229,Minor Detected
2025-04-12 13:36:28.480504,Minor Detected
2025-04-12 13:36:28.551199,Minor Detected
2025-04-12 13:36:28.625300,Minor Detected
2025-04-12 13:36:28.694557,Minor Detected
2025-04-12 13:36:28.762403,Minor Detected
2025-04-12 13:36:28.833936,Minor Detected
2025-04-12 13:36:28.903330,Minor Detected
2025-04-12 13:36:28.978150,Minor Detected
2025-04-12 13:36:29.049125,Minor Detected
2025-04-12 13:36:29.114013,Minor Detected
2025-04-12 13:36:29.190760,Minor Detected
2025-04-12 13:36:29.260129,Minor Detected
2025-04-12 13:36:29.328184,Minor Detected
2025-04-12 13:36:29.400566,Minor Detected
2025-04-12 13:36:29.469286,Minor Detected
2025-04-12 13:36:29.543605,Minor Detected
2025-04-12 13:36:29.613526,Minor Detected
2025-04-12 13:36:29.683964,Minor Detected
2025-04-12 13:36:29.751962,Minor Detected
2025-04-12 13:36:29.824038,Minor Detected
2025-04-12 13:36:29.899287,Minor Detected
2025-04-12 13:36:29.963806,Minor Detected
2025-04-12 13:36:30.034103,Minor Detected
2025-04-12 13:36:30.108483,Minor Detected
2025-04-12 13:36:30.179371,Minor Detected
2025-04-12 13:36:30.248206,Minor Detected
2025-04-12 13:36:30.319932,Minor Detected
2025-04-12 13:36:30.391875,Minor Detected
2025-04-12 13:36:30.470042,Minor Detected
2025-04-12 13:36:30.539002,Minor Detected
2025-04-12 13:36:30.608250,Minor Detected
2025-04-12 13:36:30.670862,Minor Detected
2025-04-12 13:36:30.747579,Minor Detected
2025-04-12 13:36:30.812553,Minor Detected
2025-04-12 13:36:30.881554,Minor Detected
2025-04-12 13:36:30.962536,Minor Detected
2025-04-12 13:36:31.020762,Minor Detected
2025-04-12 13:36:31.097613,Minor Detected
2025-04-12 13:36:31.166610,Minor Detected
2025-04-12 13:36:31.236990,Minor Detected
2025-04-12 13:36:31.310709,Minor Detected
2025-04-12 13:36:31.380304,Minor Detected
2025-04-12 13:36:31.449894,Minor Detected
2025-04-12 13:36:31.518645,Minor Detected
2025-04-12 13:36:31.598710,Minor Detected
2025-04-12 13:36:31.658975,Minor Detected
2025-04-12 13:36:31.734142,Minor Detected
2025-04-12 13:36:31.801889,Minor Detected
2025-04-12 13:36:31.874588,Minor Detected
2025-04-12 13:36:31.947132,Minor Detected
2025-04-12 13:36:32.017649,Minor Detected
2025-04-12 13:36:32.083016,Minor Detected
2025-04-12 13:36:32.162828,Minor Detected
2025-04-12 13:36:32.227899,Minor Detected
2025-04-12 13:36:32.299104,Minor Detected
2025-04-12 13:36:32.366025,Minor Detected
2025-04-12 13:36:32.444044,Minor Detected
2025-04-12 13:36:32.509508,Minor Detected
2025-04-12 13:36:32.580614,Minor Detected
2025-04-12 13:36:32.654466,Minor Detected
2025-04-12 13:36:32.718935,Minor Detected
2025-04-12 13:36:32.797712,Minor Detected
2025-04-12 13:36:32.865075,Minor Detected
2025-04-12 13:36:32.931973,Minor Detected
2025-04-12 13:36:33.004025,Minor Detected
2025-04-12 13:36:33.073109,Minor Detected
2025-04-12 13:36:33.149096,Minor Detected
2025-04-12 13:36:33.216006,Minor Detected
2025-04-12 13:36:33.287282,Minor Detected
2025-04-12 13:36:33.357354,Minor Detected
2025-04-12 13:36:33.425780,Minor Detected
2025-04-12 13:36:33.502350,Minor Detected
2025-04-12 13:36:33.569113,Minor Detected
2025-04-12 13:36:33.643029,Minor Detected
2025-04-12 13:36:33.711490,Minor Detected
2025-04-12 13:36:33.783272,Minor Detected
2025-04-12 13:36:33.851260,Minor Detected
2025-04-12 13:36:33.931096,Minor Detected
2025-04-12 13:36:33.992636,Minor Detected
2025-04-12 13:36:34.067415,Minor Detected
2025-04-12 13:36:34.135598,Minor Detected
2025-04-12 13:36:34.208912,Minor Detected
2025-04-12 13:36:34.278721,Minor Detected
2025-04-12 13:36:34.350018,Minor Detected
2025-04-12 13:36:34.426839,Minor Detected
2025-04-12 13:36:34.496645,Minor Detected
2025-04-12 13:36:34.559013,Minor Detected
2025-04-12 13:36:34.629985,Minor Detected
2025-04-12 13:36:34.708028,Minor Detected
2025-04-12 13:36:34.768892,Minor Detected
2025-04-12 13:36:34.860521,Minor Detected
2025-04-12 13:36:34.964215,Minor Detected
2025-04-12 13:36:35.057785,Minor Detected
2025-04-12 13:36:35.139036,Minor Detected
2025-04-12 13:36:35.195150,Minor Detected
2025-04-12 13:36:35.266419,Minor Detected
2025-04-12 13:36:35.338212,Minor Detected
2025-04-12 13:36:35.411764,Minor Detected
2025-04-12 13:36:35.479664,Minor Detected
2025-04-12 13:36:35.560166,Minor Detected
2025-04-12 13:36:35.628881,Minor Detected
2025-04-12 13:36:35.766820,Minor Detected
2025-04-12 13:36:35.979934,Minor Detected
2025-04-12 13:36:36.044117,Minor Detected
2025-04-12 13:36:36.117815,Minor Detected
2025-04-12 13:36:36.185516,Minor Detected
2025-04-12 13:36:36.260299,Minor Detected
2025-04-12 13:36:36.326250,Minor Detected
2025-04-12 13:36:36.397943,Minor Detected
2025-04-12 13:36:36.549521,Minor Detected
2025-04-12 13:36:36.617906,Minor Detected
2025-04-12 13:36:36.690875,Minor Detected
2025-04-12 13:36:36.749258,Minor Detected
2025-04-12 13:36:36.826288,Minor Detected
2025-04-12 13:36:36.896823,Minor Detected
2025-04-12 13:36:36.963904,Minor Detected
2025-04-12 13:36:37.035802,Minor Detected
2025-04-12 13:36:37.107454,Minor Detected
2025-04-12 13:36:37.187110,Minor Detected
2025-04-12 13:36:37.287025,Minor Detected
2025-04-12 13:36:37.350438,Minor Detected
2025-04-12 13:36:37.422423,Minor Detected
2025-04-12 13:36:37.483617,Minor Detected
2025-04-12 13:36:37.646062,Minor Detected
2025-04-12 13:36:37.714607,Minor Detected
2025-04-12 13:36:37.782476,Minor Detected
2025-04-12 13:36:37.857758,Minor Detected
2025-04-12 13:36:37.914021,Minor Detected
2025-04-12 13:36:37.996578,Minor Detected
2025-04-12 13:36:38.055745,Minor Detected
2025-04-12 13:36:38.131832,Minor Detected
2025-04-12 13:36:38.199700,Minor Detected
2025-04-12 13:36:38.272596,Minor Detected
2025-04-12 13:36:38.694478,Minor Detected
2025-04-12 13:36:39.196197,Minor Detected
2025-04-12 13:36:39.765688,Minor Detected
2025-04-12 13:36:41.466784,Minor Detected
2025-04-12 13:36:42.709236,Minor Detected
2025-04-12 13:36:42.820792,Minor Detected
2025-04-12 13:36:42.923148,Minor Detected
2025-04-12 13:36:43.441388,Minor Detected
2025-04-12 13:36:43.512579,Minor Detected
2025-04-12 13:36:43.582988,Minor Detected
2025-04-12 13:36:44.688964,Minor Detected
2025-04-12 13:36:46.365908,Minor Detected
2025-04-12 13:36:46.435611,Minor Detected
2025-04-12 13:36:46.652074,Minor Detected
2025-04-12 13:36:46.716556,Minor Detected
2025-04-12 13:36:46.925295,Minor Detected
2025-04-12 13:36:46.988188,Minor Detected
2025-04-12 13:36:47.070697,Minor Detected
2025-04-12 13:36:47.770904,Minor Detected
2025-04-12 13:36:47.841497,Minor Detected
2025-04-12 13:36:47.918666,Minor Detected
2025-04-12 13:36:47.984007,Minor Detected
2025-04-12 13:36:48.053300,Minor Detected
2025-04-12 13:36:48.121336,Minor Detected
2025-04-12 13:36:48.201157,Minor Detected
2025-04-12 13:36:48.268477,Minor Detected
2025-04-12 13:36:48.337206,Minor Detected
2025-04-12 13:36:48.400493,Minor Detected
2025-04-12 13:36:48.473126,Minor Detected
2025-04-12 13:36:48.552874,Minor Detected
2025-04-12 13:36:48.614724,Minor Detected
2025-04-12 13:36:48.978153,Minor Detected
2025-04-12 13:36:49.041840,Minor Detected
2025-04-12 13:36:49.116951,Minor Detected
2025-04-12 13:36:50.395095,Minor Detected
2025-04-12 13:36:50.467280,Minor Detected
2025-04-12 13:36:50.535037,Minor Detected
2025-04-12 13:36:50.611558,Minor Detected
2025-04-12 13:36:50.677537,Minor Detected
2025-04-12 13:36:50.747648,Minor Detected
2025-04-12 13:36:50.817907,Minor Detected
2025-04-12 13:36:52.721883,Minor Detected
2025-04-12 13:36:52.790046,Minor Detected
2025-04-12 13:36:52.854930,Minor Detected
2025-04-12 13:36:53.006037,Minor Detected
2025-04-12 13:36:54.987659,Minor Detected
2025-04-12 13:36:55.268877,Minor Detected
2025-04-12 13:36:55.976159,Minor Detected
2025-04-12 13:36:56.038903,Minor Detected
2025-04-12 13:36:56.115658,Minor Detected
2025-04-12 13:36:56.189137,Minor Detected
2025-04-12 13:36:56.247604,Minor Detected
2025-04-12 13:36:56.319891,Minor Detected
2025-04-12 13:36:56.401280,Minor Detected
2025-04-12 13:36:56.471715,Minor Detected
2025-04-12 13:36:56.530287,Minor Detected
2025-04-12 13:36:56.685250,Minor Detected
2025-04-12 13:36:56.751449,Minor Detected
2025-04-12 13:36:56.821882,Minor Detected
2025-04-12 13:36:56.886998,Minor Detected
2025-04-12 13:36:56.964392,Minor Detected
2025-04-12 13:36:57.036129,Minor Detected
2025-04-12 13:36:57.104634,Minor Detected
2025-04-12 13:36:57.169536,Minor Detected
2025-04-12 13:36:57.246208,Minor Detected
2025-04-12 13:36:57.319634,Minor Detected
2025-04-12 13:36:57.388654,Minor Detected
2025-04-12 13:36:57.456069,Minor Detected
2025-04-12 13:36:57.521040,Minor Detected
2025-04-12 13:36:57.595936,Minor Detected
2025-04-12 13:36:57.662099,Minor Detected
2025-04-12 13:36:57.738416,Minor Detected
2025-04-12 13:36:57.814093,Minor Detected
2025-04-12 13:36:57.885523,Minor Detected
2025-04-12 13:36:57.955788,Minor Detected
2025-04-12 13:36:58.019871,Minor Detected
2025-04-12 13:36:58.088936,Minor Detected
2025-04-12 13:36:58.169417,Minor Detected
2025-04-12 13:36:58.237869,Minor Detected
2025-04-12 13:36:58.305850,Minor Detected
2025-04-12 13:36:58.370520,Minor Detected
2025-04-12 13:36:58.450442,Minor Detected
2025-04-12 13:36:58.521692,Minor Detected
2025-04-12 13:36:58.598267,Minor Detected
2025-04-12 13:36:58.651575,Minor Detected
2025-04-12 13:36:58.730167,Minor Detected
2025-04-12 13:36:58.801970,Minor Detected
2025-04-12 13:36:58.869765,Minor Detected
2025-04-12 13:36:58.937777,Minor Detected
2025-04-12 13:36:59.013283,Minor Detected
2025-04-12 13:36:59.077129,Minor Detected
2025-04-12 13:36:59.156410,Minor Detected
2025-04-12 13:36:59.224298,Minor Detected
2025-04-12 13:36:59.286634,Minor Detected
2025-04-12 13:36:59.369301,Minor Detected
2025-04-12 13:36:59.438015,Minor Detected
2025-04-12 13:36:59.502621,Minor Detected
2025-04-12 13:36:59.572434,Minor Detected
2025-04-12 13:37:00.786256,Minor Detected
2025-04-12 13:37:00.850182,Minor Detected
2025-04-12 13:37:00.917996,Minor Detected
2025-04-12 13:37:00.986492,Minor Detected
2025-04-12 13:37:01.064672,Minor Detected
2025-04-12 13:37:02.337373,Minor Detected
2025-04-12 13:37:02.401663,Minor Detected
2025-04-12 13:37:02.468950,Minor Detected
2025-04-12 13:37:02.549853,Minor Detected
2025-04-12 13:37:02.621973,Minor Detected
2025-04-12 13:37:02.686832,Minor Detected
2025-04-12 13:37:03.904229,Minor Detected
2025-04-12 13:39:53.506303,Minor Detected
2025-04-12 13:39:53.568603,Minor Detected
2025-04-12 13:39:53.641826,Minor Detected
2025-04-12 13:39:53.713389,Minor Detected
2025-04-12 13:39:53.788362,Minor Detected
2025-04-12 13:39:53.924833,Minor Detected
2025-04-12 13:39:54.139874,Minor Detected
2025-04-12 13:39:54.194727,Minor Detected
2025-04-12 13:39:54.269219,Minor Detected
2025-04-12 13:39:54.357787,Minor Detected
2025-04-12 13:39:54.416666,Minor Detected
2025-04-12 13:39:54.492849,Minor Detected
2025-04-12 13:39:54.561383,Minor Detected
2025-04-12 13:39:54.618494,Minor Detected
2025-04-12 13:39:54.696591,Minor Detected
2025-04-12 13:39:54.761117,Minor Detected
2025-04-12 13:39:54.837015,Minor Detected
2025-04-12 13:39:57.309034,Minor Detected
2025-04-12 13:39:57.527496,Minor Detected
2025-04-12 13:39:57.595956,Minor Detected
2025-04-12 13:39:57.666295,Minor Detected
2025-04-12 13:39:57.729036,Minor Detected
2025-04-12 13:39:57.810383,Minor Detected
2025-04-12 13:39:57.950849,Minor Detected
2025-04-12 13:39:58.012187,Minor Detected
2025-04-12 13:39:58.090593,Minor Detected
2025-04-12 13:39:58.583859,Minor Detected
2025-04-12 13:39:58.874689,Minor Detected
2025-04-12 13:39:58.943624,Minor Detected
2025-04-12 13:39:59.017569,Minor Detected
2025-04-12 13:39:59.088904,Minor Detected
2025-04-12 13:39:59.145731,Minor Detected
2025-04-12 13:40:01.415246,Minor Detected
2025-04-12 13:40:01.486053,Minor Detected
2025-04-12 13:40:01.548088,Minor Detected
2025-04-12 13:40:01.625528,Minor Detected
2025-04-12 13:40:01.699395,Minor Detected
2025-04-12 13:40:02.405073,Minor Detected
2025-04-12 13:40:02.472363,Minor Detected
2025-04-12 13:40:02.543031,Minor Detected
2025-04-12 13:40:02.611563,Minor Detected
2025-04-12 13:40:02.677828,Minor Detected
2025-04-12 13:40:02.828324,Minor Detected
2025-04-12 13:40:03.110985,Minor Detected
2025-04-12 13:40:03.183491,Minor Detected
2025-04-12 13:40:03.245092,Minor Detected
2025-04-12 13:40:03.318476,Minor Detected
2025-04-12 13:40:03.397579,Minor Detected
2025-04-12 13:40:03.455141,Minor Detected
2025-04-12 13:40:03.530878,Minor Detected
2025-04-12 13:40:03.603375,Minor Detected
2025-04-12 13:40:05.299191,Minor Detected
2025-04-12 13:40:05.371033,Minor Detected
2025-04-12 13:40:05.516623,Minor Detected
2025-04-12 13:40:06.152357,Minor Detected
2025-04-12 13:40:06.217108,Minor Detected
2025-04-12 13:40:06.363553,Minor Detected
2025-04-12 13:40:06.431378,Minor Detected
2025-04-12 13:40:06.496163,Minor Detected
2025-04-12 13:40:06.576092,Minor Detected
2025-04-12 13:40:09.804817,Minor Detected
2025-04-12 13:40:11.209235,Minor Detected
2025-04-12 13:40:11.277615,Minor Detected
2025-04-12 13:40:11.632974,Minor Detected
2025-04-12 13:40:11.706155,Minor Detected
2025-04-12 13:40:11.774120,Minor Detected
2025-04-12 13:40:11.841341,Minor Detected
2025-04-12 13:40:11.923024,Minor Detected
2025-04-12 13:40:11.988665,Minor Detected
2025-04-12 13:40:13.262894,Minor Detected
2025-04-12 13:40:13.330180,Minor Detected
2025-04-12 13:40:13.402920,Minor Detected
2025-04-12 13:40:16.229253,Minor Detected
2025-04-12 13:40:16.509869,Minor Detected
2025-04-12 13:40:16.584457,Minor Detected
2025-04-12 13:40:16.655135,Minor Detected
2025-04-12 13:40:16.795079,Minor Detected
2025-04-12 13:40:16.941586,Minor Detected
2025-04-12 13:40:17.005334,Minor Detected
2025-04-12 13:40:17.226294,Minor Detected
2025-04-12 13:40:17.273514,Minor Detected
2025-04-12 13:40:17.359125,Minor Detected
2025-04-12 13:40:17.430011,Minor Detected
2025-04-12 13:40:17.503933,Minor Detected
2025-04-12 13:40:17.577358,Minor Detected
2025-04-12 13:40:17.639756,Minor Detected
2025-04-12 13:40:17.712335,Minor Detected
2025-04-12 13:40:17.784562,Minor Detected
2025-04-12 13:40:17.854168,Minor Detected
2025-04-12 13:40:17.925435,Minor Detected
2025-04-12 13:40:18.843763,Minor Detected
2025-04-12 13:40:19.046731,Minor Detected
2025-04-12 13:40:19.689303,Minor Detected
2025-04-12 13:40:23.304498,Minor Detected
2025-04-12 13:40:23.377447,Minor Detected
2025-04-12 13:40:25.281846,Minor Detected
2025-04-12 13:40:25.348350,Minor Detected
2025-04-12 13:40:25.489828,Minor Detected
2025-04-12 13:40:25.638704,Minor Detected
2025-04-12 13:40:26.911090,Minor Detected
2025-04-12 13:40:27.827003,Minor Detected
2025-04-12 13:40:27.974507,Minor Detected
2025-04-12 13:40:30.221899,Minor Detected
2025-04-12 13:40:31.495771,Minor Detected
2025-04-12 13:40:31.564835,Minor Detected
2025-04-12 13:40:31.835917,Minor Detected
2025-04-12 13:40:31.911481,Minor Detected
2025-04-12 13:40:36.807715,Minor Detected
2025-04-12 13:40:37.441094,Minor Detected
2025-04-12 13:40:37.494983,Minor Detected
2025-04-12 13:40:37.645972,Minor Detected
2025-04-12 13:40:37.780058,Minor Detected
2025-04-12 13:40:37.862232,Minor Detected
2025-04-12 13:40:37.929033,Minor Detected
2025-04-12 13:40:38.008163,Minor Detected
2025-04-12 13:40:38.072500,Minor Detected
2025-04-12 13:40:38.141944,Minor Detected
2025-04-12 13:40:38.210655,Minor Detected
2025-04-12 13:40:38.293239,Minor Detected
2025-04-12 13:40:38.354146,Minor Detected
2025-04-12 13:40:38.425996,Minor Detected
2025-04-12 13:40:38.499111,Minor Detected
2025-04-12 13:40:38.570450,Minor Detected
2025-04-12 13:40:38.640270,Minor Detected
2025-04-12 13:40:38.708041,Minor Detected
2025-04-12 13:40:38.781579,Minor Detected
2025-04-12 13:40:38.851037,Minor Detected
2025-04-12 13:40:38.924132,Minor Detected
2025-04-12 13:40:38.990616,Minor Detected
2025-04-12 13:40:39.062337,Minor Detected
2025-04-12 13:40:39.135115,Minor Detected
2025-04-12 13:40:39.209800,Minor Detected
2025-04-12 13:40:39.273299,Minor Detected
2025-04-12 13:40:39.343700,Minor Detected
2025-04-12 13:40:39.493421,Minor Detected
2025-04-12 13:40:39.639523,Minor Detected
2025-04-12 13:40:39.683084,Minor Detected
2025-04-12 13:40:39.774870,Minor Detected
2025-04-12 13:40:39.911009,Minor Detected
2025-04-12 13:40:39.983985,Minor Detected
2025-04-12 13:40:40.045394,Minor Detected
2025-04-12 13:40:40.111449,Minor Detected
2025-04-12 13:40:40.183863,Minor Detected
2025-04-12 13:40:40.286724,Minor Detected
2025-04-12 13:40:40.366423,Minor Detected
2025-04-12 13:40:40.434766,Minor Detected
2025-04-12 13:40:41.579409,Minor Detected
2025-04-12 13:40:41.640533,Minor Detected
2025-04-12 13:40:45.179179,Minor Detected
2025-04-12 13:40:45.247620,Minor Detected
2025-04-12 13:40:45.392530,Minor Detected
2025-04-12 13:40:45.458327,Minor Detected
2025-04-12 13:40:46.178855,Minor Detected
2025-04-12 13:40:46.238131,Minor Detected
2025-04-12 13:40:46.310882,Minor Detected
2025-04-12 13:40:46.380849,Minor Detected
2025-04-12 13:40:46.458373,Minor Detected
2025-04-12 13:40:46.529549,Minor Detected
2025-04-12 13:40:46.590157,Minor Detected
2025-04-12 13:40:48.216181,Minor Detected
2025-04-12 13:40:48.290434,Minor Detected
2025-04-12 13:40:48.361135,Minor Detected
2025-04-12 13:40:48.508387,Minor Detected
2025-04-12 13:40:48.571632,Minor Detected
2025-04-12 13:40:48.793176,Minor Detected
2025-04-12 13:40:48.853110,Minor Detected
2025-04-12 13:40:50.272237,Minor Detected
2025-04-12 13:40:50.551008,Minor Detected
2025-04-12 13:40:50.623369,Minor Detected
2025-04-12 13:40:50.693719,Minor Detected
2025-04-12 13:40:50.833745,Minor Detected
2025-04-12 13:40:50.910698,Minor Detected
2025-04-12 13:40:50.974550,Minor Detected
2025-04-12 13:40:51.047616,Minor Detected
2025-04-12 13:40:51.119824,Minor Detected
2025-04-12 13:40:51.544722,Minor Detected
2025-04-12 13:40:51.611374,Minor Detected
2025-04-12 13:40:52.877414,Minor Detected
2025-04-12 13:40:52.949104,Minor Detected
2025-04-12 13:40:53.027877,Minor Detected
2025-04-12 13:40:53.094996,Minor Detected
2025-04-12 13:40:59.813635,Minor Detected
2025-04-12 13:41:00.028897,Minor Detected
2025-04-12 13:41:00.660811,Minor Detected
2025-04-12 13:41:02.778246,Minor Detected
2025-04-12 13:41:02.838545,Minor Detected
2025-04-12 13:41:02.914655,Minor Detected
2025-04-12 13:41:02.983611,Minor Detected
2025-04-12 13:41:03.269615,Minor Detected
2025-04-12 13:41:03.339482,Minor Detected
2025-04-12 13:41:03.417528,Minor Detected
2025-04-12 13:41:03.627320,Minor Detected
2025-04-12 13:41:03.688756,Minor Detected
2025-04-12 13:41:03.763621,Minor Detected
2025-04-12 13:41:03.830644,Minor Detected
2025-04-12 13:41:03.895794,Minor Detected
2025-04-12 13:41:06.808549,Minor Detected
2025-04-12 13:41:10.344894,Minor Detected
2025-04-12 13:41:10.418153,Minor Detected
2025-04-12 13:41:14.593690,Minor Detected
2025-04-12 13:41:14.666999,Minor Detected
2025-04-12 13:41:14.726354,Minor Detected
2025-04-12 13:41:14.947736,Minor Detected
2025-04-12 13:41:15.006222,Minor Detected
2025-04-12 13:41:15.082328,Minor Detected
2025-04-12 13:41:15.155346,Minor Detected
2025-04-12 13:41:15.221377,Minor Detected
2025-04-12 13:41:15.293422,Minor Detected
2025-04-12 13:41:15.365286,Minor Detected
2025-04-12 13:41:15.433752,Minor Detected
2025-04-12 13:41:15.576930,Minor Detected
2025-04-12 13:41:15.647892,Minor Detected
2025-04-12 13:41:15.718600,Minor Detected
2025-04-12 13:41:18.260556,Minor Detected
2025-04-12 13:41:18.320355,Minor Detected
2025-04-12 13:41:18.396470,Minor Detected
2025-04-12 13:41:18.462977,Minor Detected
2025-04-12 13:41:18.531624,Minor Detected
2025-04-12 13:41:19.594673,Minor Detected
2025-04-12 13:41:19.668252,Minor Detected
2025-04-12 13:41:19.738738,Minor Detected
2025-04-12 13:41:20.461434,Minor Detected
2025-04-12 13:41:20.599953,Minor Detected
2025-04-12 13:41:20.664176,Minor Detected
2025-04-12 13:41:20.736585,Minor Detected
2025-04-12 13:41:20.810262,Minor Detected
2025-04-12 13:41:21.026694,Minor Detected
2025-04-12 13:41:21.088281,Minor Detected
2025-04-12 13:41:21.243023,Minor Detected
2025-04-12 13:41:21.343244,Minor Detected
2025-04-12 13:41:21.406747,Minor Detected
2025-04-12 13:41:21.693208,Minor Detected
2025-04-12 13:41:21.746973,Minor Detected
2025-04-12 13:41:21.838173,Minor Detected
2025-04-12 13:41:21.897542,Minor Detected
2025-04-12 13:41:21.974997,Minor Detected
2025-04-12 13:41:22.042061,Minor Detected
2025-04-12 13:41:22.116782,Minor Detected
2025-04-12 13:41:22.188244,Minor Detected
2025-04-12 13:41:22.256249,Minor Detected
2025-04-12 13:41:22.325408,Minor Detected
2025-04-12 13:41:22.398527,Minor Detected
2025-04-12 13:41:22.471295,Minor Detected
2025-04-12 13:41:22.539706,Minor Detected
2025-04-12 13:41:22.607939,Minor Detected
2025-04-12 13:41:22.758669,Minor Detected
2025-04-12 13:41:22.897291,Minor Detected
2025-04-12 13:41:22.959621,Minor Detected
2025-04-12 13:41:23.037154,Minor Detected
2025-04-12 13:41:23.104717,Minor Detected
2025-04-12 13:41:23.176411,Minor Detected
2025-04-12 13:41:23.247696,Minor Detected
2025-04-12 13:41:23.314022,Minor Detected
2025-04-12 13:41:23.389014,Minor Detected
2025-04-12 13:41:23.457406,Minor Detected
2025-04-12 13:41:23.527143,Minor Detected
2025-04-12 13:41:23.604783,Minor Detected
2025-04-12 13:41:23.673183,Minor Detected
2025-04-12 13:41:23.817387,Minor Detected
2025-04-12 13:41:23.883382,Minor Detected
2025-04-12 13:41:23.959070,Minor Detected
2025-04-12 13:41:24.023917,Minor Detected
2025-04-12 13:41:24.092218,Minor Detected
2025-04-12 13:41:24.166230,Minor Detected
2025-04-12 13:41:24.228894,Minor Detected
2025-04-12 13:41:24.304638,Minor Detected
2025-04-12 13:41:24.375383,Minor Detected
2025-04-12 13:41:24.452067,Minor Detected
2025-04-12 13:41:24.518278,Minor Detected
2025-04-12 13:41:24.590058,Minor Detected
2025-04-12 13:41:24.658369,Minor Detected
2025-04-12 13:41:24.727560,Minor Detected
2025-04-12 13:41:24.804578,Minor Detected
2025-04-12 13:41:24.872718,Minor Detected
2025-04-12 13:41:24.941255,Minor Detected
2025-04-12 13:41:25.009635,Minor Detected
2025-04-12 13:41:25.092875,Minor Detected
2025-04-12 13:41:25.152100,Minor Detected
2025-04-12 13:41:25.235732,Minor Detected
2025-04-12 13:41:25.327541,Minor Detected
2025-04-12 13:41:25.405626,Minor Detected
2025-04-12 13:41:25.478408,Minor Detected
2025-04-12 13:41:25.539326,Minor Detected
2025-04-12 13:41:25.613478,Minor Detected
2025-04-12 13:41:25.688571,Minor Detected
2025-04-12 13:41:25.750651,Minor Detected
2025-04-12 13:41:25.824809,Minor Detected
2025-04-12 13:41:25.895591,Minor Detected
2025-04-12 13:41:25.969253,Minor Detected
2025-04-12 13:41:26.039429,Minor Detected
2025-04-12 13:41:26.109889,Minor Detected
2025-04-12 13:41:26.381407,Minor Detected
2025-04-12 13:41:26.456530,Minor Detected
2025-04-12 13:41:26.527376,Minor Detected
2025-04-12 13:41:26.598844,Minor Detected
2025-04-12 13:41:26.662296,Minor Detected
2025-04-12 13:41:26.809718,Minor Detected
2025-04-12 13:41:27.444152,Minor Detected
2025-04-12 13:41:27.512558,Minor Detected
2025-04-12 13:41:27.579808,Minor Detected
2025-04-12 13:41:27.944241,Minor Detected
2025-04-12 13:41:28.012728,Minor Detected
2025-04-12 13:41:28.082267,Minor Detected
2025-04-12 13:41:28.242069,Minor Detected
2025-04-12 13:41:28.342950,Minor Detected
2025-04-12 13:41:28.404131,Minor Detected
2025-04-12 13:41:28.475558,Minor Detected
2025-04-12 13:41:28.680253,Minor Detected
2025-04-12 13:41:28.746423,Minor Detected
2025-04-12 13:41:28.829615,Minor Detected
2025-04-12 13:41:28.890590,Minor Detected
2025-04-12 13:41:28.963832,Minor Detected
2025-04-12 13:41:29.029282,Minor Detected
2025-04-12 13:41:29.110508,Minor Detected
2025-04-12 13:41:29.180040,Minor Detected
2025-04-12 13:41:29.243682,Minor Detected
2025-04-12 13:41:29.312392,Minor Detected
2025-04-12 13:41:29.394047,Minor Detected
2025-04-12 13:41:29.455024,Minor Detected
2025-04-12 13:41:31.943743,Minor Detected
2025-04-12 13:41:32.010704,Minor Detected
2025-04-12 13:41:32.085219,Minor Detected
2025-04-12 13:41:32.645259,Minor Detected
2025-04-12 13:41:32.713079,Minor Detected
2025-04-12 13:41:32.778951,Minor Detected
2025-04-12 13:41:32.850688,Minor Detected
2025-04-12 13:41:32.927834,Minor Detected
2025-04-12 13:41:32.992384,Minor Detected
2025-04-12 13:41:33.280912,Minor Detected
2025-04-12 13:41:33.980446,Minor Detected
2025-04-12 13:41:34.835664,Minor Detected
2025-04-12 13:41:34.979585,Minor Detected
2025-04-12 13:41:35.042015,Minor Detected
2025-04-12 13:41:35.111531,Minor Detected
2025-04-12 13:41:35.466047,Minor Detected
2025-04-12 13:41:35.544116,Minor Detected
2025-04-12 13:41:35.607171,Minor Detected
2025-04-12 13:41:35.678033,Minor Detected
2025-04-12 13:41:35.744044,Minor Detected
2025-04-12 13:41:35.824941,Minor Detected
2025-04-12 13:41:36.177566,Minor Detected
2025-04-12 13:41:36.312396,Minor Detected
2025-04-12 13:41:36.388618,Minor Detected
2025-04-12 13:41:42.723497,Minor Detected
2025-04-12 13:41:43.507140,Minor Detected
2025-04-12 13:41:43.568216,Minor Detected
2025-04-12 13:41:45.338574,Minor Detected
2025-04-12 13:41:46.327895,Minor Detected
2025-04-12 13:41:50.700654,Minor Detected
2025-04-12 13:41:50.775280,Minor Detected
2025-04-12 13:41:50.844488,Minor Detected
2025-04-12 13:41:50.912747,Minor Detected
2025-04-12 13:41:50.979191,Minor Detected
2025-04-12 13:41:51.265704,Minor Detected
2025-04-12 13:41:51.546543,Minor Detected
2025-04-12 13:41:51.626054,Minor Detected
2025-04-12 13:41:51.694696,Minor Detected
2025-04-12 13:41:51.761653,Minor Detected
2025-04-12 13:41:51.826688,Minor Detected
2025-04-12 13:41:51.896724,Minor Detected
2025-04-12 13:41:51.977617,Minor Detected
2025-04-12 13:41:52.044866,Minor Detected
2025-04-12 13:41:52.111723,Minor Detected
2025-04-12 13:41:52.187372,Minor Detected
2025-04-12 13:41:52.258099,Minor Detected
2025-04-12 13:41:52.328646,Minor Detected
2025-04-12 13:41:52.754777,Minor Detected
2025-04-12 13:41:52.826199,Minor Detected
2025-04-12 13:42:01.403590,Minor Detected
2025-04-12 13:42:01.500002,Minor Detected
2025-04-12 13:42:01.569314,Minor Detected
2025-04-12 13:42:01.982501,Minor Detected
2025-04-12 13:42:02.078702,Minor Detected
2025-04-12 13:42:02.182239,Minor Detected
2025-04-12 13:42:02.286774,Minor Detected
2025-04-12 13:42:04.881152,Minor Detected
2025-04-12 13:42:04.950569,Minor Detected
2025-04-12 13:42:05.024533,Minor Detected
2025-04-12 13:42:05.098010,Minor Detected
2025-04-12 13:42:05.167454,Minor Detected
2025-04-12 13:42:05.238176,Minor Detected
2025-04-12 13:42:05.306127,Minor Detected
2025-04-12 13:42:05.376298,Minor Detected
2025-04-12 13:42:05.453210,Minor Detected
2025-04-12 13:42:05.518225,Minor Detected
2025-04-12 13:42:05.591177,Minor Detected
2025-04-12 13:42:05.658847,Minor Detected
2025-04-12 13:42:05.738226,Minor Detected
2025-04-12 16:54:20.163550,Minor Detected
2025-04-12 16:54:21.029736,Minor Detected
2025-04-12 16:54:22.357933,Minor Detected
2025-04-12 16:54:23.701197,Minor Detected
2025-04-12 16:54:23.778559,Minor Detected
2025-04-12 16:54:25.468771,Minor Detected
2025-04-12 16:54:26.637490,Minor Detected
2025-04-12 16:54:26.710011,Minor Detected
2025-04-12 16:54:26.783515,Minor Detected
2025-04-12 16:54:28.693487,Minor Detected
2025-04-12 16:54:28.755875,Minor Detected
2025-04-12 16:54:28.973554,Minor Detected
2025-04-12 16:54:29.180637,Minor Detected
2025-04-12 16:54:29.252293,Minor Detected
2025-04-12 16:54:29.332421,Minor Detected
2025-04-12 16:54:29.390187,Minor Detected
2025-04-12 16:54:29.467546,Minor Detected
2025-04-12 16:54:29.960930,Minor Detected
2025-04-12 16:54:33.212293,Minor Detected
2025-04-12 16:54:33.284421,Minor Detected
2025-04-12 16:54:33.777085,Minor Detected
2025-04-12 16:54:33.850722,Minor Detected
2025-04-12 16:54:34.981583,Minor Detected
2025-04-12 16:54:35.050047,Minor Detected
2025-04-12 16:54:35.119766,Minor Detected
2025-04-12 16:54:35.194146,Minor Detected
2025-04-12 16:54:35.335361,Minor Detected
2025-04-12 16:54:35.764840,Minor Detected
2025-04-12 16:54:36.258251,Minor Detected
2025-04-12 16:54:36.400007,Minor Detected
2025-04-12 16:54:37.802749,Minor Detected
2025-04-12 16:54:37.884007,Minor Detected
2025-04-12 16:54:38.166107,Minor Detected
2025-04-12 16:54:38.305745,Minor Detected
2025-04-12 16:54:39.011328,Minor Detected
2025-04-12 16:54:39.366928,Minor Detected
2025-04-12 16:54:40.984174,Minor Detected
2025-04-12 16:54:41.202613,Minor Detected
2025-04-12 16:54:41.268932,Minor Detected
2025-04-12 16:54:41.694756,Minor Detected
2025-04-12 16:54:41.768383,Minor Detected
2025-04-12 16:54:41.833728,Minor Detected
2025-04-12 16:54:41.910954,Minor Detected
2025-04-12 16:54:41.977689,Minor Detected
2025-04-12 16:54:42.048824,Minor Detected
2025-04-12 16:54:42.116159,Minor Detected
2025-04-12 16:54:42.198984,Minor Detected
2025-04-12 16:54:42.257765,Minor Detected
2025-04-12 16:54:42.334523,Minor Detected
2025-04-12 16:54:42.400845,Minor Detected
2025-04-12 16:54:42.474154,Minor Detected
2025-04-12 16:54:42.542890,Minor Detected
2025-04-12 16:54:42.613663,Minor Detected
2025-04-12 16:54:42.683757,Minor Detected
2025-04-12 16:54:42.756028,Minor Detected
2025-04-12 16:54:42.825342,Minor Detected
2025-04-12 16:54:42.899948,Minor Detected
2025-04-12 16:54:42.966608,Minor Detected
2025-04-12 16:54:43.034343,Minor Detected
2025-04-12 16:54:43.658498,Minor Detected
2025-04-12 16:54:44.602806,Minor Detected
2025-04-12 16:54:46.869125,Minor Detected
2025-04-12 16:54:46.980301,Minor Detected
2025-04-12 16:54:47.078284,Minor Detected
2025-04-12 16:54:47.148113,Minor Detected
2025-04-12 16:54:47.216285,Minor Detected
2025-04-12 16:54:47.289325,Minor Detected
2025-04-12 16:54:47.361336,Minor Detected
2025-04-12 16:54:47.428493,Minor Detected
2025-04-12 16:54:47.574156,Minor Detected
2025-04-12 16:54:47.641102,Minor Detected
2025-04-12 16:54:47.713037,Minor Detected
2025-04-12 16:54:47.784776,Minor Detected
2025-04-12 16:54:47.852878,Minor Detected
2025-04-12 16:54:47.914052,Minor Detected
2025-04-12 16:54:47.986379,Minor Detected
2025-04-12 16:54:48.056585,Minor Detected
2025-04-12 16:54:48.131303,Minor Detected
2025-04-12 16:54:48.198353,Minor Detected
2025-04-12 16:54:48.270345,Minor Detected
2025-04-12 16:54:48.342647,Minor Detected
2025-04-12 16:54:48.404625,Minor Detected
2025-04-12 16:54:48.483166,Minor Detected
2025-04-12 16:54:48.550892,Minor Detected
2025-04-12 16:54:48.624046,Minor Detected
2025-04-12 16:54:48.695774,Minor Detected
2025-04-12 16:54:49.481725,Minor Detected
2025-04-12 16:54:49.617312,Minor Detected
2025-04-12 16:54:49.841612,Minor Detected
2025-04-12 16:54:50.438779,Minor Detected
2025-04-12 16:54:50.719098,Minor Detected
2025-04-12 16:54:50.788837,Minor Detected
2025-04-12 16:54:50.847416,Minor Detected
2025-04-12 16:54:50.919436,Minor Detected
2025-04-12 16:54:52.422896,Minor Detected
2025-04-12 16:54:52.527575,Minor Detected
2025-04-12 16:54:52.847663,Minor Detected
2025-04-12 16:54:54.074740,Minor Detected
2025-04-12 16:54:55.262980,Minor Detected
2025-04-12 16:54:55.566768,Minor Detected
2025-04-12 16:54:57.396939,Minor Detected
2025-04-12 16:54:57.468817,Minor Detected
2025-04-12 16:54:57.707534,Minor Detected
2025-04-12 16:54:57.785001,Minor Detected
2025-04-12 16:54:57.919004,Minor Detected
2025-04-12 16:54:57.995131,Minor Detected
2025-04-12 16:54:58.056577,Minor Detected
2025-04-12 16:54:58.134402,Minor Detected
2025-04-12 16:54:58.203555,Minor Detected
2025-04-12 16:54:58.275532,Minor Detected
2025-04-12 16:54:58.345151,Minor Detected
2025-04-12 16:54:58.412974,Minor Detected
2025-04-12 16:54:58.483996,Minor Detected
2025-04-12 16:54:58.555144,Minor Detected
2025-04-12 16:54:58.631274,Minor Detected
2025-04-12 16:54:58.766657,Minor Detected
2025-04-12 16:55:00.536130,Minor Detected
2025-04-12 16:55:00.614438,Minor Detected
2025-04-12 16:55:00.683682,Minor Detected
2025-04-12 16:55:00.815454,Minor Detected
2025-04-12 16:55:00.887653,Minor Detected
2025-04-12 16:55:00.965431,Minor Detected
2025-04-12 16:55:01.028806,Minor Detected
2025-04-12 16:55:01.099109,Minor Detected
2025-04-12 16:55:01.169701,Minor Detected
2025-04-12 16:55:01.254362,Minor Detected
2025-04-12 16:55:02.445923,Minor Detected
2025-04-12 16:55:02.514605,Minor Detected
2025-04-12 16:55:02.656510,Minor Detected
2025-04-12 16:55:02.715304,Minor Detected
2025-04-12 16:55:02.789614,Minor Detected
2025-04-12 16:55:02.856595,Minor Detected
2025-04-12 16:55:03.066124,Minor Detected
2025-04-12 16:55:03.864865,Minor Detected
2025-04-12 16:55:03.930269,Minor Detected
2025-04-12 16:55:04.000509,Minor Detected
2025-04-12 16:55:04.068384,Minor Detected
2025-04-12 16:55:04.277370,Minor Detected
2025-04-12 16:55:04.351705,Minor Detected
2025-04-12 16:55:04.500543,Minor Detected
2025-04-12 16:55:04.564239,Minor Detected
2025-04-12 16:55:04.637893,Minor Detected
2025-04-12 16:55:04.702040,Minor Detected
2025-04-12 16:55:04.775741,Minor Detected
2025-04-12 16:55:04.847825,Minor Detected
2025-04-12 16:55:05.267634,Minor Detected
2025-04-12 16:55:09.481696,Minor Detected
2025-04-12 16:55:09.546633,Minor Detected
2025-04-12 16:55:09.618913,Minor Detected
2025-04-12 16:55:09.828048,Minor Detected
2025-04-12 16:55:10.097608,Minor Detected
2025-04-12 16:55:10.663906,Minor Detected
2025-04-12 16:55:10.761095,Minor Detected
2025-04-12 16:55:10.899342,Minor Detected
2025-04-12 16:55:10.968958,Minor Detected
2025-04-12 16:55:11.042105,Minor Detected
2025-04-12 16:55:11.111672,Minor Detected
2025-04-12 16:55:11.250172,Minor Detected
2025-04-12 16:55:11.331774,Minor Detected
2025-04-12 16:55:12.111859,Minor Detected
2025-04-12 16:55:12.350634,Minor Detected
2025-04-12 16:55:12.702227,Minor Detected
2025-04-12 16:55:12.760392,Minor Detected
2025-04-12 16:55:12.835445,Minor Detected
2025-04-12 16:55:14.753784,Minor Detected
2025-04-12 18:12:28.814488,Minor Detected
2025-04-12 18:12:28.913448,Minor Detected
2025-04-12 18:12:29.008547,Minor Detected
2025-04-12 18:12:29.089774,Minor Detected
2025-04-12 18:12:29.194748,Minor Detected
2025-04-12 18:12:29.264392,Minor Detected
2025-04-12 18:12:30.071777,Minor Detected
2025-04-12 18:12:30.135875,Minor Detected
2025-04-12 18:12:30.211845,Minor Detected
2025-04-12 18:12:30.282776,Minor Detected
2025-04-12 18:12:30.350501,Minor Detected
2025-04-12 18:12:30.420432,Minor Detected
2025-04-12 18:12:30.635930,Minor Detected
2025-04-12 18:12:30.703248,Minor Detected
2025-04-12 18:12:30.776849,Minor Detected
2025-04-12 18:12:30.849231,Minor Detected
2025-04-12 18:12:30.919821,Minor Detected
2025-04-12 18:12:30.986788,Minor Detected
2025-04-12 18:12:31.060235,Minor Detected
2025-04-12 18:12:31.134820,Minor Detected
2025-04-12 18:12:31.198975,Minor Detected
2025-04-12 18:12:31.269806,Minor Detected
2025-04-12 18:12:31.343799,Minor Detected
2025-04-12 18:12:31.411857,Minor Detected
2025-04-12 18:12:31.482793,Minor Detected
2025-04-12 18:12:31.553667,Minor Detected
2025-04-12 18:12:31.621951,Minor Detected
2025-04-12 18:12:31.699789,Minor Detected
2025-04-12 18:12:31.764995,Minor Detected
2025-04-12 18:12:33.258977,Minor Detected
2025-04-12 18:12:33.327773,Minor Detected
2025-04-12 18:12:33.400813,Minor Detected
2025-04-12 18:12:33.470766,Minor Detected
2025-04-12 18:12:33.542360,Minor Detected
2025-04-12 18:12:33.611925,Minor Detected
2025-04-12 18:12:33.686004,Minor Detected
2025-04-12 18:12:33.751921,Minor Detected
2025-04-12 18:12:33.822912,Minor Detected
2025-04-12 18:12:33.884220,Minor Detected
2025-04-12 18:12:33.961163,Minor Detected
2025-04-12 18:12:34.026664,Minor Detected
2025-04-12 18:12:34.101550,Minor Detected
2025-04-12 18:12:34.169144,Minor Detected
2025-04-12 18:12:34.223863,Minor Detected
2025-04-12 18:12:34.319517,Minor Detected
2025-04-12 18:12:34.378705,Minor Detected
2025-04-12 18:12:34.439597,Minor Detected
2025-04-12 18:12:34.578710,Minor Detected
2025-04-12 18:12:34.827905,Minor Detected
2025-04-12 18:12:34.975639,Minor Detected
2025-04-12 18:12:35.042037,Minor Detected
2025-04-12 18:12:35.106659,Minor Detected
2025-04-12 18:12:35.192304,Minor Detected
2025-04-12 18:12:35.546657,Minor Detected
2025-04-12 18:12:35.622145,Minor Detected
2025-04-12 18:12:40.288519,Minor Detected
2025-04-12 18:12:45.061406,Minor Detected
2025-04-12 18:12:45.125690,Minor Detected
2025-04-12 18:12:45.198636,Minor Detected
2025-04-12 18:12:46.384196,Minor Detected
2025-04-12 18:12:46.467544,Minor Detected
2025-04-12 18:12:46.539752,Minor Detected
2025-04-12 18:12:46.617481,Minor Detected
2025-04-12 18:12:46.679210,Minor Detected
2025-04-12 18:12:46.752128,Minor Detected
2025-04-12 18:12:46.821311,Minor Detected
2025-04-12 18:12:46.901822,Minor Detected
2025-04-12 18:12:46.964277,Minor Detected
2025-04-12 18:12:47.034927,Minor Detected
2025-04-12 18:12:47.114832,Minor Detected
2025-04-12 18:12:47.173139,Minor Detected
2025-04-12 18:12:47.250000,Minor Detected
2025-04-12 18:12:47.317128,Minor Detected
2025-04-12 18:12:47.398294,Minor Detected
2025-04-12 18:12:47.478386,Minor Detected
2025-04-12 18:12:47.579192,Minor Detected
2025-04-12 18:12:47.688345,Minor Detected
2025-04-12 18:12:47.794263,Minor Detected
2025-04-12 18:12:47.893717,Minor Detected
2025-04-12 18:12:47.961203,Minor Detected
2025-04-12 18:12:48.020981,Minor Detected
2025-04-12 18:12:48.101950,Minor Detected
2025-04-12 18:12:48.166685,Minor Detected
2025-04-12 18:12:48.236417,Minor Detected
2025-04-12 18:12:48.309386,Minor Detected
2025-04-12 18:12:48.381031,Minor Detected
2025-04-12 18:12:48.450280,Minor Detected
2025-04-12 18:12:48.519027,Minor Detected
2025-04-12 18:12:48.592621,Minor Detected
2025-04-12 18:12:48.800003,Minor Detected
2025-04-12 18:12:48.880489,Minor Detected
2025-04-12 18:12:48.951603,Minor Detected
2025-04-12 18:12:49.022237,Minor Detected
2025-04-12 18:12:49.105231,Minor Detected
2025-04-12 18:12:49.211182,Minor Detected
2025-04-12 18:12:49.300743,Minor Detected
2025-04-12 18:12:49.368090,Minor Detected
2025-04-12 18:12:49.437340,Minor Detected
2025-04-12 18:12:49.512605,Minor Detected
2025-04-12 18:12:49.581244,Minor Detected
2025-04-12 18:12:49.651866,Minor Detected
2025-04-12 18:12:49.724327,Minor Detected
2025-04-12 18:12:49.791305,Minor Detected
2025-04-12 18:12:49.864645,Minor Detected
2025-04-12 18:12:49.933918,Minor Detected
2025-04-12 18:12:50.085521,Minor Detected
2025-04-12 18:12:50.430340,Minor Detected
2025-04-12 18:12:50.500614,Minor Detected
2025-04-12 18:12:50.580320,Minor Detected
2025-04-12 18:12:50.648558,Minor Detected
2025-04-12 18:12:50.718123,Minor Detected
2025-04-12 18:12:50.781433,Minor Detected
2025-04-12 18:12:50.854382,Minor Detected
2025-04-12 18:12:50.920885,Minor Detected
2025-04-12 18:12:50.999325,Minor Detected
2025-04-12 18:12:51.063035,Minor Detected
2025-04-12 18:12:51.137294,Minor Detected
2025-04-12 18:12:51.207489,Minor Detected
2025-04-12 18:12:51.280822,Minor Detected
2025-04-12 18:12:51.347472,Minor Detected
2025-04-12 18:12:51.419799,Minor Detected
2025-04-12 18:12:51.487271,Minor Detected
2025-04-12 18:12:51.562806,Minor Detected
2025-04-12 18:12:51.631895,Minor Detected
2025-04-12 18:12:52.052690,Minor Detected
2025-04-12 18:12:52.121925,Minor Detected
2025-04-12 18:12:52.265424,Minor Detected
2025-04-12 18:12:52.335943,Minor Detected
2025-04-12 18:12:52.410569,Minor Detected
2025-04-12 18:12:52.477951,Minor Detected
2025-04-12 18:12:52.619493,Minor Detected
2025-04-12 18:12:52.692408,Minor Detected
2025-04-12 18:12:52.763180,Minor Detected
2025-04-12 18:12:52.835136,Minor Detected
2025-04-12 18:12:52.977519,Minor Detected
2025-04-12 18:12:53.042715,Minor Detected
2025-04-12 18:12:53.117711,Minor Detected
2025-04-12 18:12:53.184177,Minor Detected
2025-04-12 18:12:53.256081,Minor Detected
2025-04-12 18:12:53.331795,Minor Detected
2025-04-12 18:12:53.398323,Minor Detected
2025-04-12 18:12:53.817786,Minor Detected
2025-04-12 18:12:53.900381,Minor Detected
2025-04-12 18:12:54.245524,Minor Detected
2025-04-12 18:12:54.385565,Minor Detected
2025-04-12 18:12:54.458424,Minor Detected
2025-04-12 18:12:54.530199,Minor Detected
2025-04-12 18:12:54.599068,Minor Detected
2025-04-12 18:12:54.669104,Minor Detected
2025-04-12 18:12:54.738371,Minor Detected
2025-04-12 18:12:54.818585,Minor Detected
2025-04-12 18:12:54.881016,Minor Detected
2025-04-12 18:12:55.238803,Minor Detected
2025-04-12 18:12:55.304149,Minor Detected
2025-04-12 18:12:55.869125,Minor Detected
2025-04-12 18:12:55.947826,Minor Detected
2025-04-12 18:12:56.010430,Minor Detected
2025-04-12 18:12:56.082882,Minor Detected
2025-04-12 18:12:56.153931,Minor Detected
2025-04-12 18:12:56.225146,Minor Detected
2025-04-12 18:12:57.214235,Minor Detected
2025-04-12 18:12:57.285094,Minor Detected
2025-04-12 18:12:57.355647,Minor Detected
2025-04-12 18:12:57.432287,Minor Detected
2025-04-12 18:12:57.496339,Minor Detected
2025-04-12 18:12:57.568679,Minor Detected
2025-04-12 18:12:57.638965,Minor Detected
2025-04-12 18:12:58.345237,Minor Detected
2025-04-12 18:12:58.416708,Minor Detected
2025-04-12 18:12:58.487798,Minor Detected
2025-04-12 18:12:58.557847,Minor Detected
2025-04-12 18:12:58.631767,Minor Detected
2025-04-12 18:12:58.698703,Minor Detected
2025-04-12 18:12:58.769666,Minor Detected
2025-04-12 18:12:58.843334,Minor Detected
2025-04-12 18:12:58.910319,Minor Detected
2025-04-12 18:12:58.983708,Minor Detected
2025-04-12 18:12:59.062745,Minor Detected
2025-04-12 18:12:59.120521,Minor Detected
2025-04-12 18:12:59.211767,Minor Detected
2025-04-12 18:12:59.309525,Minor Detected
2025-04-12 18:12:59.381124,Minor Detected
2025-04-12 18:12:59.449734,Minor Detected
2025-04-12 18:13:03.428922,Minor Detected
2025-04-12 18:13:03.528922,Minor Detected
2025-04-12 18:13:03.693677,Minor Detected
2025-04-12 18:13:03.761691,Minor Detected
2025-04-12 18:13:03.833611,Minor Detected
2025-04-12 18:13:03.903302,Minor Detected
2025-04-12 18:13:03.975677,Minor Detected
2025-04-12 18:13:04.046057,Minor Detected
2025-04-12 18:13:04.114909,Minor Detected
2025-04-12 18:13:04.184749,Minor Detected
2025-04-12 18:13:04.247349,Minor Detected
2025-04-12 18:13:04.318573,Minor Detected
2025-04-12 18:13:04.389915,Minor Detected
2025-04-12 18:13:04.466834,Minor Detected
2025-04-12 18:13:04.530640,Minor Detected
2025-04-12 18:13:04.742191,Minor Detected
2025-04-12 18:13:04.815991,Minor Detected
2025-04-12 18:13:04.888220,Minor Detected
2025-04-12 18:13:04.953303,Minor Detected
2025-04-12 18:13:05.030813,Minor Detected
2025-04-12 18:13:05.101130,Minor Detected
2025-04-12 18:13:05.164404,Minor Detected
2025-04-12 18:13:05.237163,Minor Detected
2025-04-12 18:13:05.312732,Minor Detected
2025-04-12 18:13:05.381917,Minor Detected
2025-04-12 18:13:05.450252,Minor Detected
2025-04-12 18:13:05.520047,Minor Detected
2025-04-12 18:13:05.595910,Minor Detected
2025-04-12 18:13:05.663625,Minor Detected
2025-04-12 18:13:05.734909,Minor Detected
2025-04-12 18:13:05.802557,Minor Detected
2025-04-12 18:13:05.876837,Minor Detected
2025-04-12 18:13:05.948654,Minor Detected
2025-04-12 18:13:06.017704,Minor Detected
2025-04-12 18:13:06.084538,Minor Detected
2025-04-12 18:13:06.224899,Minor Detected
2025-04-12 18:13:06.299378,Minor Detected
2025-04-12 18:13:06.371951,Minor Detected
2025-04-12 18:13:06.442186,Minor Detected
2025-04-12 18:13:06.512643,Minor Detected
2025-04-12 18:13:06.584344,Minor Detected
2025-04-12 18:13:06.651870,Minor Detected
2025-04-12 18:13:06.720472,Minor Detected
2025-04-12 18:13:06.795434,Minor Detected
2025-04-12 18:13:06.864536,Minor Detected
2025-04-12 18:13:06.934495,Minor Detected
2025-04-12 18:13:07.008832,Minor Detected
2025-04-12 18:13:07.151579,Minor Detected
2025-04-12 18:13:07.219909,Minor Detected
2025-04-12 18:13:07.287544,Minor Detected
2025-04-12 18:13:07.359270,Minor Detected
2025-04-12 18:13:07.436774,Minor Detected
2025-04-12 18:13:07.500117,Minor Detected
2025-04-12 18:13:07.568952,Minor Detected
2025-04-12 18:13:07.853341,Minor Detected
2025-04-12 18:13:07.928954,Minor Detected
2025-04-12 18:13:07.998412,Minor Detected
2025-04-12 18:13:08.069268,Minor Detected
2025-04-12 18:13:08.277226,Minor Detected
2025-04-12 18:13:08.343684,Minor Detected
2025-04-12 18:13:08.416840,Minor Detected
2025-04-12 18:13:08.488726,Minor Detected
2025-04-12 18:13:08.628889,Minor Detected
2025-04-12 18:13:08.781162,Minor Detected
2025-04-12 18:13:08.839059,Minor Detected
2025-04-12 18:13:08.917011,Minor Detected
2025-04-12 18:13:08.984937,Minor Detected
2025-04-12 18:13:09.552581,Minor Detected
2025-04-12 18:13:09.620307,Minor Detected
2025-04-12 18:13:09.693822,Minor Detected
2025-04-12 18:13:09.765879,Minor Detected
2025-04-12 18:13:09.901506,Minor Detected
2025-04-12 18:13:09.981759,Minor Detected
2025-04-12 18:13:10.120213,Minor Detected
2025-04-12 18:13:10.187110,Minor Detected
2025-04-12 18:13:10.256547,Minor Detected
2025-04-12 18:13:10.331824,Minor Detected
2025-04-12 18:13:10.400072,Minor Detected
2025-04-12 18:13:10.468601,Minor Detected
2025-04-12 18:13:10.753882,Minor Detected
2025-04-12 18:13:10.826048,Minor Detected
2025-04-12 18:13:11.181578,Minor Detected
2025-04-12 18:13:11.247261,Minor Detected
2025-04-12 18:13:11.317179,Minor Detected
2025-04-12 18:13:11.384955,Minor Detected
2025-04-12 18:13:11.604319,Minor Detected
2025-04-12 18:13:11.670955,Minor Detected
2025-04-12 18:13:11.814946,Minor Detected
2025-04-12 18:13:11.886485,Minor Detected
2025-04-12 18:13:11.952963,Minor Detected
2025-04-12 18:13:12.025338,Minor Detected
2025-04-12 18:13:12.098496,Minor Detected
2025-04-12 18:13:12.166000,Minor Detected
2025-04-12 18:13:12.312381,Minor Detected
2025-04-12 18:13:12.452101,Minor Detected
2025-04-12 18:13:12.667904,Minor Detected
2025-04-12 18:13:12.731396,Minor Detected
2025-04-12 18:13:12.802549,Minor Detected
2025-04-12 18:13:12.872062,Minor Detected
2025-04-12 18:13:12.946544,Minor Detected
2025-04-12 18:13:13.017486,Minor Detected
2025-04-12 18:13:13.084386,Minor Detected
2025-04-12 18:13:13.157218,Minor Detected
2025-04-12 18:13:13.239628,Minor Detected
2025-04-12 18:13:13.294988,Minor Detected
2025-04-12 18:13:13.371028,Minor Detected
2025-04-12 18:13:13.436578,Minor Detected
2025-04-12 18:13:13.514174,Minor Detected
2025-04-12 18:13:13.582156,Minor Detected
2025-04-12 18:13:13.650607,Minor Detected
2025-04-12 18:13:13.718080,Minor Detected
2025-04-12 18:13:13.801660,Minor Detected
2025-04-12 18:13:13.858716,Minor Detected
2025-04-12 18:13:13.934022,Minor Detected
2025-04-12 18:13:14.003276,Minor Detected
2025-04-12 18:13:14.356906,Minor Detected
2025-04-12 18:13:14.433644,Minor Detected
2025-04-12 18:13:14.498708,Minor Detected
2025-04-12 18:13:14.569002,Minor Detected
2025-04-12 18:13:14.644230,Minor Detected
2025-04-12 18:13:14.711317,Minor Detected
2025-04-12 18:13:14.782879,Minor Detected
2025-04-12 18:13:14.854825,Minor Detected
2025-04-12 18:13:14.921873,Minor Detected
2025-04-12 18:13:14.998600,Minor Detected
2025-04-12 18:13:15.063217,Minor Detected
2025-04-12 18:13:15.130941,Minor Detected
2025-04-12 18:13:15.210906,Minor Detected
2025-04-12 18:13:15.352872,Minor Detected
2025-04-12 18:13:15.415732,Minor Detected
2025-04-12 18:13:15.490630,Minor Detected
2025-04-12 18:13:15.562965,Minor Detected
2025-04-12 18:13:15.632763,Minor Detected
2025-04-12 18:13:15.702788,Minor Detected
2025-04-12 18:13:15.776177,Minor Detected
2025-04-12 18:13:15.920781,Minor Detected
2025-04-12 18:13:15.982057,Minor Detected
2025-04-12 18:13:16.051703,Minor Detected
2025-04-12 18:13:16.131524,Minor Detected
2025-04-12 18:13:16.192682,Minor Detected
2025-04-12 18:13:16.764474,Minor Detected
2025-04-12 18:13:16.832222,Minor Detected
2025-04-12 18:13:16.901273,Minor Detected
2025-04-12 18:13:16.975360,Minor Detected
2025-04-12 18:13:17.046072,Minor Detected
2025-04-12 18:13:17.117866,Minor Detected
2025-04-12 18:13:17.185233,Minor Detected
2025-04-12 18:13:17.255101,Minor Detected
2025-04-12 18:13:17.330682,Minor Detected
2025-04-12 18:13:17.401126,Minor Detected
2025-04-12 18:13:19.641467,Minor Detected
2025-04-12 18:13:21.507525,Minor Detected
2025-04-12 18:13:21.576466,Minor Detected
2025-04-12 18:13:21.658507,Minor Detected
2025-04-12 18:13:22.104799,Minor Detected
2025-04-12 18:13:22.615181,Minor Detected
2025-04-12 18:13:22.721294,Minor Detected
2025-04-12 18:13:22.830694,Minor Detected
2025-04-12 18:13:22.944723,Minor Detected
2025-04-12 18:13:26.005847,Minor Detected
2025-04-12 18:13:27.552845,Minor Detected
2025-04-12 18:13:28.456884,Minor Detected
2025-04-12 18:13:28.604920,Minor Detected
2025-04-12 18:13:28.672076,Minor Detected
2025-04-12 18:13:28.749890,Minor Detected
2025-04-12 18:13:28.813508,Minor Detected
2025-04-12 18:13:28.885020,Minor Detected
2025-04-12 18:13:28.952540,Minor Detected
2025-04-12 18:13:29.599520,Minor Detected
2025-04-12 18:13:29.662918,Minor Detected
2025-04-12 18:13:29.736019,Minor Detected
2025-04-12 18:13:29.809308,Minor Detected
2025-04-12 18:13:29.871514,Minor Detected
2025-04-12 18:13:29.951107,Minor Detected
2025-04-12 18:13:30.015818,Minor Detected
2025-04-12 18:13:30.086632,Minor Detected
2025-04-12 18:13:30.153080,Minor Detected
2025-04-12 18:13:30.237784,Minor Detected
2025-04-12 18:13:30.295376,Minor Detected
2025-04-12 18:13:31.500537,Minor Detected
2025-04-12 18:13:31.570501,Minor Detected
2025-04-12 18:13:31.644921,Minor Detected
2025-04-12 18:13:31.715129,Minor Detected
2025-04-12 18:13:31.784459,Minor Detected
2025-04-12 18:13:31.851593,Minor Detected
2025-04-12 18:13:31.928647,Minor Detected
2025-04-12 18:13:31.995693,Minor Detected
2025-04-12 18:13:32.066514,Minor Detected
2025-04-12 18:13:32.136634,Minor Detected
2025-04-12 18:13:32.210391,Minor Detected
2025-04-12 18:13:32.496213,Minor Detected
2025-04-12 18:13:32.558913,Minor Detected
2025-04-12 18:13:32.633163,Minor Detected
2025-04-12 18:13:32.701350,Minor Detected
2025-04-12 18:13:32.850787,Minor Detected
2025-04-12 18:13:34.752192,Minor Detected
2025-04-12 18:13:34.824007,Minor Detected
2025-04-12 18:13:34.897638,Minor Detected
2025-04-12 18:13:34.965935,Minor Detected
2025-04-12 18:13:35.396589,Minor Detected
2025-04-12 18:13:35.455316,Minor Detected
2025-04-12 18:13:35.533933,Minor Detected
2025-04-12 18:13:35.600286,Minor Detected
2025-04-12 18:13:35.828991,Minor Detected
2025-04-12 18:13:35.935503,Minor Detected
2025-04-12 18:13:36.147510,Minor Detected
2025-04-12 18:13:36.248946,Minor Detected
2025-04-12 18:13:36.315506,Minor Detected
2025-04-12 18:13:36.812876,Minor Detected
2025-04-12 18:13:36.883870,Minor Detected
2025-04-12 18:13:36.951564,Minor Detected
2025-04-12 18:13:37.024293,Minor Detected
2025-04-12 18:13:37.093413,Minor Detected
2025-04-12 18:13:37.164687,Minor Detected
2025-04-12 18:13:37.235588,Minor Detected
2025-04-12 18:13:37.304054,Minor Detected
2025-04-12 18:13:37.377229,Minor Detected
2025-04-12 18:13:37.587409,Minor Detected
2025-04-12 18:13:37.979061,Minor Detected
2025-04-12 18:13:38.190891,Minor Detected
2025-04-12 18:13:38.260704,Minor Detected
2025-04-12 18:13:38.329903,Minor Detected
2025-04-12 18:13:38.403661,Minor Detected
2025-04-12 18:13:40.380719,Minor Detected
2025-04-12 18:13:41.219443,Minor Detected
2025-04-12 18:13:41.297880,Minor Detected
2025-04-12 18:13:41.353648,Minor Detected
2025-04-12 18:13:41.501784,Minor Detected
2025-04-12 18:13:41.567053,Minor Detected
2025-04-12 18:13:41.653228,Minor Detected
2025-04-12 18:13:41.713280,Minor Detected
2025-04-12 18:13:41.788230,Minor Detected
2025-04-12 18:13:41.860866,Minor Detected
2025-04-12 18:13:41.926934,Minor Detected
2025-04-12 18:13:42.001931,Minor Detected
2025-04-12 18:13:42.067192,Minor Detected
2025-04-12 18:13:42.143741,Minor Detected
2025-04-12 18:13:42.213005,Minor Detected
2025-04-12 18:13:44.393954,Minor Detected
2025-04-12 18:13:44.466280,Minor Detected
2025-04-12 18:13:44.539389,Minor Detected
2025-04-12 18:13:44.616652,Minor Detected
2025-04-12 18:13:44.822885,Minor Detected
2025-04-12 18:13:44.888383,Minor Detected
2025-04-12 18:13:44.955570,Minor Detected
2025-04-12 18:13:45.034636,Minor Detected
2025-04-12 18:13:45.105970,Minor Detected
2025-04-12 18:13:45.165031,Minor Detected
2025-04-12 18:13:46.877443,Minor Detected
2025-04-12 18:13:46.950246,Minor Detected
2025-04-12 18:13:47.017341,Minor Detected
2025-04-12 18:13:47.091105,Minor Detected
2025-04-12 18:13:47.161417,Minor Detected
2025-04-12 18:13:47.303755,Minor Detected
2025-04-12 18:13:47.652827,Minor Detected
2025-04-12 18:13:47.726940,Minor Detected
2025-04-12 18:13:47.802004,Minor Detected
2025-04-12 18:13:47.864824,Minor Detected
2025-04-12 18:13:47.926315,Minor Detected
2025-04-12 18:13:47.996354,Minor Detected
2025-04-12 18:13:48.072538,Minor Detected
2025-04-12 18:13:48.142115,Minor Detected
2025-04-12 18:13:48.205961,Minor Detected
2025-04-12 18:13:48.288555,Minor Detected
2025-04-12 18:13:48.356739,Minor Detected
2025-04-12 18:13:48.418391,Minor Detected
2025-04-12 18:13:48.570652,Minor Detected
2025-04-12 18:13:49.142328,Minor Detected
2025-04-12 18:13:49.211340,Minor Detected
2025-04-12 18:13:49.282302,Minor Detected
2025-04-12 18:13:49.351087,Minor Detected
2025-04-12 18:13:49.420931,Minor Detected
2025-04-12 18:13:49.495082,Minor Detected
2025-04-12 18:13:49.563041,Minor Detected
2025-04-12 18:13:50.136904,Minor Detected
2025-04-12 18:13:50.195684,Minor Detected
2025-04-12 18:13:50.270992,Minor Detected
2025-04-12 18:13:50.344323,Minor Detected
2025-04-12 18:13:50.397964,Minor Detected
2025-04-12 18:13:50.473478,Minor Detected
2025-04-12 18:13:50.539650,Minor Detected
2025-04-12 18:13:50.628224,Minor Detected
2025-04-12 18:13:50.697039,Minor Detected
2025-04-12 18:13:50.769492,Minor Detected
2025-04-12 18:13:50.834248,Minor Detected
2025-04-12 18:13:50.904982,Minor Detected
2025-04-12 18:13:50.976923,Minor Detected
2025-04-12 18:13:51.052401,Minor Detected
2025-04-12 18:13:51.104887,Minor Detected
2025-04-12 18:13:52.114093,Minor Detected
2025-04-12 18:13:52.181186,Minor Detected
2025-04-12 18:13:52.318123,Minor Detected
2025-04-12 18:13:52.397638,Minor Detected
2025-04-12 18:13:53.027285,Minor Detected
2025-04-12 18:13:53.099423,Minor Detected
2025-04-12 18:13:53.168106,Minor Detected
2025-04-12 18:13:53.241827,Minor Detected
2025-04-12 18:13:53.308841,Minor Detected
2025-04-12 18:13:53.379384,Minor Detected
2025-04-12 18:13:53.453536,Minor Detected
2025-04-12 18:13:53.519164,Minor Detected
2025-04-12 18:13:53.599132,Minor Detected
2025-04-12 18:13:53.663982,Minor Detected
2025-04-12 18:13:53.734755,Minor Detected
2025-04-12 18:13:53.801975,Minor Detected
2025-04-12 18:13:53.880768,Minor Detected
2025-04-12 18:13:53.945114,Minor Detected
2025-04-12 18:13:54.016584,Minor Detected
2025-04-12 18:13:55.427568,Minor Detected
2025-04-12 18:13:55.491511,Minor Detected
2025-04-12 18:13:55.560959,Minor Detected
2025-04-12 18:13:55.649895,Minor Detected
2025-04-12 18:13:55.709453,Minor Detected
2025-04-12 18:13:56.846680,Minor Detected
2025-04-12 18:13:57.202304,Minor Detected
2025-04-12 18:13:57.903918,Minor Detected
2025-04-12 18:13:58.048850,Minor Detected
2025-04-12 18:13:58.119858,Minor Detected
2025-04-12 18:13:58.380490,Minor Detected
2025-04-12 18:13:58.486668,Minor Detected
2025-04-12 18:13:58.591389,Minor Detected
2025-04-12 18:13:58.696469,Minor Detected
2025-04-12 18:13:58.753110,Minor Detected
2025-04-12 18:13:58.825775,Minor Detected
2025-04-12 18:13:58.909695,Minor Detected
2025-04-12 18:13:58.976719,Minor Detected
2025-04-12 18:13:59.042185,Minor Detected
2025-04-12 18:13:59.255743,Minor Detected
2025-04-12 18:13:59.400033,Minor Detected
2025-04-12 18:13:59.467109,Minor Detected
2025-04-12 18:13:59.539566,Minor Detected
2025-04-12 18:13:59.609872,Minor Detected
2025-04-12 18:13:59.678077,Minor Detected
2025-04-12 18:13:59.753094,Minor Detected
2025-04-12 18:13:59.828260,Minor Detected
2025-04-12 18:13:59.936244,Minor Detected
2025-04-12 18:14:00.037329,Minor Detected
2025-04-12 18:14:00.144498,Minor Detected
2025-04-12 18:14:00.253748,Minor Detected
2025-04-12 18:14:00.362160,Minor Detected
2025-04-12 18:14:00.464471,Minor Detected
2025-04-12 18:14:00.569971,Minor Detected
2025-04-12 18:14:00.680650,Minor Detected
2025-04-12 18:14:00.777796,Minor Detected
2025-04-12 18:14:00.847498,Minor Detected
2025-04-12 18:14:00.918687,Minor Detected
2025-04-12 18:14:00.987998,Minor Detected
2025-04-12 18:14:01.059393,Minor Detected
2025-04-12 18:14:01.129628,Minor Detected
2025-04-12 18:14:01.200279,Minor Detected
2025-04-12 18:14:01.270776,Minor Detected
2025-04-12 18:14:01.341743,Minor Detected
2025-04-12 18:14:01.411595,Minor Detected
2025-04-12 18:14:01.487047,Minor Detected
2025-04-12 18:14:01.598654,Minor Detected
2025-04-12 18:14:01.705438,Minor Detected
2025-04-12 18:14:01.812314,Minor Detected
2025-04-12 18:14:01.910802,Minor Detected
2025-04-12 18:14:02.028268,Minor Detected
2025-04-12 18:14:02.128551,Minor Detected
2025-04-12 18:14:02.233200,Minor Detected
2025-04-12 18:14:02.342725,Minor Detected
2025-04-12 18:14:02.447285,Minor Detected
2025-04-12 18:14:02.547643,Minor Detected
2025-04-12 18:14:02.660215,Minor Detected
2025-04-12 18:14:02.763554,Minor Detected
2025-04-12 18:14:02.865919,Minor Detected
2025-04-12 18:14:02.944808,Minor Detected
2025-04-12 18:14:03.067720,Minor Detected
2025-04-12 18:14:03.158105,Minor Detected
2025-04-12 18:14:03.261758,Minor Detected
2025-04-12 18:14:03.362646,Minor Detected
2025-04-12 18:14:03.427348,Minor Detected
2025-04-12 18:14:03.485711,Minor Detected
2025-04-12 18:14:03.575755,Minor Detected
2025-04-12 18:14:03.641110,Minor Detected
2025-04-12 18:14:03.711291,Minor Detected
2025-04-12 18:14:03.769924,Minor Detected
2025-04-12 18:14:03.850729,Minor Detected
2025-04-12 18:14:03.913929,Minor Detected
2025-04-12 18:14:03.987114,Minor Detected
2025-04-12 18:14:04.053858,Minor Detected
2025-04-12 18:14:04.129262,Minor Detected
2025-04-12 18:14:04.201817,Minor Detected
2025-04-12 18:14:04.266052,Minor Detected
2025-04-12 18:14:04.337285,Minor Detected
2025-04-12 18:14:04.408662,Minor Detected
2025-04-12 18:14:04.485482,Minor Detected
2025-04-12 18:14:04.547896,Minor Detected
2025-04-12 18:14:04.618201,Minor Detected
2025-04-12 18:14:04.699443,Minor Detected
2025-04-12 18:14:04.758427,Minor Detected
2025-04-12 18:14:04.823216,Minor Detected
2025-04-12 18:14:04.896502,Minor Detected
2025-04-12 18:14:04.959971,Minor Detected
2025-04-12 18:14:05.038970,Minor Detected
2025-04-12 18:14:05.109421,Minor Detected
2025-04-12 18:14:05.169405,Minor Detected
2025-04-12 18:14:05.252584,Minor Detected
2025-04-12 18:14:05.325561,Minor Detected
2025-04-12 18:14:05.387211,Minor Detected
2025-04-12 18:14:05.457052,Minor Detected
2025-04-12 18:14:05.536680,Minor Detected
2025-04-12 18:14:05.605679,Minor Detected
2025-04-12 18:14:05.673469,Minor Detected
2025-04-12 18:14:05.753011,Minor Detected
2025-04-12 18:14:05.819742,Minor Detected
2025-04-12 18:14:05.896358,Minor Detected
2025-04-12 18:14:05.967756,Minor Detected
2025-04-12 18:14:06.034284,Minor Detected
2025-04-12 18:14:06.103538,Minor Detected
2025-04-12 18:14:06.178385,Minor Detected
2025-04-12 18:14:06.248370,Minor Detected
2025-04-12 18:14:06.317025,Minor Detected
2025-04-12 18:14:06.388341,Minor Detected
2025-04-12 18:14:06.463488,Minor Detected
2025-04-12 18:14:06.531013,Minor Detected
2025-04-12 18:14:06.603892,Minor Detected
2025-04-12 18:14:06.669472,Minor Detected
2025-04-12 18:14:06.740659,Minor Detected
2025-04-12 18:14:06.815689,Minor Detected
2025-04-12 18:14:06.882263,Minor Detected
2025-04-12 18:14:06.955159,Minor Detected
2025-04-12 18:14:07.023287,Minor Detected
2025-04-12 18:14:07.094283,Minor Detected
2025-04-12 18:14:07.165919,Minor Detected
2025-04-12 18:14:07.235223,Minor Detected
2025-04-12 18:14:07.307110,Minor Detected
2025-04-12 18:14:07.381790,Minor Detected
2025-04-12 18:14:07.449833,Minor Detected
2025-04-12 18:14:07.520436,Minor Detected
2025-04-12 18:14:07.588217,Minor Detected
2025-04-12 18:14:07.650794,Minor Detected
2025-04-12 18:14:07.720689,Minor Detected
2025-04-12 18:14:07.788878,Minor Detected
2025-04-12 18:14:07.870180,Minor Detected
2025-04-12 18:14:07.937199,Minor Detected
2025-04-12 18:14:08.000754,Minor Detected
2025-04-12 18:14:08.072585,Minor Detected
2025-04-12 18:14:08.141968,Minor Detected
2025-04-12 18:14:08.215812,Minor Detected
2025-04-12 18:14:08.304942,Minor Detected
2025-04-12 18:14:08.352816,Minor Detected
2025-04-12 18:14:08.435748,Minor Detected
2025-04-12 18:14:08.500317,Minor Detected
2025-04-12 18:14:08.577285,Minor Detected
2025-04-12 18:14:08.640237,Minor Detected
2025-04-12 18:14:08.707921,Minor Detected
2025-04-12 18:14:08.788513,Minor Detected
2025-04-12 18:14:08.857890,Minor Detected
2025-04-12 18:14:08.923910,Minor Detected
2025-04-12 18:14:08.996343,Minor Detected
2025-04-12 18:14:09.062983,Minor Detected
2025-04-12 18:14:09.152057,Minor Detected
2025-04-12 18:14:09.212447,Minor Detected
2025-04-12 18:14:09.285858,Minor Detected
2025-04-12 18:14:09.356211,Minor Detected
2025-04-12 18:14:09.429725,Minor Detected
2025-04-12 18:14:09.500664,Minor Detected
2025-04-12 18:14:09.570065,Minor Detected
2025-04-12 18:14:09.639188,Minor Detected
2025-04-12 18:14:09.715742,Minor Detected
2025-04-12 18:14:09.784366,Minor Detected
2025-04-12 18:14:09.850811,Minor Detected
2025-04-12 18:14:09.932046,Minor Detected
2025-04-12 18:14:09.992642,Minor Detected
2025-04-12 18:14:10.067788,Minor Detected
2025-04-12 18:14:10.134661,Minor Detected
2025-04-12 18:14:10.202532,Minor Detected
2025-04-12 18:14:10.282287,Minor Detected
2025-04-12 18:14:10.345788,Minor Detected
2025-04-12 18:14:10.430130,Minor Detected
2025-04-12 18:14:10.495925,Minor Detected
2025-04-12 18:14:10.557059,Minor Detected
2025-04-12 18:14:10.635139,Minor Detected
2025-04-12 18:14:10.699828,Minor Detected
2025-04-12 18:14:10.773749,Minor Detected
2025-04-12 18:14:10.840159,Minor Detected
2025-04-12 18:14:10.917647,Minor Detected
2025-04-12 18:14:10.981945,Minor Detected
2025-04-12 18:14:11.053471,Minor Detected
2025-04-12 18:14:11.124712,Minor Detected
2025-04-12 18:14:11.212046,Minor Detected
2025-04-12 18:14:11.305222,Minor Detected
2025-04-12 18:14:11.379650,Minor Detected
2025-04-12 18:14:11.439309,Minor Detected
2025-04-12 18:14:11.517299,Minor Detected
2025-04-12 18:14:11.581534,Minor Detected
2025-04-12 18:14:11.653612,Minor Detected
2025-04-12 18:14:11.727069,Minor Detected
2025-04-12 18:14:11.795247,Minor Detected
2025-04-12 18:14:11.869527,Minor Detected
2025-04-12 18:14:11.936556,Minor Detected
2025-04-12 18:14:12.007661,Minor Detected
2025-04-12 18:14:12.083022,Minor Detected
2025-04-12 18:14:12.151626,Minor Detected
2025-04-12 18:14:12.217513,Minor Detected
2025-04-12 18:14:12.290428,Minor Detected
2025-04-12 18:14:12.372338,Minor Detected
2025-04-12 18:14:12.429632,Minor Detected
2025-04-12 18:14:12.502174,Minor Detected
2025-04-12 18:14:12.584801,Minor Detected
2025-04-12 18:14:12.651925,Minor Detected
2025-04-12 18:14:12.722756,Minor Detected
2025-04-12 18:14:12.795462,Minor Detected
2025-04-12 18:14:12.863419,Minor Detected
2025-04-12 18:14:12.936285,Minor Detected
2025-04-12 18:14:13.018264,Minor Detected
2025-04-12 18:14:13.110957,Minor Detected
2025-04-12 18:14:13.184301,Minor Detected
2025-04-12 18:14:13.240474,Minor Detected
2025-04-12 18:14:13.329611,Minor Detected
2025-04-12 18:14:13.409540,Minor Detected
2025-04-12 18:14:13.507050,Minor Detected
2025-04-12 18:14:13.614837,Minor Detected
2025-04-12 18:14:13.723555,Minor Detected
2025-04-12 18:14:13.842893,Minor Detected
2025-04-12 18:14:13.928120,Minor Detected
2025-04-12 18:14:13.996253,Minor Detected
2025-04-12 18:14:14.068813,Minor Detected
2025-04-12 18:14:14.135931,Minor Detected
2025-04-12 18:14:14.212466,Minor Detected
2025-04-12 18:14:14.319032,Minor Detected
2025-04-12 18:14:14.424342,Minor Detected
2025-04-12 18:14:14.489519,Minor Detected
2025-04-12 18:14:14.562734,Minor Detected
2025-04-12 18:14:14.632006,Minor Detected
2025-04-12 18:14:14.701558,Minor Detected
2025-04-12 18:14:14.772227,Minor Detected
2025-04-12 18:14:14.843847,Minor Detected
2025-04-12 18:14:14.915287,Minor Detected
2025-04-12 18:14:14.985547,Minor Detected
2025-04-12 18:14:15.056850,Minor Detected
2025-04-12 18:14:15.138558,Minor Detected
2025-04-12 18:14:15.245304,Minor Detected
2025-04-12 18:14:15.354669,Minor Detected
2025-04-12 18:14:15.459501,Minor Detected
2025-04-12 18:14:15.573255,Minor Detected
2025-04-12 18:14:15.669695,Minor Detected
2025-04-12 18:14:15.785892,Minor Detected
2025-04-12 18:14:15.878809,Minor Detected
2025-04-12 18:14:15.989496,Minor Detected
2025-04-12 18:14:16.102568,Minor Detected
2025-04-12 18:14:16.193322,Minor Detected
2025-04-12 18:14:16.310312,Minor Detected
2025-04-12 18:14:16.409836,Minor Detected
2025-04-12 18:14:16.528540,Minor Detected
2025-04-12 18:14:16.616042,Minor Detected
2025-04-12 18:14:16.729761,Minor Detected
2025-04-12 18:14:16.828889,Minor Detected
2025-04-12 18:14:16.938594,Minor Detected
2025-04-12 18:14:17.056911,Minor Detected
2025-04-12 18:14:17.143133,Minor Detected
2025-04-12 18:14:17.213059,Minor Detected
2025-04-12 18:14:17.282510,Minor Detected
2025-04-12 18:14:17.342055,Minor Detected
2025-04-12 18:14:17.418867,Minor Detected
2025-04-12 18:14:17.496572,Minor Detected
2025-04-12 18:14:17.554328,Minor Detected
2025-04-12 18:14:17.627983,Minor Detected
2025-04-12 18:14:17.699968,Minor Detected
2025-04-12 18:14:17.781174,Minor Detected
2025-04-12 18:14:17.837696,Minor Detected
2025-04-12 18:14:17.918478,Minor Detected
2025-04-12 18:14:17.979288,Minor Detected
2025-04-12 18:14:18.066620,Minor Detected
2025-04-12 18:14:18.177494,Minor Detected
2025-04-12 18:14:18.268959,Minor Detected
2025-04-12 18:14:18.346320,Minor Detected
2025-04-12 18:14:18.410671,Minor Detected
2025-04-12 18:14:18.476625,Minor Detected
2025-04-12 18:14:18.549413,Minor Detected
2025-04-12 18:14:18.617680,Minor Detected
2025-04-12 18:14:18.688521,Minor Detected
2025-04-12 18:14:18.762948,Minor Detected
2025-04-12 18:14:18.830322,Minor Detected
2025-04-12 18:14:18.902187,Minor Detected
2025-04-12 18:14:18.968881,Minor Detected
2025-04-12 18:14:19.044603,Minor Detected
2025-04-12 18:14:19.115335,Minor Detected
2025-04-12 18:14:19.183826,Minor Detected
2025-04-12 18:14:19.252620,Minor Detected
2025-04-12 18:14:19.339033,Minor Detected
2025-04-12 18:14:19.446910,Minor Detected
2025-04-12 18:14:19.570855,Minor Detected
2025-04-12 18:14:19.658801,Minor Detected
2025-04-12 18:14:19.766853,Minor Detected
2025-04-12 18:14:19.871004,Minor Detected
2025-04-12 18:14:19.978548,Minor Detected
2025-04-12 18:14:20.080668,Minor Detected
2025-04-12 18:14:20.186977,Minor Detected
2025-04-12 18:14:20.295217,Minor Detected
2025-04-12 18:14:20.397076,Minor Detected
2025-04-12 18:14:20.475707,Minor Detected
2025-04-12 18:14:20.579547,Minor Detected
2025-04-12 18:14:20.686235,Minor Detected
2025-04-12 18:14:20.793523,Minor Detected
2025-04-12 18:14:20.897277,Minor Detected
2025-04-12 18:14:20.998485,Minor Detected
2025-04-12 18:14:21.111094,Minor Detected
2025-04-12 18:14:21.211207,Minor Detected
2025-04-12 18:14:21.319042,Minor Detected
2025-04-12 18:14:21.429471,Minor Detected
2025-04-12 18:14:21.537987,Minor Detected
2025-04-12 18:14:21.631549,Minor Detected
2025-04-12 18:14:21.701506,Minor Detected
2025-04-12 18:14:21.771652,Minor Detected
2025-04-12 18:14:21.843465,Minor Detected
2025-04-12 18:14:21.912651,Minor Detected
2025-04-12 18:14:21.985849,Minor Detected
2025-04-12 18:14:22.054633,Minor Detected
2025-04-12 18:14:22.124811,Minor Detected
2025-04-12 18:14:22.196036,Minor Detected
2025-04-12 18:14:22.267576,Minor Detected
2025-04-12 18:14:22.335966,Minor Detected
2025-04-12 18:14:22.409355,Minor Detected
2025-04-12 18:14:22.475323,Minor Detected
2025-04-12 18:14:22.548015,Minor Detected
2025-04-12 18:14:22.623309,Minor Detected
2025-04-12 18:14:22.689480,Minor Detected
2025-04-12 18:14:22.761798,Minor Detected
2025-04-12 18:14:22.834339,Minor Detected
2025-04-12 18:14:22.901427,Minor Detected
2025-04-12 18:14:22.975342,Minor Detected
2025-04-12 18:14:23.044120,Minor Detected
2025-04-12 18:14:23.117927,Minor Detected
2025-04-12 18:14:23.184151,Minor Detected
2025-04-12 18:14:23.255553,Minor Detected
2025-04-12 18:14:23.327372,Minor Detected
2025-04-12 18:14:23.397208,Minor Detected
2025-04-12 18:14:23.470089,Minor Detected
2025-04-12 18:14:23.569750,Minor Detected
2025-04-12 18:14:23.647558,Minor Detected
2025-04-12 18:14:23.715173,Minor Detected
2025-04-12 18:14:23.788692,Minor Detected
2025-04-12 18:14:23.855290,Minor Detected
2025-04-12 18:14:23.930581,Minor Detected
2025-04-12 18:14:23.998649,Minor Detected
2025-04-12 18:14:24.069276,Minor Detected
2025-04-12 18:14:24.139355,Minor Detected
2025-04-12 18:14:24.212190,Minor Detected
2025-04-12 18:14:24.280305,Minor Detected
2025-04-12 18:14:24.352837,Minor Detected
2025-04-12 18:14:24.425431,Minor Detected
2025-04-12 18:14:24.493738,Minor Detected
2025-04-12 18:14:24.563865,Minor Detected
2025-04-12 18:14:24.636844,Minor Detected
2025-04-12 18:14:24.706318,Minor Detected
2025-04-12 18:14:24.777718,Minor Detected
2025-04-12 18:14:24.846825,Minor Detected
2025-04-12 18:14:24.917340,Minor Detected
2025-04-12 18:14:24.988590,Minor Detected
2025-04-12 18:14:25.129014,Minor Detected
2025-04-12 18:14:25.199972,Minor Detected
2025-04-12 18:14:25.274807,Minor Detected
2025-04-12 18:14:25.342053,Minor Detected
2025-04-12 18:14:25.412185,Minor Detected
2025-04-12 18:14:28.630863,Minor Detected
2025-04-12 18:14:28.701900,Minor Detected
2025-04-12 18:14:28.770467,Minor Detected
2025-04-12 18:14:28.910358,Minor Detected
2025-04-12 18:14:28.982591,Minor Detected
2025-04-12 18:14:29.053321,Minor Detected
2025-04-12 18:14:29.124134,Minor Detected
2025-04-12 18:14:29.193768,Minor Detected
2025-04-12 18:14:29.265279,Minor Detected
2025-04-12 18:14:29.347611,Minor Detected
2025-04-12 18:14:29.445326,Minor Detected
2025-04-12 18:14:29.512887,Minor Detected
2025-04-12 18:14:29.583847,Minor Detected
2025-04-12 18:14:29.653408,Minor Detected
2025-04-12 18:14:29.725311,Minor Detected
2025-04-12 18:14:29.795205,Minor Detected
2025-04-12 18:14:29.864492,Minor Detected
2025-04-12 18:14:29.940400,Minor Detected
2025-04-12 18:14:30.044642,Minor Detected
2025-04-12 18:14:30.114270,Minor Detected
2025-04-12 18:14:30.185660,Minor Detected
2025-04-12 18:14:30.255523,Minor Detected
2025-04-12 18:14:30.326031,Minor Detected
2025-04-12 18:14:30.392863,Minor Detected
2025-04-12 18:14:30.468473,Minor Detected
2025-04-12 18:14:30.537374,Minor Detected
2025-04-12 18:14:30.609489,Minor Detected
2025-04-12 18:14:30.679150,Minor Detected
2025-04-12 18:14:30.752344,Minor Detected
2025-04-12 18:14:30.820644,Minor Detected
2025-04-12 18:14:30.890848,Minor Detected
2025-04-12 18:14:30.962315,Minor Detected
2025-04-12 18:14:31.033136,Minor Detected
2025-04-12 18:14:31.101746,Minor Detected
2025-04-12 18:14:31.175760,Minor Detected
2025-04-12 18:14:31.243086,Minor Detected
2025-04-12 18:14:31.314421,Minor Detected
2025-04-12 18:14:31.387364,Minor Detected
2025-04-12 18:14:31.456851,Minor Detected
2025-04-12 18:14:31.527269,Minor Detected
2025-04-12 18:14:31.599441,Minor Detected
2025-04-12 18:14:31.668980,Minor Detected
2025-04-12 18:14:31.738090,Minor Detected
2025-04-12 18:14:31.881324,Minor Detected
2025-04-12 18:14:31.951533,Minor Detected
2025-04-12 18:14:32.023682,Minor Detected
2025-04-12 18:14:32.092110,Minor Detected
2025-04-12 18:14:32.164264,Minor Detected
2025-04-12 18:14:32.234347,Minor Detected
2025-04-12 18:14:32.311744,Minor Detected
2025-04-12 18:14:33.331207,Minor Detected
2025-04-12 18:14:33.400964,Minor Detected
2025-04-12 18:14:33.471880,Minor Detected
2025-04-12 18:14:33.543735,Minor Detected
2025-04-12 18:14:37.229735,Minor Detected
2025-04-12 18:14:37.463873,Minor Detected
2025-04-12 18:14:38.242665,Minor Detected
2025-04-12 18:14:38.386253,Minor Detected
2025-04-12 18:14:38.453986,Minor Detected
2025-04-12 18:14:38.528565,Minor Detected
2025-04-12 18:14:38.668325,Minor Detected
2025-04-12 18:14:40.367603,Minor Detected
2025-04-12 18:14:40.480527,Minor Detected
2025-04-12 18:14:41.112814,Minor Detected
2025-04-12 18:14:41.179222,Minor Detected
2025-04-12 18:14:41.247485,Minor Detected
2025-04-12 18:14:41.321344,Minor Detected
2025-04-12 18:14:49.028703,Minor Detected
2025-04-12 18:14:49.134609,Minor Detected
2025-04-12 18:14:49.458768,Minor Detected
2025-04-12 18:14:49.667111,Minor Detected
2025-04-12 18:14:50.798267,Minor Detected
2025-04-12 18:14:50.908568,Minor Detected
2025-04-12 18:14:51.012918,Minor Detected
2025-04-12 18:14:51.113844,Minor Detected
2025-04-12 18:14:51.228765,Minor Detected
2025-04-12 18:14:51.331808,Minor Detected
2025-04-12 18:14:51.433640,Minor Detected
2025-04-12 18:14:51.544420,Minor Detected
2025-04-12 18:14:51.647141,Minor Detected
2025-04-12 18:14:51.759616,Minor Detected
2025-04-12 18:14:51.855157,Minor Detected
2025-04-12 18:14:51.922808,Minor Detected
2025-04-12 18:14:51.994721,Minor Detected
2025-04-12 18:14:52.063157,Minor Detected
2025-04-12 18:14:52.133619,Minor Detected
2025-04-12 18:14:52.206630,Minor Detected
2025-04-12 18:14:52.275743,Minor Detected
2025-04-12 18:14:52.345176,Minor Detected
2025-04-12 18:14:52.423002,Minor Detected
2025-04-12 18:14:52.531368,Minor Detected
2025-04-12 18:14:52.638208,Minor Detected
2025-04-12 18:14:52.745973,Minor Detected
2025-04-12 18:14:52.843745,Minor Detected
2025-04-12 18:14:52.925255,Minor Detected
2025-04-12 18:14:53.029920,Minor Detected
2025-04-12 18:14:53.129544,Minor Detected
2025-04-12 18:14:53.238465,Minor Detected
2025-04-12 18:14:53.342572,Minor Detected
2025-04-12 18:14:53.443789,Minor Detected
2025-04-12 18:14:53.517664,Minor Detected
2025-04-12 18:14:53.627380,Minor Detected
2025-04-12 18:14:53.728377,Minor Detected
2025-04-12 18:14:53.841904,Minor Detected
2025-04-12 18:14:53.947749,Minor Detected
2025-04-12 18:14:54.049770,Minor Detected
2025-04-12 18:14:54.158112,Minor Detected
2025-04-12 18:14:54.261704,Minor Detected
2025-04-12 18:14:54.327580,Minor Detected
2025-04-12 18:14:54.396545,Minor Detected
2025-04-12 18:14:54.467459,Minor Detected
2025-04-12 18:14:54.539495,Minor Detected
2025-04-12 18:14:54.610528,Minor Detected
2025-04-12 18:14:54.679675,Minor Detected
2025-04-12 18:14:54.751314,Minor Detected
2025-04-12 18:14:54.820641,Minor Detected
2025-04-12 18:14:54.891946,Minor Detected
2025-04-12 18:14:54.962171,Minor Detected
2025-04-12 18:14:55.032737,Minor Detected
2025-04-12 18:14:55.103575,Minor Detected
2025-04-12 18:14:55.179924,Minor Detected
2025-04-12 18:14:55.287317,Minor Detected
2025-04-12 18:14:55.395698,Minor Detected
2025-04-12 18:14:55.497756,Minor Detected
2025-04-12 18:14:55.609412,Minor Detected
2025-04-12 18:14:55.713049,Minor Detected
2025-04-12 18:14:55.817105,Minor Detected
2025-04-12 18:14:55.926796,Minor Detected
2025-04-12 18:14:56.030139,Minor Detected
2025-04-12 18:14:56.136799,Minor Detected
2025-04-12 18:14:56.251997,Minor Detected
2025-04-12 18:14:56.343495,Minor Detected
2025-04-12 18:14:56.410947,Minor Detected
2025-04-12 18:14:56.481718,Minor Detected
2025-04-12 18:14:56.551733,Minor Detected
2025-04-12 18:14:56.623050,Minor Detected
2025-04-12 18:14:56.695370,Minor Detected
2025-04-12 18:14:56.764801,Minor Detected
2025-04-12 18:14:56.847044,Minor Detected
2025-04-12 18:14:56.956391,Minor Detected
2025-04-12 18:14:57.055021,Minor Detected
2025-04-12 18:14:57.163841,Minor Detected
2025-04-12 18:14:57.267231,Minor Detected
2025-04-12 18:14:58.012724,Minor Detected
2025-04-12 18:14:58.114166,Minor Detected
2025-04-12 18:14:58.331035,Minor Detected
2025-04-12 18:14:58.425895,Minor Detected
2025-04-12 18:14:58.494687,Minor Detected
2025-04-12 18:14:58.568905,Minor Detected
2025-04-12 18:14:58.638521,Minor Detected
2025-04-12 18:14:58.709258,Minor Detected
2025-04-12 18:14:58.777254,Minor Detected
2025-04-12 18:14:58.850643,Minor Detected
2025-04-12 18:14:58.920781,Minor Detected
2025-04-12 18:14:58.996794,Minor Detected
2025-04-12 18:14:59.106670,Minor Detected
2025-04-12 18:14:59.214453,Minor Detected
2025-04-12 18:14:59.311759,Minor Detected
2025-04-12 18:14:59.380051,Minor Detected
2025-04-12 18:14:59.451246,Minor Detected
2025-04-12 18:14:59.521152,Minor Detected
2025-04-12 18:14:59.593521,Minor Detected
2025-04-12 18:14:59.664522,Minor Detected
2025-04-12 18:15:00.017880,Minor Detected
2025-04-12 18:15:00.358017,Minor Detected
2025-04-12 18:15:00.432002,Minor Detected
2025-04-12 18:15:00.502007,Minor Detected
2025-04-12 18:15:00.576984,Minor Detected
2025-04-12 18:15:00.646325,Minor Detected
2025-04-12 18:15:00.717403,Minor Detected
2025-04-12 18:15:00.784722,Minor Detected
2025-04-12 18:15:00.855930,Minor Detected
2025-04-12 18:15:00.932191,Minor Detected
2025-04-12 18:15:00.996749,Minor Detected
2025-04-12 18:15:01.068281,Minor Detected
2025-04-12 18:15:01.137054,Minor Detected
2025-04-12 18:15:01.218897,Minor Detected
2025-04-12 18:15:01.279393,Minor Detected
2025-04-12 18:15:01.351238,Minor Detected
2025-04-12 18:15:01.421234,Minor Detected
2025-04-12 18:15:01.497166,Minor Detected
2025-04-12 18:15:01.563837,Minor Detected
2025-04-12 18:15:01.635721,Minor Detected
2025-04-12 18:15:01.705043,Minor Detected
2025-04-12 18:15:02.977835,Minor Detected
2025-04-12 18:15:03.117983,Minor Detected
2025-04-12 18:15:03.895481,Minor Detected
2025-04-12 18:15:04.036005,Minor Detected
2025-04-12 18:15:04.183419,Minor Detected
2025-04-12 18:15:04.752583,Minor Detected
2025-04-12 18:15:04.813260,Minor Detected
2025-04-12 18:15:04.888483,Minor Detected
2025-04-12 18:15:05.377099,Minor Detected
2025-04-12 18:15:05.527962,Minor Detected
2025-04-12 18:15:05.591397,Minor Detected
2025-04-12 18:15:05.667795,Minor Detected
2025-04-12 18:15:05.733061,Minor Detected
2025-04-12 18:15:05.805192,Minor Detected
2025-04-12 18:15:05.947964,Minor Detected
2025-04-12 18:15:06.018970,Minor Detected
2025-04-12 18:15:06.088713,Minor Detected
2025-04-12 18:15:06.161584,Minor Detected
2025-04-12 18:15:06.231671,Minor Detected
2025-04-12 18:15:06.299903,Minor Detected
2025-04-12 18:15:06.379403,Minor Detected
2025-04-12 18:15:06.440046,Minor Detected
2025-04-12 18:15:06.585849,Minor Detected
2025-04-12 18:15:06.652927,Minor Detected
2025-04-12 18:15:06.723527,Minor Detected
2025-04-12 18:15:06.865869,Minor Detected
2025-04-12 18:15:06.940395,Minor Detected
2025-04-12 18:15:07.086397,Minor Detected
2025-04-12 18:15:07.144457,Minor Detected
2025-04-12 18:15:07.222998,Minor Detected
2025-04-12 18:15:07.288534,Minor Detected
2025-04-12 18:15:07.364091,Minor Detected
2025-04-12 18:15:07.433378,Minor Detected
2025-04-12 18:15:07.501458,Minor Detected
2025-04-12 18:15:07.571365,Minor Detected
2025-04-12 18:15:07.646059,Minor Detected
2025-04-12 18:15:07.715661,Minor Detected
2025-04-12 18:15:07.786382,Minor Detected
2025-04-12 18:15:07.854385,Minor Detected
2025-04-12 18:15:07.930308,Minor Detected
2025-04-12 18:15:07.994626,Minor Detected
2025-04-12 18:15:08.067741,Minor Detected
2025-04-12 18:15:08.134935,Minor Detected
2025-04-12 18:15:08.215503,Minor Detected
2025-04-12 18:15:08.278200,Minor Detected
2025-04-12 18:15:08.350219,Minor Detected
2025-04-12 18:15:09.766351,Minor Detected
2025-04-12 18:15:10.266640,Minor Detected
2025-04-12 18:15:10.329157,Minor Detected
2025-04-12 18:15:10.401770,Minor Detected
2025-04-12 18:15:10.546761,Minor Detected
2025-04-12 18:15:10.611508,Minor Detected
2025-04-12 18:15:10.684414,Minor Detected
2025-04-12 18:15:10.763764,Minor Detected
2025-04-12 18:15:11.046357,Minor Detected
2025-04-12 18:15:11.115075,Minor Detected
2025-04-12 18:15:18.033993,Minor Detected
2025-04-12 18:15:18.179257,Minor Detected
2025-04-12 18:15:18.328882,Minor Detected
2025-04-12 18:15:18.395628,Minor Detected
2025-04-12 18:15:18.468294,Minor Detected
2025-04-12 18:15:18.536121,Minor Detected
2025-04-12 18:15:18.610028,Minor Detected
2025-04-12 18:15:18.680434,Minor Detected
2025-04-12 18:15:18.759913,Minor Detected
2025-04-12 18:15:19.078532,Minor Detected
2025-04-12 18:15:19.543893,Minor Detected
2025-04-12 18:15:19.770915,Minor Detected
2025-04-12 18:15:19.837921,Minor Detected
2025-04-12 18:15:19.911478,Minor Detected
2025-04-12 18:15:20.879096,Minor Detected
2025-04-12 18:15:21.051512,Minor Detected
2025-04-12 18:15:21.259916,Minor Detected
2025-04-12 18:15:21.330453,Minor Detected
2025-04-12 18:15:26.563541,Minor Detected
2025-04-12 18:15:26.633375,Minor Detected
2025-04-12 18:15:26.703235,Minor Detected
2025-04-12 18:15:26.776069,Minor Detected
2025-04-12 18:15:26.845275,Minor Detected
2025-04-12 18:15:26.917661,Minor Detected
2025-04-12 18:15:28.118925,Minor Detected
2025-04-12 18:15:28.263021,Minor Detected
2025-04-12 18:15:28.988895,Minor Detected
2025-04-12 18:15:29.394651,Minor Detected
2025-04-12 18:15:29.462118,Minor Detected
2025-04-12 18:15:29.531548,Minor Detected
2025-04-12 18:15:29.601248,Minor Detected
2025-04-12 18:15:29.675638,Minor Detected
2025-04-12 18:15:29.867927,Minor Detected
2025-04-12 18:15:29.957323,Minor Detected
2025-04-12 18:15:30.026436,Minor Detected
2025-04-12 18:15:30.097377,Minor Detected
2025-04-12 18:15:30.168148,Minor Detected
2025-04-12 18:15:30.239259,Minor Detected
2025-04-12 18:15:30.308119,Minor Detected
2025-04-12 18:15:30.380703,Minor Detected
2025-04-12 18:15:30.449633,Minor Detected
2025-04-12 18:15:30.519894,Minor Detected
2025-04-12 18:15:30.594235,Minor Detected
2025-04-12 18:15:30.662182,Minor Detected
2025-04-12 18:15:30.927878,Minor Detected
2025-04-12 18:15:31.038054,Minor Detected
2025-04-12 18:15:31.139667,Minor Detected
2025-04-12 18:15:31.240357,Minor Detected
2025-04-12 18:15:31.354485,Minor Detected
2025-04-12 18:15:31.454019,Minor Detected
2025-04-12 18:15:31.563907,Minor Detected
2025-04-12 18:15:31.674726,Minor Detected
2025-04-12 18:15:31.770088,Minor Detected
2025-04-12 18:15:31.886775,Minor Detected
2025-04-12 18:15:32.180886,Minor Detected
2025-04-12 18:15:32.530674,Minor Detected
2025-04-12 18:15:32.668252,Minor Detected
2025-04-12 18:15:32.737928,Minor Detected
2025-04-12 18:15:32.811714,Minor Detected
2025-04-12 18:15:32.882062,Minor Detected
2025-04-12 18:15:32.953034,Minor Detected
2025-04-12 18:15:33.021031,Minor Detected
2025-04-12 18:15:33.097405,Minor Detected
2025-04-12 18:15:34.177040,Minor Detected
2025-04-12 18:15:34.697519,Minor Detected
2025-04-12 18:15:37.493850,Minor Detected
2025-04-12 18:15:37.725645,Minor Detected
2025-04-12 18:15:37.795212,Minor Detected
2025-04-12 18:15:37.936657,Minor Detected
2025-04-12 18:15:38.004611,Minor Detected
2025-04-12 18:15:38.079476,Minor Detected
2025-04-12 18:43:20.008006,Minor Detected
2025-04-12 18:43:20.092477,Minor Detected
2025-04-12 18:43:20.177464,Minor Detected
2025-04-12 18:43:20.278443,Minor Detected
2025-04-12 18:43:20.386246,Minor Detected
2025-04-12 18:43:20.484899,Minor Detected
2025-04-12 18:43:20.562612,Minor Detected
2025-04-12 18:43:20.662006,Minor Detected
2025-04-12 18:43:23.338889,Minor Detected
2025-04-12 18:43:36.499799,Minor Detected
2025-04-12 18:43:36.565949,Minor Detected
2025-04-12 18:43:36.636982,Minor Detected
2025-04-12 18:43:36.707103,Minor Detected
2025-04-12 18:43:36.779306,Minor Detected
2025-04-12 18:43:36.848914,Minor Detected
2025-04-12 18:43:37.842735,Minor Detected
2025-04-12 18:43:37.955988,Minor Detected
2025-04-12 18:43:38.061272,Minor Detected
2025-04-12 18:43:38.510199,Minor Detected
2025-04-12 18:43:39.748330,Minor Detected
2025-04-12 18:43:40.560868,Minor Detected
2025-04-12 18:43:40.642244,Minor Detected
2025-04-12 18:43:40.985325,Minor Detected
2025-04-12 18:43:41.234785,Minor Detected
2025-04-12 18:43:41.299889,Minor Detected
2025-04-12 18:43:41.362687,Minor Detected
2025-04-12 18:43:43.531038,Minor Detected
2025-04-12 18:43:43.635982,Minor Detected
2025-04-12 18:43:43.776981,Minor Detected
2025-04-12 18:43:49.372447,Minor Detected
2025-04-12 18:43:50.244242,Minor Detected
2025-04-12 18:43:51.081263,Minor Detected
2025-04-12 18:43:51.162112,Minor Detected
2025-04-12 18:43:54.083291,Minor Detected
2025-04-12 18:43:54.155399,Minor Detected
2025-04-12 18:43:54.218270,Minor Detected
2025-04-12 18:43:54.299411,Minor Detected
2025-04-12 18:43:54.369207,Minor Detected
2025-04-12 18:43:54.436128,Minor Detected
2025-04-12 18:43:54.506267,Minor Detected
2025-04-12 18:43:54.584360,Minor Detected
2025-04-12 18:43:54.649481,Minor Detected
2025-04-12 18:43:54.718895,Minor Detected
2025-04-12 18:43:54.791668,Minor Detected
2025-04-12 18:43:54.855687,Minor Detected
2025-04-12 18:43:54.945281,Minor Detected
2025-04-12 18:43:55.003624,Minor Detected
2025-04-12 18:43:55.081342,Minor Detected
2025-04-12 18:43:55.151933,Minor Detected
2025-04-12 18:43:55.222718,Minor Detected
2025-04-12 18:43:55.292797,Minor Detected
2025-04-12 18:43:55.363145,Minor Detected
2025-04-12 18:43:55.433464,Minor Detected
2025-04-12 18:43:55.506848,Minor Detected
2025-04-12 18:43:55.575322,Minor Detected
2025-04-12 18:43:55.648557,Minor Detected
2025-04-12 18:43:55.712238,Minor Detected
2025-04-12 18:43:55.794062,Minor Detected
2025-04-12 18:43:55.856068,Minor Detected
2025-04-12 18:43:55.927666,Minor Detected
2025-04-12 18:43:55.997017,Minor Detected
2025-04-12 18:43:56.142746,Minor Detected
2025-04-12 18:43:57.908085,Minor Detected
2025-04-12 18:43:57.980930,Minor Detected
2025-04-12 18:43:58.049449,Minor Detected
2025-04-12 18:43:58.118281,Minor Detected
2025-04-12 18:43:58.195118,Minor Detected
2025-04-12 18:43:58.255913,Minor Detected
2025-04-12 18:43:58.334325,Minor Detected
2025-04-12 18:43:58.403774,Minor Detected
2025-04-12 18:43:58.475035,Minor Detected
2025-04-12 18:43:58.541688,Minor Detected
2025-04-12 18:43:58.615123,Minor Detected
2025-04-12 18:43:58.688670,Minor Detected
2025-04-12 18:43:58.756589,Minor Detected
2025-04-12 18:43:58.825857,Minor Detected
2025-04-12 18:43:58.896006,Minor Detected
2025-04-12 18:43:58.971722,Minor Detected
2025-04-12 18:43:59.038765,Minor Detected
2025-04-12 18:43:59.179926,Minor Detected
2025-04-12 18:43:59.465205,Minor Detected
2025-04-12 18:43:59.610545,Minor Detected
2025-04-12 18:43:59.675275,Minor Detected
2025-04-12 18:43:59.746273,Minor Detected
2025-04-12 18:44:00.239392,Minor Detected
2025-04-12 18:44:00.313851,Minor Detected
2025-04-12 18:44:00.380373,Minor Detected
2025-04-12 18:44:00.450023,Minor Detected
2025-04-12 18:44:00.523040,Minor Detected
2025-04-12 18:44:00.595300,Minor Detected
2025-04-12 18:44:00.663674,Minor Detected
2025-04-12 18:44:00.739443,Minor Detected
2025-04-12 18:44:00.806068,Minor Detected
2025-04-12 18:44:00.878038,Minor Detected
2025-04-12 18:44:00.946497,Minor Detected
2025-04-12 18:44:01.023115,Minor Detected
2025-04-12 18:44:01.089263,Minor Detected
2025-04-12 18:44:01.162606,Minor Detected
2025-04-12 18:44:01.230311,Minor Detected
2025-04-12 18:44:01.304959,Minor Detected
2025-04-12 18:44:01.357085,Minor Detected
2025-04-12 18:44:01.939636,Minor Detected
2025-04-12 18:44:02.191807,Minor Detected
2025-04-12 18:44:02.329137,Minor Detected
2025-04-12 18:44:02.594358,Minor Detected
2025-04-12 18:44:02.673867,Minor Detected
2025-04-12 18:44:02.743127,Minor Detected
2025-04-12 18:44:02.812628,Minor Detected
2025-04-12 18:44:03.028342,Minor Detected
2025-04-12 18:44:03.165473,Minor Detected
2025-04-12 18:44:03.246379,Minor Detected
2025-04-12 18:44:03.313583,Minor Detected
2025-04-12 18:44:03.389489,Minor Detected
2025-04-12 18:44:03.456269,Minor Detected
2025-04-12 18:44:03.528003,Minor Detected
2025-04-12 18:44:03.583973,Minor Detected
2025-04-12 18:44:03.871007,Minor Detected
2025-04-12 18:44:03.948416,Minor Detected
2025-04-12 18:44:04.014001,Minor Detected
2025-04-12 18:44:04.080236,Minor Detected
2025-04-12 18:44:04.167428,Minor Detected
2025-04-12 18:44:04.217819,Minor Detected
2025-04-12 18:44:04.297500,Minor Detected
2025-04-12 18:44:04.377413,Minor Detected
2025-04-12 18:44:04.446030,Minor Detected
2025-04-12 18:44:04.518516,Minor Detected
2025-04-12 18:44:04.591363,Minor Detected
2025-04-12 18:44:04.658595,Minor Detected
2025-04-12 18:44:04.730081,Minor Detected
2025-04-12 18:44:04.799859,Minor Detected
2025-04-12 18:44:04.874981,Minor Detected
2025-04-12 18:44:04.934890,Minor Detected
2025-04-12 18:44:05.012969,Minor Detected
2025-04-12 18:44:05.084408,Minor Detected
2025-04-12 18:44:05.226503,Minor Detected
2025-04-12 18:44:05.502441,Minor Detected
2025-04-12 18:44:05.924245,Minor Detected
2025-04-12 18:44:05.995726,Minor Detected
2025-04-12 18:44:06.070435,Minor Detected
2025-04-12 18:44:06.129335,Minor Detected
2025-04-12 18:44:06.206050,Minor Detected
2025-04-12 18:44:06.291145,Minor Detected
2025-04-12 18:44:06.350990,Minor Detected
2025-04-12 18:44:06.430610,Minor Detected
2025-04-12 18:44:06.494336,Minor Detected
2025-04-12 18:44:06.565946,Minor Detected
2025-04-12 18:44:06.707592,Minor Detected
2025-04-12 18:44:06.778682,Minor Detected
2025-04-12 18:44:06.992149,Minor Detected
2025-04-12 18:44:07.131593,Minor Detected
2025-04-12 18:44:07.277066,Minor Detected
2025-04-12 18:44:07.351055,Minor Detected
2025-04-12 18:44:07.628321,Minor Detected
2025-04-12 18:44:07.696094,Minor Detected
2025-04-12 18:44:07.773189,Minor Detected
2025-04-12 18:44:07.977433,Minor Detected
2025-04-12 18:44:08.058477,Minor Detected
2025-04-12 18:44:08.120892,Minor Detected
2025-04-12 18:44:12.158705,Minor Detected
2025-04-12 18:44:13.140859,Minor Detected
2025-04-12 18:44:13.210579,Minor Detected
2025-04-12 18:44:13.281939,Minor Detected
2025-04-12 18:44:13.356892,Minor Detected
2025-04-12 18:44:13.846838,Minor Detected
2025-04-12 18:44:14.340101,Minor Detected
2025-04-12 18:44:14.414859,Minor Detected
2025-04-12 18:44:14.483275,Minor Detected
2025-04-12 18:44:14.559742,Minor Detected
2025-04-12 18:44:14.626303,Minor Detected
2025-04-12 18:44:14.775188,Minor Detected
2025-04-12 18:44:14.835904,Minor Detected
2025-04-12 18:44:14.911755,Minor Detected
2025-04-12 18:44:14.978595,Minor Detected
2025-04-12 18:44:15.193433,Minor Detected
2025-04-12 18:44:15.262855,Minor Detected
2025-04-12 18:44:15.614265,Minor Detected
2025-04-12 18:44:15.688471,Minor Detected
2025-04-12 18:44:15.757828,Minor Detected
2025-04-12 18:44:15.966241,Minor Detected
2025-04-12 18:44:16.040619,Minor Detected
2025-04-12 18:44:16.113858,Minor Detected
2025-04-12 18:44:22.624660,Minor Detected
2025-04-12 18:44:22.822177,Minor Detected
2025-04-12 18:44:22.916639,Minor Detected
2025-04-12 18:44:23.034455,Minor Detected
2025-04-12 18:44:23.132066,Minor Detected
2025-04-12 18:44:23.236103,Minor Detected
2025-04-12 18:44:23.347501,Minor Detected
2025-04-12 18:44:23.451247,Minor Detected
2025-04-12 18:44:23.565140,Minor Detected
2025-04-12 18:44:23.665213,Minor Detected
2025-04-12 18:44:23.869973,Minor Detected
2025-04-12 18:44:24.026596,Minor Detected
2025-04-12 18:44:24.097058,Minor Detected
2025-04-12 18:44:24.172695,Minor Detected
2025-04-12 18:44:24.239868,Minor Detected
2025-04-12 18:44:24.310283,Minor Detected
2025-04-12 18:44:24.378042,Minor Detected
2025-04-12 18:44:24.458538,Minor Detected
2025-04-12 18:44:24.595590,Minor Detected
2025-04-12 18:44:24.663169,Minor Detected
2025-04-12 18:44:24.740559,Minor Detected
2025-04-12 18:44:24.803766,Minor Detected
2025-04-12 18:44:24.876568,Minor Detected
2025-04-12 18:44:24.945652,Minor Detected
2025-04-12 18:44:25.021643,Minor Detected
2025-04-12 18:44:25.097409,Minor Detected
2025-04-12 18:44:25.167175,Minor Detected
2025-04-12 18:44:25.238067,Minor Detected
2025-04-12 18:44:25.309526,Minor Detected
2025-04-12 18:44:25.379049,Minor Detected
2025-04-12 18:44:25.449358,Minor Detected
2025-04-12 18:44:25.521477,Minor Detected
2025-04-12 18:44:25.590981,Minor Detected
2025-04-12 18:44:25.662477,Minor Detected
2025-04-12 18:44:25.734171,Minor Detected
2025-04-12 18:44:25.873748,Minor Detected
2025-04-12 18:44:25.945815,Minor Detected
2025-04-12 18:44:26.015355,Minor Detected
2025-04-12 18:44:26.085669,Minor Detected
2025-04-12 18:44:26.157279,Minor Detected
2025-04-12 18:44:26.228169,Minor Detected
2025-04-12 18:44:26.296683,Minor Detected
2025-04-12 18:44:26.370041,Minor Detected
2025-04-12 18:44:26.438540,Minor Detected
2025-04-12 18:44:26.510391,Minor Detected
2025-04-12 18:44:26.581987,Minor Detected
2025-04-12 18:44:26.652038,Minor Detected
2025-04-12 18:44:26.721058,Minor Detected
2025-04-12 18:44:26.794179,Minor Detected
2025-04-12 18:44:26.862536,Minor Detected
2025-04-12 18:44:26.935233,Minor Detected
2025-04-12 18:44:27.004291,Minor Detected
2025-04-12 18:44:27.076881,Minor Detected
2025-04-12 18:44:27.145905,Minor Detected
2025-04-12 18:44:27.218375,Minor Detected
2025-04-12 18:44:27.287761,Minor Detected
2025-04-12 18:44:27.358278,Minor Detected
2025-04-12 18:44:27.439003,Minor Detected
2025-04-12 18:44:27.541442,Minor Detected
2025-04-12 18:44:27.757901,Minor Detected
2025-04-12 18:44:28.070692,Minor Detected
2025-04-12 18:44:28.178633,Minor Detected
2025-04-12 18:44:28.669777,Minor Detected
2025-04-12 18:44:28.737158,Minor Detected
2025-04-12 18:44:29.032053,Minor Detected
2025-04-12 18:44:29.154686,Minor Detected
2025-04-12 18:44:29.247625,Minor Detected
2025-04-12 18:44:29.730681,Minor Detected
2025-04-12 18:44:29.927816,Minor Detected
2025-04-12 18:44:30.025569,Minor Detected
2025-04-12 18:44:30.135460,Minor Detected
2025-04-12 18:44:30.238100,Minor Detected
2025-04-12 18:44:30.560442,Minor Detected
2025-04-12 18:44:30.666224,Minor Detected
2025-04-12 18:44:30.767619,Minor Detected
2025-04-12 18:44:30.882112,Minor Detected
2025-04-12 18:44:30.971111,Minor Detected
2025-04-12 18:44:31.078226,Minor Detected
2025-04-12 18:44:31.186821,Minor Detected
2025-04-12 18:44:31.501586,Minor Detected
2025-04-12 18:44:31.605390,Minor Detected
2025-04-12 18:44:31.713277,Minor Detected
2025-04-12 18:44:31.820792,Minor Detected
2025-04-12 18:44:31.927582,Minor Detected
2025-04-12 18:44:32.034101,Minor Detected
2025-04-12 18:44:32.140859,Minor Detected
2025-04-12 18:44:32.237635,Minor Detected
2025-04-12 18:44:32.308084,Minor Detected
2025-04-12 18:44:32.379965,Minor Detected
2025-04-12 18:44:32.446489,Minor Detected
2025-04-12 18:44:32.523655,Minor Detected
2025-04-12 18:44:32.589892,Minor Detected
2025-04-12 18:44:32.660436,Minor Detected
2025-04-12 18:44:32.731720,Minor Detected
2025-04-12 18:44:32.801889,Minor Detected
2025-04-12 18:44:32.860930,Minor Detected
2025-04-12 18:44:32.949867,Minor Detected
2025-04-12 18:44:33.070634,Minor Detected
2025-04-12 18:44:33.145053,Minor Detected
2025-04-12 18:44:33.222058,Minor Detected
2025-04-12 18:44:33.288278,Minor Detected
2025-04-12 18:44:33.362578,Minor Detected
2025-04-12 18:44:33.429006,Minor Detected
2025-04-12 18:44:33.504383,Minor Detected
2025-04-12 18:44:33.581761,Minor Detected
2025-04-12 18:44:33.650827,Minor Detected
2025-04-12 18:44:33.711335,Minor Detected
2025-04-12 18:44:33.784282,Minor Detected
2025-04-12 18:44:33.866313,Minor Detected
2025-04-12 18:44:33.968480,Minor Detected
2025-04-12 18:44:34.030153,Minor Detected
2025-04-12 18:44:34.103035,Minor Detected
2025-04-12 18:44:34.178886,Minor Detected
2025-04-12 18:44:34.256225,Minor Detected
2025-04-12 18:44:34.367064,Minor Detected
2025-04-12 18:44:34.472490,Minor Detected
2025-04-12 18:44:34.573971,Minor Detected
2025-04-12 18:44:34.683816,Minor Detected
2025-04-12 18:44:34.791676,Minor Detected
2025-04-12 18:44:34.891306,Minor Detected
2025-04-12 18:44:34.957159,Minor Detected
2025-04-12 18:44:35.029408,Minor Detected
2025-04-12 18:44:35.099079,Minor Detected
2025-04-12 18:44:35.168596,Minor Detected
2025-04-12 18:44:35.240939,Minor Detected
2025-04-12 18:44:35.313993,Minor Detected
2025-04-12 18:44:35.381256,Minor Detected
2025-04-12 18:44:35.453260,Minor Detected
2025-04-12 18:44:35.535656,Minor Detected
2025-04-12 18:44:35.652783,Minor Detected
2025-04-12 18:44:35.749197,Minor Detected
2025-04-12 18:44:35.864679,Minor Detected
2025-04-12 18:44:35.968643,Minor Detected
2025-04-12 18:44:36.073808,Minor Detected
2025-04-12 18:44:36.171210,Minor Detected
2025-04-12 18:44:36.273166,Minor Detected
2025-04-12 18:44:36.370606,Minor Detected
2025-04-12 18:44:36.433205,Minor Detected
2025-04-12 18:44:36.508972,Minor Detected
2025-04-12 18:44:36.576718,Minor Detected
2025-04-12 18:44:36.646275,Minor Detected
2025-04-12 18:44:36.721727,Minor Detected
2025-04-12 18:44:36.789923,Minor Detected
2025-04-12 18:44:36.858341,Minor Detected
2025-04-12 18:44:36.929253,Minor Detected
2025-04-12 18:44:37.006834,Minor Detected
2025-04-12 18:44:37.067213,Minor Detected
2025-04-12 18:44:37.143734,Minor Detected
2025-04-12 18:44:37.286502,Minor Detected
2025-04-12 18:44:37.352317,Minor Detected
2025-04-12 18:44:37.428160,Minor Detected
2025-04-12 18:44:37.494471,Minor Detected
2025-04-12 18:44:37.643024,Minor Detected
2025-04-12 18:44:37.851446,Minor Detected
2025-04-12 18:44:37.918859,Minor Detected
2025-04-12 18:44:37.990736,Minor Detected
2025-04-12 18:44:39.659598,Minor Detected
2025-04-12 18:44:39.730069,Minor Detected
2025-04-12 18:44:39.790206,Minor Detected
2025-04-12 18:44:39.862257,Minor Detected
2025-04-12 18:44:40.142196,Minor Detected
2025-04-12 18:44:40.286573,Minor Detected
2025-04-12 18:44:41.776317,Minor Detected
2025-04-12 18:44:42.051045,Minor Detected
2025-04-12 18:44:42.126268,Minor Detected
2025-04-12 18:44:42.197412,Minor Detected
2025-04-12 18:44:42.272133,Minor Detected
2025-04-12 18:44:42.567851,Minor Detected
2025-04-12 18:44:42.661270,Minor Detected
2025-04-12 18:44:42.723300,Minor Detected
2025-04-12 18:44:42.796985,Minor Detected
2025-04-12 18:44:42.870889,Minor Detected
2025-04-12 18:44:42.943472,Minor Detected
2025-04-12 18:44:43.005103,Minor Detected
2025-04-12 18:44:43.998371,Minor Detected
2025-04-12 18:44:44.069388,Minor Detected
2025-04-12 18:44:44.139928,Minor Detected
2025-04-12 18:44:44.281137,Minor Detected
2025-04-12 18:44:44.356788,Minor Detected
2025-04-12 18:44:44.425932,Minor Detected
2025-04-12 18:44:44.494682,Minor Detected
2025-04-12 18:44:44.561114,Minor Detected
2025-04-12 18:44:44.640682,Minor Detected
2025-04-12 18:44:44.705255,Minor Detected
2025-04-12 18:44:44.776573,Minor Detected
2025-04-12 18:44:44.848785,Minor Detected
2025-04-12 18:44:44.917560,Minor Detected
2025-04-12 18:44:44.992399,Minor Detected
2025-04-12 18:44:45.207973,Minor Detected
2025-04-12 18:44:45.269333,Minor Detected
2025-04-12 18:44:45.697250,Minor Detected
2025-04-12 18:44:45.764431,Minor Detected
2025-04-12 18:44:45.836993,Minor Detected
2025-04-12 18:44:45.914562,Minor Detected
2025-04-12 18:44:45.981737,Minor Detected
2025-04-12 18:44:47.182675,Minor Detected
2025-04-12 18:44:47.745103,Minor Detected
2025-04-12 18:44:47.815257,Minor Detected
2025-04-12 18:44:47.957587,Minor Detected
2025-04-12 18:44:48.030933,Minor Detected
2025-04-12 18:44:48.097014,Minor Detected
2025-04-12 18:44:48.173846,Minor Detected
2025-04-12 18:44:54.905814,Minor Detected
2025-04-12 18:44:55.000846,Minor Detected
2025-04-12 18:44:55.409033,Minor Detected
2025-04-12 18:44:56.202046,Minor Detected
2025-04-12 18:44:56.272407,Minor Detected
2025-04-12 18:44:56.342912,Minor Detected
2025-04-12 18:44:56.414170,Minor Detected
2025-04-12 18:44:56.485079,Minor Detected
2025-04-12 18:44:56.553570,Minor Detected
2025-04-12 18:44:57.271991,Minor Detected
2025-04-12 18:44:57.820992,Minor Detected
2025-04-12 18:44:58.171654,Minor Detected
2025-04-12 18:44:58.244453,Minor Detected
2025-04-12 18:44:58.311902,Minor Detected
2025-04-12 18:44:58.390617,Minor Detected
2025-04-12 18:44:59.530015,Minor Detected
2025-04-12 18:44:59.633777,Minor Detected
2025-04-12 18:45:00.798743,Minor Detected
2025-04-12 18:45:00.867610,Minor Detected
2025-04-12 18:45:14.004289,Minor Detected
2025-04-12 18:45:14.082469,Minor Detected
2025-04-12 18:45:14.289242,Minor Detected
2025-04-12 18:45:14.361806,Minor Detected
2025-04-12 18:45:14.434974,Minor Detected
2025-04-12 18:45:14.501725,Minor Detected
2025-04-12 18:45:14.719086,Minor Detected
2025-04-12 18:45:14.784526,Minor Detected
2025-04-12 18:45:15.136549,Minor Detected
2025-04-12 18:45:15.210148,Minor Detected
2025-04-12 18:45:15.430933,Minor Detected
2025-04-12 18:45:15.642684,Minor Detected
2025-04-12 18:45:16.032753,Minor Detected
2025-04-12 18:45:16.638799,Minor Detected
2025-04-12 18:45:16.734060,Minor Detected
2025-04-12 18:45:16.796518,Minor Detected
2025-04-12 18:45:16.874087,Minor Detected
2025-04-12 18:45:16.939460,Minor Detected
2025-04-12 18:45:18.477533,Minor Detected
2025-04-12 18:45:20.941735,Minor Detected
2025-04-12 18:45:21.005532,Minor Detected
2025-04-12 18:45:21.077616,Minor Detected
2025-04-12 18:45:22.134513,Minor Detected
2025-04-12 18:45:23.997991,Minor Detected
2025-04-12 18:45:24.080827,Minor Detected
2025-04-12 18:45:24.219868,Minor Detected
2025-04-12 18:45:24.284417,Minor Detected
2025-04-12 18:45:24.507372,Minor Detected
2025-04-12 18:45:24.574805,Minor Detected
2025-04-12 18:45:24.646624,Minor Detected
2025-04-12 18:45:24.724505,Minor Detected
2025-04-12 18:45:24.787788,Minor Detected
2025-04-12 18:45:24.859000,Minor Detected
2025-04-12 18:45:24.916226,Minor Detected
2025-04-12 18:45:24.996713,Minor Detected
2025-04-12 18:45:25.057159,Minor Detected
2025-04-12 18:45:25.147857,Minor Detected
2025-04-12 18:45:25.211180,Minor Detected
2025-04-12 18:45:25.282376,Minor Detected
2025-04-12 18:45:25.358742,Minor Detected
2025-04-12 18:45:26.621879,Minor Detected
2025-04-12 18:45:26.773331,Minor Detected
2025-04-12 18:45:26.895433,Minor Detected
2025-04-12 18:45:26.971088,Minor Detected
2025-04-12 18:45:27.194614,Minor Detected
2025-04-12 18:45:27.263010,Minor Detected
2025-04-12 18:45:27.400488,Minor Detected
2025-04-12 18:45:27.544149,Minor Detected
2025-04-12 18:45:27.607118,Minor Detected
2025-04-12 18:45:27.695051,Minor Detected
2025-04-12 18:45:27.753121,Minor Detected
2025-04-12 18:45:27.816546,Minor Detected
2025-04-12 18:45:28.319648,Minor Detected
2025-04-12 18:45:28.394984,Minor Detected
2025-04-12 18:45:28.462743,Minor Detected
2025-04-12 18:45:28.537380,Minor Detected
2025-04-12 18:45:28.965814,Minor Detected
2025-04-12 18:45:29.810788,Minor Detected
2025-04-12 18:45:29.878209,Minor Detected
2025-04-12 18:45:32.178639,Minor Detected
2025-04-12 18:45:32.246946,Minor Detected
2025-04-12 18:45:32.321190,Minor Detected
2025-04-12 18:45:32.387023,Minor Detected
2025-04-12 18:45:32.459392,Minor Detected
2025-04-12 18:45:32.528425,Minor Detected
2025-04-12 18:45:32.599116,Minor Detected
2025-04-12 18:45:32.674768,Minor Detected
2025-04-12 18:45:32.740167,Minor Detected
2025-04-12 18:45:32.816614,Minor Detected
2025-04-12 18:45:32.879745,Minor Detected
2025-04-12 18:45:32.956840,Minor Detected
2025-04-12 18:45:33.025477,Minor Detected
2025-04-12 18:45:33.093629,Minor Detected
2025-04-12 18:45:33.239885,Minor Detected
2025-04-12 18:45:33.305879,Minor Detected
2025-04-12 18:45:33.379703,Minor Detected
2025-04-12 18:45:33.456471,Minor Detected
2025-04-12 18:45:33.526614,Minor Detected
2025-04-12 18:45:33.870810,Minor Detected
2025-04-12 18:45:33.945499,Minor Detected
2025-04-12 18:45:34.013268,Minor Detected
2025-04-12 18:45:34.084795,Minor Detected
2025-04-12 18:45:34.161779,Minor Detected
2025-04-12 18:45:34.224176,Minor Detected
2025-04-12 18:45:34.295472,Minor Detected
2025-04-12 18:45:34.370943,Minor Detected
2025-04-12 18:45:34.435693,Minor Detected
2025-04-12 18:45:34.509288,Minor Detected
2025-04-12 18:45:34.578723,Minor Detected
2025-04-12 18:45:34.652001,Minor Detected
2025-04-12 18:45:34.791558,Minor Detected
2025-04-12 18:45:34.874749,Minor Detected
2025-04-12 18:45:34.975994,Minor Detected
2025-04-12 18:45:35.036596,Minor Detected
2025-04-12 18:45:35.826067,Minor Detected
2025-04-12 18:45:35.957435,Minor Detected
2025-04-12 18:45:36.029205,Minor Detected
2025-04-12 18:45:36.110191,Minor Detected
2025-04-12 18:45:36.169024,Minor Detected
2025-04-12 18:45:36.240820,Minor Detected
2025-04-12 18:45:36.311970,Minor Detected
2025-04-12 18:45:36.857413,Minor Detected
2025-04-12 18:45:36.960615,Minor Detected
2025-04-12 18:45:37.027386,Minor Detected
2025-04-12 18:45:37.096071,Minor Detected
2025-04-12 18:45:37.371260,Minor Detected
2025-04-12 18:45:37.454715,Minor Detected
2025-04-12 18:45:37.567847,Minor Detected
2025-04-12 18:45:37.671396,Minor Detected
2025-04-12 18:45:37.839678,Minor Detected
2025-04-12 18:45:38.616796,Minor Detected
2025-04-12 18:45:38.675415,Minor Detected
2025-04-12 18:45:39.287911,Minor Detected
2025-04-12 18:45:39.363515,Minor Detected
2025-04-12 18:45:39.472641,Minor Detected
2025-04-12 18:45:40.494344,Minor Detected
2025-04-12 18:45:41.057333,Minor Detected
2025-04-12 18:45:41.126984,Minor Detected
2025-04-12 18:45:41.195751,Minor Detected
2025-04-12 18:45:41.277637,Minor Detected
2025-04-12 18:45:41.382858,Minor Detected
2025-04-12 18:45:43.295621,Minor Detected
2025-04-12 18:45:43.395243,Minor Detected
2025-04-12 18:45:43.503450,Minor Detected
2025-04-12 18:45:43.608414,Minor Detected
2025-04-12 18:45:43.716689,Minor Detected
2025-04-12 18:45:43.821960,Minor Detected
2025-04-12 18:45:43.922288,Minor Detected
2025-04-12 18:45:43.988832,Minor Detected
2025-04-12 18:45:44.060669,Minor Detected
2025-04-12 18:45:44.131572,Minor Detected
2025-04-12 18:45:44.202341,Minor Detected
2025-04-12 18:45:44.272313,Minor Detected
2025-04-12 18:45:44.343531,Minor Detected
2025-04-12 18:45:44.698395,Minor Detected
2025-04-12 18:45:44.766504,Minor Detected
2025-04-12 18:45:44.837534,Minor Detected
2025-04-12 18:45:44.908561,Minor Detected
2025-04-12 18:45:44.978544,Minor Detected
2025-04-12 18:45:45.054136,Minor Detected
2025-04-12 18:45:45.165637,Minor Detected
2025-04-12 18:45:45.270667,Minor Detected
2025-04-12 18:45:45.374126,Minor Detected
2025-04-12 18:45:45.485570,Minor Detected
2025-04-12 18:45:45.590626,Minor Detected
2025-04-12 18:45:45.694424,Minor Detected
2025-04-12 18:45:45.806162,Minor Detected
2025-04-12 18:45:46.652385,Minor Detected
2025-04-12 18:45:46.757349,Minor Detected
2025-04-12 18:45:46.860573,Minor Detected
2025-04-12 18:45:46.968952,Minor Detected
2025-04-12 18:45:47.072668,Minor Detected
2025-04-12 18:45:47.171709,Minor Detected
2025-04-12 18:45:47.241476,Minor Detected
2025-04-12 18:45:47.310879,Minor Detected
2025-04-12 18:45:47.381390,Minor Detected
2025-04-12 18:45:47.452571,Minor Detected
2025-04-12 18:45:47.523509,Minor Detected
2025-04-12 18:45:47.596058,Minor Detected
2025-04-12 18:45:47.665125,Minor Detected
2025-04-12 18:45:47.735237,Minor Detected
2025-04-12 18:45:47.807471,Minor Detected
2025-04-12 18:45:47.877163,Minor Detected
2025-04-12 18:45:47.944769,Minor Detected
2025-04-12 18:45:48.022351,Minor Detected
2025-04-12 18:45:48.089936,Minor Detected
2025-04-12 18:45:48.162479,Minor Detected
2025-04-12 18:45:48.372268,Minor Detected
2025-04-12 18:45:48.443515,Minor Detected
2025-04-12 18:45:48.511582,Minor Detected
2025-04-12 18:45:48.585141,Minor Detected
2025-04-12 18:45:48.727593,Minor Detected
2025-04-12 18:45:48.796340,Minor Detected
2025-04-12 18:45:48.868151,Minor Detected
2025-04-12 18:45:48.950229,Minor Detected
2025-04-12 18:45:49.053062,Minor Detected
2025-04-12 18:45:51.038415,Minor Detected
2025-04-12 18:45:51.469305,Minor Detected
2025-04-12 18:45:51.575332,Minor Detected
2025-04-12 18:45:51.891696,Minor Detected
2025-04-12 18:45:51.999866,Minor Detected
2025-04-12 18:45:52.099043,Minor Detected
2025-04-12 18:45:52.208938,Minor Detected
2025-04-12 18:45:52.319511,Minor Detected
2025-04-12 18:45:52.418588,Minor Detected
2025-04-12 18:45:52.531920,Minor Detected
2025-04-12 18:45:52.633451,Minor Detected
2025-04-12 18:45:52.738882,Minor Detected
2025-04-12 18:45:52.862299,Minor Detected
2025-04-12 18:45:52.944994,Minor Detected
2025-04-12 18:45:53.057746,Minor Detected
2025-04-12 18:45:53.163898,Minor Detected
2025-04-12 18:45:53.265912,Minor Detected
2025-04-12 18:45:53.472116,Minor Detected
2025-04-12 18:45:53.576338,Minor Detected
2025-04-12 18:45:53.681888,Minor Detected
2025-04-12 18:45:53.791487,Minor Detected
2025-04-12 18:45:53.899556,Minor Detected
2025-04-12 18:45:54.015137,Minor Detected
2025-04-12 18:45:54.114003,Minor Detected
2025-04-12 18:45:54.226485,Minor Detected
2025-04-12 18:45:54.427568,Minor Detected
2025-04-12 18:45:54.547087,Minor Detected
2025-04-12 18:45:54.638289,Minor Detected
2025-04-12 18:45:54.852786,Minor Detected
2025-04-12 18:45:55.277370,Minor Detected
2025-04-12 18:45:55.502129,Minor Detected
2025-04-12 18:45:55.594147,Minor Detected
2025-04-12 18:45:55.702166,Minor Detected
2025-04-12 18:45:55.803851,Minor Detected
2025-04-12 18:45:55.911972,Minor Detected
2025-04-12 18:45:56.005267,Minor Detected
2025-04-12 18:45:56.068905,Minor Detected
2025-04-12 18:45:56.142547,Minor Detected
2025-04-12 18:45:56.209481,Minor Detected
2025-04-12 18:45:56.295482,Minor Detected
2025-04-12 18:45:56.403970,Minor Detected
2025-04-12 18:45:56.510881,Minor Detected
2025-04-12 18:45:56.618560,Minor Detected
2025-04-12 18:45:56.719822,Minor Detected
2025-04-12 18:45:56.827208,Minor Detected
2025-04-12 18:45:57.243983,Minor Detected
2025-04-12 18:46:02.085467,Minor Detected
2025-04-12 18:46:02.157957,Minor Detected
2025-04-12 18:46:02.232216,Minor Detected
2025-04-12 18:46:02.341098,Minor Detected
2025-04-12 18:46:02.449173,Minor Detected
2025-04-12 18:46:02.542744,Minor Detected
2025-04-12 18:46:02.615159,Minor Detected
2025-04-12 18:46:02.687303,Minor Detected
2025-04-12 18:46:02.750242,Minor Detected
2025-04-12 18:46:02.823615,Minor Detected
2025-04-12 18:46:02.893685,Minor Detected
2025-04-12 18:46:02.961488,Minor Detected
2025-04-12 18:46:03.037228,Minor Detected
2025-04-12 18:46:03.176354,Minor Detected
2025-04-12 18:46:03.244147,Minor Detected
2025-04-12 18:46:03.322597,Minor Detected
2025-04-12 18:46:03.384808,Minor Detected
2025-04-12 18:46:03.460743,Minor Detected
2025-04-12 18:46:03.528771,Minor Detected
2025-04-12 18:46:03.609379,Minor Detected
2025-04-12 18:46:03.677383,Minor Detected
2025-04-12 18:46:03.747917,Minor Detected
2025-04-12 18:46:03.818512,Minor Detected
2025-04-12 18:46:03.888295,Minor Detected
2025-04-12 18:46:03.962313,Minor Detected
2025-04-12 18:46:04.242610,Minor Detected
2025-04-12 18:46:04.314511,Minor Detected
2025-04-12 18:46:04.385475,Minor Detected
2025-04-12 18:46:04.455446,Minor Detected
2025-04-12 18:46:04.526526,Minor Detected
2025-04-12 18:46:04.667294,Minor Detected
2025-04-12 18:46:04.737719,Minor Detected
2025-04-12 18:46:04.811937,Minor Detected
2025-04-12 18:46:04.878817,Minor Detected
2025-04-12 18:46:05.079439,Minor Detected
2025-04-12 18:46:05.180956,Minor Detected
2025-04-12 18:46:05.285085,Minor Detected
2025-04-12 18:46:05.383651,Minor Detected
2025-04-12 18:46:05.488993,Minor Detected
2025-04-12 18:46:05.591084,Minor Detected
2025-04-12 18:46:05.658225,Minor Detected
2025-04-12 18:46:05.940140,Minor Detected
2025-04-12 18:46:06.010452,Minor Detected
2025-04-12 18:46:06.081548,Minor Detected
2025-04-12 18:46:06.151535,Minor Detected
2025-04-12 18:46:06.210990,Minor Detected
2025-04-12 18:46:06.292833,Minor Detected
2025-04-12 18:46:06.353886,Minor Detected
2025-04-12 18:46:06.427164,Minor Detected
2025-04-12 18:46:06.496681,Minor Detected
2025-04-12 18:46:06.573062,Minor Detected
2025-04-12 18:46:06.638705,Minor Detected
2025-04-12 18:46:06.715257,Minor Detected
2025-04-12 18:46:06.779120,Minor Detected
2025-04-12 18:46:06.852567,Minor Detected
2025-04-12 18:46:07.043138,Minor Detected
2025-04-12 18:46:07.152367,Minor Detected
2025-04-12 18:46:07.240796,Minor Detected
2025-04-12 18:46:07.312779,Minor Detected
2025-04-12 18:46:07.380535,Minor Detected
2025-04-12 18:46:07.456976,Minor Detected
2025-04-12 18:46:07.522935,Minor Detected
2025-04-12 18:46:07.596511,Minor Detected
2025-04-12 18:46:07.663988,Minor Detected
2025-04-12 18:46:08.304082,Minor Detected
2025-04-12 18:46:08.374233,Minor Detected
2025-04-12 18:46:08.443653,Minor Detected
2025-04-12 18:46:08.513412,Minor Detected
2025-04-12 18:46:08.586991,Minor Detected
2025-04-12 18:46:08.655081,Minor Detected
2025-04-12 18:46:09.226242,Minor Detected
2025-04-12 18:46:09.286442,Minor Detected
2025-04-12 18:46:09.433421,Minor Detected
2025-04-12 18:46:09.504268,Minor Detected
2025-04-12 18:46:09.582120,Minor Detected
2025-04-12 18:46:09.646034,Minor Detected
2025-04-12 18:46:09.714988,Minor Detected
2025-04-12 18:46:09.790751,Minor Detected
2025-04-12 18:46:09.853793,Minor Detected
2025-04-12 18:46:09.930611,Minor Detected
2025-04-12 18:46:09.997211,Minor Detected
2025-04-12 18:46:10.071782,Minor Detected
2025-04-12 18:46:10.136149,Minor Detected
2025-04-12 18:46:10.211517,Minor Detected
2025-04-12 18:46:10.283379,Minor Detected
2025-04-12 18:46:10.353498,Minor Detected
2025-04-12 18:46:10.563892,Minor Detected
2025-04-12 18:46:10.636372,Minor Detected
2025-04-12 18:46:10.709999,Minor Detected
2025-04-12 18:46:10.773748,Minor Detected
2025-04-12 18:46:10.848722,Minor Detected
2025-04-12 18:46:10.919606,Minor Detected
2025-04-12 18:46:10.990861,Minor Detected
2025-04-12 18:46:11.058976,Minor Detected
2025-04-12 18:46:11.415168,Minor Detected
2025-04-12 18:46:11.481344,Minor Detected
2025-04-12 18:46:11.553977,Minor Detected
2025-04-12 18:46:11.628226,Minor Detected
2025-04-12 18:46:12.128181,Minor Detected
2025-04-12 18:46:12.262438,Minor Detected
2025-04-12 18:46:12.583416,Minor Detected
2025-04-12 18:46:12.650587,Minor Detected
2025-04-12 18:46:12.722339,Minor Detected
2025-04-12 18:46:12.796482,Minor Detected
2025-04-12 18:46:12.871680,Minor Detected
2025-04-12 18:46:13.019378,Minor Detected
2025-04-12 19:12:42.471343,Minor Detected
2025-04-12 19:12:42.542482,Minor Detected
2025-04-12 19:12:42.614257,Minor Detected
2025-04-12 19:12:42.769153,Minor Detected
2025-04-12 19:12:43.001952,Minor Detected
2025-04-12 19:12:43.076084,Minor Detected
2025-04-12 19:12:43.349013,Minor Detected
2025-04-12 19:12:44.829641,Minor Detected
2025-04-12 19:12:45.814072,Minor Detected
2025-04-12 19:12:45.875365,Minor Detected
2025-04-12 19:12:45.940085,Minor Detected
2025-04-12 19:12:46.012970,Minor Detected
2025-04-12 19:12:46.082459,Minor Detected
2025-04-12 19:12:46.162063,Minor Detected
2025-04-12 19:12:46.229627,Minor Detected
2025-04-12 19:12:48.791469,Minor Detected
2025-04-12 19:12:48.867774,Minor Detected
2025-04-12 19:12:48.921785,Minor Detected
2025-04-12 19:12:49.065624,Minor Detected
2025-04-12 19:12:49.201236,Minor Detected
2025-04-12 19:12:49.947262,Minor Detected
2025-04-12 19:12:50.160479,Minor Detected
2025-04-12 19:12:53.625402,Minor Detected
2025-04-12 19:12:55.282299,Minor Detected
2025-04-12 19:12:55.424248,Minor Detected
2025-04-12 19:12:55.559724,Minor Detected
2025-04-12 19:12:55.615359,Minor Detected
2025-04-12 19:12:55.827985,Minor Detected
2025-04-12 19:12:55.883116,Minor Detected
2025-04-12 19:12:55.947855,Minor Detected
2025-04-12 19:12:56.022831,Minor Detected
2025-04-12 19:12:56.090861,Minor Detected
2025-04-12 19:12:56.159059,Minor Detected
2025-04-12 19:12:56.218340,Minor Detected
2025-04-12 19:12:56.293560,Minor Detected
2025-04-12 19:12:56.349856,Minor Detected
2025-04-12 19:12:56.420884,Minor Detected
2025-04-12 19:12:56.484368,Minor Detected
2025-04-12 19:12:56.760456,Minor Detected
2025-04-12 19:12:57.092012,Minor Detected
2025-04-12 19:12:57.218399,Minor Detected
2025-04-12 19:12:57.293737,Minor Detected
2025-04-12 19:12:57.349645,Minor Detected
2025-04-12 19:12:57.459720,Minor Detected
2025-04-12 19:12:57.521349,Minor Detected
2025-04-12 19:12:57.591512,Minor Detected
2025-04-12 19:12:57.656822,Minor Detected
2025-04-12 19:12:57.723009,Minor Detected
2025-04-12 19:12:57.792158,Minor Detected
2025-04-12 19:12:57.854125,Minor Detected
2025-04-12 19:12:57.921599,Minor Detected
2025-04-12 19:12:57.991605,Minor Detected
2025-04-12 19:12:58.062133,Minor Detected
2025-04-12 19:12:58.116458,Minor Detected
2025-04-12 19:12:58.388636,Minor Detected
2025-04-12 19:12:58.461649,Minor Detected
2025-04-12 19:12:58.519471,Minor Detected
2025-04-12 19:12:58.590435,Minor Detected
2025-04-12 19:12:58.652678,Minor Detected
2025-04-12 19:12:58.725496,Minor Detected
2025-04-12 19:12:58.786587,Minor Detected
2025-04-12 19:12:58.852868,Minor Detected
2025-04-12 19:12:58.920013,Minor Detected
2025-04-12 19:12:58.987112,Minor Detected
2025-04-12 19:12:59.058674,Minor Detected
2025-04-12 19:12:59.119945,Minor Detected
2025-04-12 19:12:59.250057,Minor Detected
2025-04-12 19:12:59.319113,Minor Detected
2025-04-12 19:12:59.388188,Minor Detected
2025-04-12 19:12:59.462674,Minor Detected
2025-04-12 19:12:59.519209,Minor Detected
2025-04-12 19:12:59.594303,Minor Detected
2025-04-12 19:12:59.654107,Minor Detected
2025-04-12 19:12:59.726961,Minor Detected
2025-04-12 19:12:59.786480,Minor Detected
2025-04-12 19:12:59.863105,Minor Detected
2025-04-12 19:12:59.922097,Minor Detected
2025-04-12 19:12:59.983385,Minor Detected
2025-04-12 19:13:00.049368,Minor Detected
2025-04-12 19:13:00.394579,Minor Detected
2025-04-12 19:13:00.931970,Minor Detected
2025-04-12 19:13:01.125255,Minor Detected
2025-04-12 19:13:04.459827,Minor Detected
2025-04-12 19:13:04.662997,Minor Detected
2025-04-12 19:13:04.926310,Minor Detected
2025-04-12 19:13:05.128320,Minor Detected
2025-04-12 19:13:05.330935,Minor Detected
2025-04-12 19:13:05.393681,Minor Detected
2025-04-12 19:13:05.529245,Minor Detected
2025-04-12 19:13:05.597702,Minor Detected
2025-04-12 19:13:06.332679,Minor Detected
2025-04-12 19:13:06.596884,Minor Detected
2025-04-12 19:13:06.658837,Minor Detected
2025-04-12 19:13:06.796598,Minor Detected
2025-04-12 19:13:06.864774,Minor Detected
2025-04-12 19:13:06.928163,Minor Detected
2025-04-12 19:13:07.066198,Minor Detected
2025-04-12 19:13:07.697926,Minor Detected
2025-04-12 19:13:07.842325,Minor Detected
2025-04-12 19:13:08.290396,Minor Detected
2025-04-12 19:13:08.709228,Minor Detected
2025-04-12 19:13:08.833626,Minor Detected
2025-04-12 19:13:08.906558,Minor Detected
2025-04-12 19:13:08.970967,Minor Detected
2025-04-12 19:13:10.214362,Minor Detected
2025-04-12 19:13:10.282466,Minor Detected
2025-04-12 19:13:10.572283,Minor Detected
2025-04-12 19:13:10.641134,Minor Detected
2025-04-12 19:13:10.714359,Minor Detected
2025-04-12 19:13:10.774097,Minor Detected
2025-04-12 19:13:10.847606,Minor Detected
2025-04-12 19:13:10.928612,Minor Detected
2025-04-12 19:13:10.987242,Minor Detected
2025-04-12 19:13:12.830368,Minor Detected
2025-04-12 19:13:12.898222,Minor Detected
2025-04-12 19:13:13.395780,Minor Detected
2025-04-12 19:13:15.128447,Minor Detected
2025-04-12 19:13:15.196358,Minor Detected
2025-04-12 19:13:15.260442,Minor Detected
2025-04-12 19:13:15.327642,Minor Detected
2025-04-12 19:13:15.395460,Minor Detected
2025-04-12 19:13:15.464930,Minor Detected
2025-04-12 19:13:15.525079,Minor Detected
2025-04-12 19:13:15.586338,Minor Detected
2025-04-12 19:13:15.729475,Minor Detected
2025-04-12 19:13:15.864530,Minor Detected
2025-04-12 19:13:16.456244,Minor Detected
2025-04-12 19:13:16.527505,Minor Detected
2025-04-12 19:13:16.595319,Minor Detected
2025-04-12 19:13:16.677521,Minor Detected
2025-04-12 19:13:16.749130,Minor Detected
2025-04-12 19:13:16.821148,Minor Detected
2025-04-12 19:13:16.888479,Minor Detected
2025-04-12 19:13:16.948294,Minor Detected
2025-04-12 19:13:17.176746,Minor Detected
2025-04-12 19:13:20.630828,Minor Detected
2025-04-12 19:13:20.694344,Minor Detected
2025-04-12 19:13:20.768270,Minor Detected
2025-04-12 19:13:20.845122,Minor Detected
2025-04-12 19:13:20.914988,Minor Detected
2025-04-12 19:13:20.971935,Minor Detected
2025-04-12 19:13:21.046180,Minor Detected
2025-04-12 19:13:21.126717,Minor Detected
2025-04-12 19:13:21.198692,Minor Detected
2025-04-12 19:13:21.263121,Minor Detected
2025-04-12 19:13:21.333293,Minor Detected
2025-04-12 19:13:21.404495,Minor Detected
2025-04-12 19:13:21.479800,Minor Detected
2025-04-12 19:13:21.546293,Minor Detected
2025-04-12 19:13:21.617197,Minor Detected
2025-04-12 19:13:21.681678,Minor Detected
2025-04-12 19:13:21.762072,Minor Detected
2025-04-12 19:13:21.832983,Minor Detected
2025-04-12 19:13:21.896594,Minor Detected
2025-04-12 19:13:21.965302,Minor Detected
2025-04-12 19:13:22.044424,Minor Detected
2025-04-12 19:13:22.113452,Minor Detected
2025-04-12 19:13:22.179606,Minor Detected
2025-04-12 19:13:22.251756,Minor Detected
2025-04-12 19:13:22.330804,Minor Detected
2025-04-12 19:13:22.397324,Minor Detected
2025-04-12 19:13:22.466717,Minor Detected
2025-04-12 19:13:22.531142,Minor Detected
2025-04-12 19:13:22.612157,Minor Detected
2025-04-12 19:13:22.744687,Minor Detected
2025-04-12 19:13:22.814323,Minor Detected
2025-04-12 19:13:22.896536,Minor Detected
2025-04-12 19:13:22.957874,Minor Detected
2025-04-12 19:13:23.099415,Minor Detected
2025-04-12 19:13:23.462939,Minor Detected
2025-04-12 19:13:23.527620,Minor Detected
2025-04-12 19:13:23.596561,Minor Detected
2025-04-12 19:13:23.662610,Minor Detected
2025-04-12 19:13:23.741946,Minor Detected
2025-04-12 19:13:23.813700,Minor Detected
2025-04-12 19:13:23.881210,Minor Detected
2025-04-12 19:13:25.649800,Minor Detected
2025-04-12 19:13:25.712848,Minor Detected
2025-04-12 19:13:25.865207,Minor Detected
2025-04-12 19:13:25.927266,Minor Detected
2025-04-12 19:13:25.991448,Minor Detected
2025-04-12 19:13:26.067255,Minor Detected
2025-04-12 19:13:26.147710,Minor Detected
2025-04-12 19:13:26.211314,Minor Detected
2025-04-12 19:13:26.282047,Minor Detected
2025-04-12 19:13:26.348071,Minor Detected
2025-04-12 19:13:26.431108,Minor Detected
2025-04-12 19:13:26.496338,Minor Detected
2025-04-12 19:13:26.562484,Minor Detected
2025-04-12 19:13:26.634320,Minor Detected
2025-04-12 19:13:26.712510,Minor Detected
2025-04-12 19:13:26.777098,Minor Detected
2025-04-12 19:13:26.993928,Minor Detected
2025-04-12 19:13:27.063616,Minor Detected
2025-04-12 19:13:27.128688,Minor Detected
2025-04-12 19:13:27.197386,Minor Detected
2025-04-12 19:13:27.411417,Minor Detected
2025-04-12 19:13:27.560846,Minor Detected
2025-04-12 19:13:27.628407,Minor Detected
2025-04-12 19:13:28.120597,Minor Detected
2025-04-12 19:13:28.899494,Minor Detected
2025-04-12 19:13:29.049529,Minor Detected
2025-04-12 19:13:29.108248,Minor Detected
2025-04-12 19:13:29.182555,Minor Detected
2025-04-12 19:13:29.251820,Minor Detected
2025-04-12 19:13:29.469048,Minor Detected
2025-04-12 19:13:29.611922,Minor Detected
2025-04-12 19:13:29.819189,Minor Detected
2025-04-12 19:13:30.098707,Minor Detected
2025-04-12 19:13:30.460547,Minor Detected
2025-04-12 19:13:30.600307,Minor Detected
2025-04-12 19:13:30.812329,Minor Detected
2025-04-12 19:13:32.017544,Minor Detected
2025-04-12 19:13:35.265281,Minor Detected
2025-04-12 19:13:36.783669,Minor Detected
2025-04-12 19:13:36.843961,Minor Detected
2025-04-12 19:13:36.923811,Minor Detected
2025-04-12 19:13:36.995482,Minor Detected
2025-04-12 19:13:37.215182,Minor Detected
2025-04-12 19:13:37.282821,Minor Detected
2025-04-12 19:13:37.354266,Minor Detected
2025-04-12 19:13:37.424663,Minor Detected
2025-04-12 19:13:37.493916,Minor Detected
2025-04-12 19:13:37.569525,Minor Detected
2025-04-12 19:13:38.127978,Minor Detected
2025-04-12 19:13:38.273024,Minor Detected
2025-04-12 19:13:38.342485,Minor Detected
2025-04-12 19:13:38.412081,Minor Detected
2025-04-12 19:13:38.468956,Minor Detected
2025-04-12 19:13:40.179528,Minor Detected
2025-04-12 19:13:40.246307,Minor Detected
2025-04-12 19:13:40.312386,Minor Detected
2025-04-12 19:13:40.464978,Minor Detected
2025-04-12 19:13:41.097457,Minor Detected
2025-04-12 19:13:41.233452,Minor Detected
2025-04-12 19:13:41.308519,Minor Detected
2025-04-12 19:13:41.595925,Minor Detected
2025-04-12 19:13:42.437447,Minor Detected
2025-04-12 19:13:42.584827,Minor Detected
2025-04-12 19:13:42.647288,Minor Detected
2025-04-12 19:13:42.934259,Minor Detected
2025-04-12 19:13:45.419117,Minor Detected
2025-04-12 19:13:45.908222,Minor Detected
2025-04-12 19:13:46.411457,Minor Detected
2025-04-12 19:13:46.477422,Minor Detected
2025-04-12 19:13:46.549497,Minor Detected
2025-04-12 19:13:46.622859,Minor Detected
2025-04-12 19:13:47.261227,Minor Detected
2025-04-12 19:13:47.680730,Minor Detected
2025-04-12 19:13:47.898218,Minor Detected
2025-04-12 19:13:47.959550,Minor Detected
2025-04-12 19:13:48.039257,Minor Detected
2025-04-12 19:13:48.120121,Minor Detected
2025-04-12 19:13:48.183778,Minor Detected
2025-04-12 19:13:48.255000,Minor Detected
2025-04-12 19:13:48.351879,Minor Detected
2025-04-12 19:13:48.499821,Minor Detected
2025-04-12 19:13:48.566464,Minor Detected
2025-04-12 19:13:48.636849,Minor Detected
2025-04-12 19:13:48.714256,Minor Detected
2025-04-12 19:13:48.923669,Minor Detected
2025-04-12 19:13:48.994613,Minor Detected
2025-04-12 19:13:49.065002,Minor Detected
2025-04-12 19:13:49.127985,Minor Detected
2025-04-12 19:13:49.210897,Minor Detected
2025-04-12 19:13:49.285069,Minor Detected
2025-04-12 19:13:49.355280,Minor Detected
2025-04-12 19:13:49.425330,Minor Detected
2025-04-12 19:13:49.493430,Minor Detected
2025-04-12 19:13:49.553444,Minor Detected
2025-04-12 19:13:49.643999,Minor Detected
2025-04-12 19:13:49.703274,Minor Detected
2025-04-12 19:13:49.764821,Minor Detected
2025-04-12 19:13:49.845231,Minor Detected
2025-04-12 19:13:49.925910,Minor Detected
2025-04-12 19:13:49.987473,Minor Detected
2025-04-12 19:13:50.060101,Minor Detected
2025-04-12 19:13:50.128351,Minor Detected
2025-04-12 19:13:50.208190,Minor Detected
2025-04-12 19:13:50.273868,Minor Detected
2025-04-12 19:13:50.343754,Minor Detected
2025-04-12 19:13:50.492891,Minor Detected
2025-04-12 19:13:50.551195,Minor Detected
2025-04-12 19:13:50.697994,Minor Detected
2025-04-12 19:13:50.772297,Minor Detected
2025-04-12 19:13:50.838827,Minor Detected
2025-04-12 19:13:50.912541,Minor Detected
2025-04-12 19:13:50.981574,Minor Detected
2025-04-12 19:13:51.035245,Minor Detected
2025-04-12 19:13:51.117062,Minor Detected
2025-04-12 19:13:51.400674,Minor Detected
2025-04-12 19:13:51.468204,Minor Detected
2025-04-12 19:13:51.534446,Minor Detected
2025-04-12 19:13:51.601819,Minor Detected
2025-04-12 19:13:51.692742,Minor Detected
2025-04-12 19:13:51.761782,Minor Detected
2025-04-12 19:13:51.828496,Minor Detected
2025-04-12 19:13:51.902090,Minor Detected
2025-04-12 19:13:51.979844,Minor Detected
2025-04-12 19:13:52.041219,Minor Detected
2025-04-12 19:13:52.112800,Minor Detected
2025-04-12 19:13:52.187703,Minor Detected
2025-04-12 19:13:52.254826,Minor Detected
2025-04-12 19:13:52.825671,Minor Detected
2025-04-12 19:13:52.892447,Minor Detected
2025-04-12 19:13:54.335819,Minor Detected
2025-04-12 19:13:54.416869,Minor Detected
2025-04-12 19:13:54.481669,Minor Detected
2025-04-12 19:13:54.554441,Minor Detected
2025-04-12 19:13:54.627654,Minor Detected
2025-04-12 19:13:54.697137,Minor Detected
2025-04-12 19:13:54.764328,Minor Detected
2025-04-12 19:13:54.842777,Minor Detected
2025-04-12 19:13:54.914275,Minor Detected
2025-04-12 19:13:54.978093,Minor Detected
2025-04-12 19:13:55.049198,Minor Detected
2025-04-12 19:13:55.123174,Minor Detected
2025-04-12 19:13:55.192891,Minor Detected
2025-04-12 19:13:55.263310,Minor Detected
2025-04-12 19:13:55.331733,Minor Detected
2025-04-12 19:13:55.400954,Minor Detected
2025-04-12 19:13:55.481838,Minor Detected
2025-04-12 19:13:55.543914,Minor Detected
2025-04-12 19:13:55.613577,Minor Detected
2025-04-12 19:13:55.689932,Minor Detected
2025-04-12 19:13:55.758201,Minor Detected
2025-04-12 19:13:55.829758,Minor Detected
2025-04-12 19:13:55.900392,Minor Detected
2025-04-12 19:13:55.969271,Minor Detected
2025-04-12 19:13:56.035439,Minor Detected
2025-04-12 19:13:56.959269,Minor Detected
2025-04-12 19:13:57.031245,Minor Detected
2025-04-12 19:13:57.099996,Minor Detected
2025-04-12 19:13:57.169179,Minor Detected
2025-04-12 19:13:57.312973,Minor Detected
2025-04-12 19:13:58.584652,Minor Detected
2025-04-12 19:13:58.661150,Minor Detected
2025-04-12 19:13:58.729314,Minor Detected
2025-04-12 19:13:58.798918,Minor Detected
2025-04-12 19:13:58.868100,Minor Detected
2025-04-12 19:13:58.942282,Minor Detected
2025-04-12 19:13:59.016229,Minor Detected
2025-04-12 19:13:59.080738,Minor Detected
2025-04-12 19:13:59.149200,Minor Detected
2025-04-12 19:13:59.230717,Minor Detected
2025-04-12 19:13:59.292262,Minor Detected
2025-04-12 19:13:59.364825,Minor Detected
2025-04-12 19:13:59.433619,Minor Detected
2025-04-12 19:13:59.510062,Minor Detected
2025-04-12 19:13:59.577713,Minor Detected
2025-04-12 19:13:59.718937,Minor Detected
2025-04-12 19:13:59.790726,Minor Detected
2025-04-12 19:13:59.863367,Minor Detected
2025-04-12 19:13:59.929545,Minor Detected
2025-04-12 19:14:00.000925,Minor Detected
2025-04-12 19:14:00.069606,Minor Detected
2025-04-12 19:14:00.148722,Minor Detected
2025-04-12 19:14:00.213524,Minor Detected
2025-04-12 19:14:00.282406,Minor Detected
2025-04-12 19:14:00.358108,Minor Detected
2025-04-12 19:14:00.425607,Minor Detected
2025-04-12 19:14:00.497330,Minor Detected
2025-04-12 19:14:00.567454,Minor Detected
2025-04-12 19:14:00.713254,Minor Detected
2025-04-12 19:14:00.783543,Minor Detected
2025-04-12 19:14:00.848228,Minor Detected
2025-04-12 19:14:00.922585,Minor Detected
2025-04-12 19:14:00.997803,Minor Detected
2025-04-12 19:14:01.133596,Minor Detected
2025-04-12 19:14:01.201476,Minor Detected
2025-04-12 19:14:01.278109,Minor Detected
2025-04-12 19:14:01.346421,Minor Detected
2025-04-12 19:14:01.415138,Minor Detected
2025-04-12 19:14:01.473599,Minor Detected
2025-04-12 19:14:01.555249,Minor Detected
2025-04-12 19:14:01.634246,Minor Detected
2025-04-12 19:14:01.684177,Minor Detected
2025-04-12 19:14:01.757904,Minor Detected
2025-04-12 19:14:01.844620,Minor Detected
2025-04-12 19:14:01.897355,Minor Detected
2025-04-12 19:14:01.983231,Minor Detected
2025-04-12 19:14:02.052555,Minor Detected
2025-04-12 19:14:02.124965,Minor Detected
2025-04-12 19:14:02.195994,Minor Detected
2025-04-12 19:14:02.267518,Minor Detected
2025-04-12 19:14:02.335103,Minor Detected
2025-04-12 19:14:02.408621,Minor Detected
2025-04-12 19:14:02.479902,Minor Detected
2025-04-12 19:14:02.550440,Minor Detected
2025-04-12 19:14:02.618367,Minor Detected
2025-04-12 19:14:02.768928,Minor Detected
2025-04-12 19:14:02.828434,Minor Detected
2025-04-12 19:14:02.901363,Minor Detected
2025-04-12 19:14:02.972112,Minor Detected
2025-04-12 19:14:03.047214,Minor Detected
2025-04-12 19:14:03.117893,Minor Detected
2025-04-12 19:14:03.184849,Minor Detected
2025-04-12 19:14:03.254906,Minor Detected
2025-04-12 19:14:03.326241,Minor Detected
2025-04-12 19:14:03.400465,Minor Detected
2025-04-12 19:14:03.466138,Minor Detected
2025-04-12 19:14:03.541547,Minor Detected
2025-04-12 19:14:03.605814,Minor Detected
2025-04-12 19:14:03.685347,Minor Detected
2025-04-12 19:14:03.747941,Minor Detected
2025-04-12 19:14:03.820404,Minor Detected
2025-04-12 19:14:03.895217,Minor Detected
2025-04-12 19:14:03.987026,Minor Detected
2025-04-12 19:14:04.080500,Minor Detected
2025-04-12 19:14:04.139349,Minor Detected
2025-04-12 19:14:04.208571,Minor Detected
2025-04-12 19:14:04.340507,Minor Detected
2025-04-12 19:14:04.472901,Minor Detected
2025-04-12 19:14:04.542986,Minor Detected
2025-04-12 19:14:04.607441,Minor Detected
2025-04-12 19:14:04.741988,Minor Detected
2025-04-12 19:14:04.806785,Minor Detected
2025-04-12 19:14:04.871881,Minor Detected
2025-04-12 19:14:04.942165,Minor Detected
2025-04-12 19:14:05.007286,Minor Detected
2025-04-12 19:14:05.076325,Minor Detected
2025-04-12 19:14:05.138772,Minor Detected
2025-04-12 19:14:05.210386,Minor Detected
2025-04-12 19:14:05.273279,Minor Detected
2025-04-12 19:14:05.354871,Minor Detected
2025-04-12 19:14:05.451985,Minor Detected
2025-04-12 19:14:05.505552,Minor Detected
2025-04-12 19:14:05.577360,Minor Detected
2025-04-12 19:14:05.642085,Minor Detected
2025-04-12 19:14:05.720401,Minor Detected
2025-04-12 19:14:05.830929,Minor Detected
2025-04-12 19:14:05.927078,Minor Detected
2025-04-12 19:14:06.022710,Minor Detected
2025-04-12 19:14:06.118982,Minor Detected
2025-04-12 19:14:06.224454,Minor Detected
2025-04-12 19:14:06.319107,Minor Detected
2025-04-12 19:14:06.385473,Minor Detected
2025-04-12 19:14:06.441146,Minor Detected
2025-04-12 19:14:06.511815,Minor Detected
2025-04-12 19:14:06.575268,Minor Detected
2025-04-12 19:14:06.645273,Minor Detected
2025-04-12 19:14:06.709043,Minor Detected
2025-04-12 19:14:06.776319,Minor Detected
2025-04-12 19:14:06.846253,Minor Detected
2025-04-12 19:14:06.908845,Minor Detected
2025-04-12 19:14:07.111294,Minor Detected
2025-04-12 19:14:07.174324,Minor Detected
2025-04-12 19:14:07.312087,Minor Detected
2025-04-12 19:14:07.374393,Minor Detected
2025-04-12 19:14:07.448983,Minor Detected
2025-04-12 19:14:07.510312,Minor Detected
2025-04-12 19:14:07.711920,Minor Detected
2025-04-12 19:14:07.777260,Minor Detected
2025-04-12 19:14:07.846628,Minor Detected
2025-04-12 19:14:07.977006,Minor Detected
2025-04-12 19:14:08.046410,Minor Detected
2025-04-12 19:14:08.182965,Minor Detected
2025-04-12 19:14:08.246038,Minor Detected
2025-04-12 19:14:08.311615,Minor Detected
2025-04-12 19:14:08.377172,Minor Detected
2025-04-12 19:14:08.446470,Minor Detected
2025-04-12 19:14:08.578237,Minor Detected
2025-04-12 19:14:08.782941,Minor Detected
2025-04-12 19:14:08.846946,Minor Detected
2025-04-12 19:14:08.979075,Minor Detected
2025-04-12 19:14:09.047631,Minor Detected
2025-04-12 19:14:09.110677,Minor Detected
2025-04-12 19:14:09.450189,Minor Detected
2025-04-12 19:14:09.511901,Minor Detected
2025-04-12 19:14:09.584106,Minor Detected
2025-04-12 19:14:09.646581,Minor Detected
2025-04-12 19:14:09.714339,Minor Detected
2025-04-12 19:14:09.852605,Minor Detected
2025-04-12 19:14:09.916186,Minor Detected
2025-04-12 19:14:09.978461,Minor Detected
2025-04-12 19:14:10.049344,Minor Detected
2025-04-12 19:14:10.111875,Minor Detected
2025-04-12 19:14:10.178713,Minor Detected
2025-04-12 19:14:10.248088,Minor Detected
2025-04-12 19:14:10.312795,Minor Detected
2025-04-12 19:14:10.381544,Minor Detected
2025-04-12 19:14:10.448478,Minor Detected
2025-04-12 19:14:10.512820,Minor Detected
2025-04-12 19:14:10.580484,Minor Detected
2025-04-12 19:14:10.649335,Minor Detected
2025-04-12 19:14:10.712550,Minor Detected
2025-04-12 19:14:10.780007,Minor Detected
2025-04-12 19:14:10.846083,Minor Detected
2025-04-12 19:14:10.915198,Minor Detected
2025-04-12 19:14:10.979491,Minor Detected
2025-04-12 19:14:11.045668,Minor Detected
2025-04-12 19:14:11.114837,Minor Detected
2025-04-12 19:14:11.182774,Minor Detected
2025-04-12 19:14:11.250113,Minor Detected
2025-04-12 19:14:11.313240,Minor Detected
2025-04-12 19:14:11.382784,Minor Detected
2025-04-12 19:14:11.451190,Minor Detected
2025-04-12 19:14:11.512758,Minor Detected
2025-04-12 19:14:11.579880,Minor Detected
2025-04-12 19:14:11.713273,Minor Detected
2025-04-12 19:14:11.782299,Minor Detected
2025-04-12 19:14:11.850520,Minor Detected
2025-04-12 19:14:11.913993,Minor Detected
2025-04-12 19:14:11.979932,Minor Detected
2025-04-12 19:14:12.049869,Minor Detected
2025-04-12 19:14:12.114014,Minor Detected
2025-04-12 19:14:12.179764,Minor Detected
2025-04-12 19:14:12.250569,Minor Detected
2025-04-12 19:14:12.316795,Minor Detected
2025-04-12 19:14:12.384811,Minor Detected
2025-04-12 19:14:12.720161,Minor Detected
2025-04-12 19:14:12.780518,Minor Detected
2025-04-12 19:14:12.847962,Minor Detected
2025-04-12 19:14:12.919864,Minor Detected
2025-04-12 19:14:13.054752,Minor Detected
2025-04-12 19:14:13.875960,Minor Detected
2025-04-12 19:14:15.003762,Minor Detected
2025-04-12 19:14:15.074913,Minor Detected
2025-04-12 19:14:15.148489,Minor Detected
2025-04-12 19:14:15.218687,Minor Detected
2025-04-12 19:14:15.359636,Minor Detected
2025-04-12 19:14:15.429958,Minor Detected
2025-04-12 19:14:15.502591,Minor Detected
2025-04-12 19:14:15.566596,Minor Detected
2025-04-12 19:14:15.644943,Minor Detected
2025-04-12 19:14:15.736956,Minor Detected
2025-04-12 19:14:15.791902,Minor Detected
2025-04-12 19:14:15.861395,Minor Detected
2025-04-12 19:14:15.927924,Minor Detected
2025-04-12 19:14:16.000201,Minor Detected
2025-04-12 19:14:16.059097,Minor Detected
2025-04-12 19:14:16.129585,Minor Detected
2025-04-12 19:14:16.195339,Minor Detected
2025-04-12 19:14:16.262165,Minor Detected
2025-04-12 19:14:16.341123,Minor Detected
2025-04-12 19:14:16.445283,Minor Detected
2025-04-12 19:14:16.539196,Minor Detected
2025-04-12 19:14:16.628424,Minor Detected
2025-04-12 19:14:16.707522,Minor Detected
2025-04-12 19:14:16.808105,Minor Detected
2025-04-12 19:14:16.905793,Minor Detected
2025-04-12 19:14:16.973649,Minor Detected
2025-04-12 19:14:17.064018,Minor Detected
2025-04-12 19:14:17.529165,Minor Detected
2025-04-12 19:14:17.668718,Minor Detected
2025-04-12 19:14:17.730641,Minor Detected
2025-04-12 19:14:17.795737,Minor Detected
2025-04-12 19:14:17.864504,Minor Detected
2025-04-12 19:14:17.929597,Minor Detected
2025-04-12 19:14:18.000918,Minor Detected
2025-04-12 19:14:18.063944,Minor Detected
2025-04-12 19:14:18.129721,Minor Detected
2025-04-12 19:14:18.196451,Minor Detected
2025-04-12 19:14:18.530425,Minor Detected
2025-04-12 19:14:18.729820,Minor Detected
2025-04-12 19:14:18.887529,Minor Detected
2025-04-12 19:14:18.953034,Minor Detected
2025-04-12 19:14:19.025979,Minor Detected
2025-04-12 19:14:19.094828,Minor Detected
2025-04-12 19:14:19.168856,Minor Detected
2025-04-12 19:14:19.238415,Minor Detected
2025-04-12 19:14:19.305503,Minor Detected
2025-04-12 19:14:19.382685,Minor Detected
2025-04-12 19:14:19.448578,Minor Detected
2025-04-12 19:14:19.522960,Minor Detected
2025-04-12 19:14:19.591361,Minor Detected
2025-04-12 19:14:19.658873,Minor Detected
2025-04-12 19:14:19.735006,Minor Detected
2025-04-12 19:14:19.803245,Minor Detected
2025-04-12 19:14:19.944897,Minor Detected
2025-04-12 19:14:20.018392,Minor Detected
2025-04-12 19:14:20.086761,Minor Detected
2025-04-12 19:14:20.156899,Minor Detected
2025-04-12 19:14:20.227036,Minor Detected
2025-04-12 19:14:20.323148,Minor Detected
2025-04-12 19:14:20.381302,Minor Detected
2025-04-12 19:14:20.449912,Minor Detected
2025-04-12 19:14:20.585346,Minor Detected
2025-04-12 19:14:20.648437,Minor Detected
2025-04-12 19:14:20.722347,Minor Detected
2025-04-12 19:14:20.779890,Minor Detected
2025-04-12 19:14:20.854879,Minor Detected
2025-04-12 19:14:20.916660,Minor Detected
2025-04-12 19:14:20.984750,Minor Detected
2025-04-12 19:14:21.048656,Minor Detected
2025-04-12 19:14:21.102851,Minor Detected
2025-04-12 19:14:21.190295,Minor Detected
2025-04-12 19:14:21.249860,Minor Detected
2025-04-12 19:14:21.319122,Minor Detected
2025-04-12 19:14:21.382152,Minor Detected
2025-04-12 19:14:21.451235,Minor Detected
2025-04-12 19:14:21.522786,Minor Detected
2025-04-12 19:14:21.581638,Minor Detected
2025-04-12 19:14:21.656708,Minor Detected
2025-04-12 19:14:21.717394,Minor Detected
2025-04-12 19:14:21.782854,Minor Detected
2025-04-12 19:14:21.856152,Minor Detected
2025-04-12 19:14:21.924824,Minor Detected
2025-04-12 19:14:21.979649,Minor Detected
2025-04-12 19:14:22.057274,Minor Detected
2025-04-12 19:14:22.113760,Minor Detected
2025-04-12 19:14:22.187754,Minor Detected
2025-04-12 19:14:22.253325,Minor Detected
2025-04-12 19:14:22.315269,Minor Detected
2025-04-12 19:14:22.385989,Minor Detected
2025-04-12 19:14:22.452854,Minor Detected
2025-04-12 19:14:22.517141,Minor Detected
2025-04-12 19:14:22.582717,Minor Detected
2025-04-12 19:14:22.654460,Minor Detected
2025-04-12 19:14:22.717659,Minor Detected
2025-04-12 19:14:22.783606,Minor Detected
2025-04-12 19:14:22.854283,Minor Detected
2025-04-12 19:14:22.916307,Minor Detected
2025-04-12 19:14:22.988467,Minor Detected
2025-04-12 19:14:23.050095,Minor Detected
2025-04-12 19:14:23.117436,Minor Detected
2025-04-12 19:14:23.186046,Minor Detected
2025-04-12 19:14:23.255547,Minor Detected
2025-04-12 19:14:23.314347,Minor Detected
2025-04-12 19:14:23.387153,Minor Detected
2025-04-12 19:14:23.454563,Minor Detected
2025-04-12 19:14:23.515079,Minor Detected
2025-04-12 19:14:23.585801,Minor Detected
2025-04-12 19:14:23.656725,Minor Detected
2025-04-12 19:14:23.716694,Minor Detected
2025-04-12 19:14:23.786351,Minor Detected
2025-04-12 19:14:23.853931,Minor Detected
2025-04-12 19:14:23.915218,Minor Detected
2025-04-12 19:14:23.986536,Minor Detected
2025-04-12 19:14:24.054672,Minor Detected
2025-04-12 19:14:24.117814,Minor Detected
2025-04-12 19:14:24.186291,Minor Detected
2025-04-12 19:14:24.252980,Minor Detected
2025-04-12 19:14:24.319590,Minor Detected
2025-04-12 19:14:24.384132,Minor Detected
2025-04-12 19:14:24.454447,Minor Detected
2025-04-12 19:14:24.588684,Minor Detected
2025-04-12 19:14:24.653605,Minor Detected
2025-04-12 19:14:24.722621,Minor Detected
2025-04-12 19:14:24.783643,Minor Detected
2025-04-12 19:14:24.856940,Minor Detected
2025-04-12 19:14:24.916445,Minor Detected
2025-04-12 19:14:24.989294,Minor Detected
2025-04-12 19:14:25.056769,Minor Detected
2025-04-12 19:14:25.288643,Minor Detected
2025-04-12 19:14:25.357987,Minor Detected
2025-04-12 19:14:25.427330,Minor Detected
2025-04-12 19:14:25.494120,Minor Detected
2025-04-12 19:14:25.560364,Minor Detected
2025-04-12 19:14:25.627589,Minor Detected
2025-04-30 09:40:12.652884,Minor Detected
2025-04-30 09:40:13.445602,Minor Detected
2025-04-30 09:40:13.727970,Minor Detected
2025-04-30 09:40:13.868305,Minor Detected
2025-04-30 09:40:14.092300,Minor Detected
2025-04-30 09:40:14.167122,Minor Detected
2025-04-30 09:40:14.378312,Minor Detected
2025-04-30 09:40:14.430513,Minor Detected
2025-04-30 09:40:14.502592,Minor Detected
2025-04-30 09:40:14.582437,Minor Detected
2025-04-30 09:40:15.114140,Minor Detected
2025-04-30 09:40:15.174742,Minor Detected
2025-04-30 09:40:15.243677,Minor Detected
2025-04-30 09:40:16.669268,Minor Detected
2025-04-30 09:40:16.726897,Minor Detected
2025-04-30 09:40:16.871970,Minor Detected
2025-04-30 09:40:17.011679,Minor Detected
2025-04-30 09:40:18.508493,Minor Detected
2025-04-30 09:40:18.935879,Minor Detected
2025-04-30 09:40:19.000571,Minor Detected
2025-04-30 09:40:19.073974,Minor Detected
2025-04-30 09:40:19.144207,Minor Detected
2025-04-30 09:40:19.214032,Minor Detected
2025-04-30 09:40:19.286630,Minor Detected
2025-04-30 09:40:19.639420,Minor Detected
2025-04-30 09:40:19.708506,Minor Detected
2025-04-30 09:40:19.779954,Minor Detected
2025-04-30 09:40:19.848604,Minor Detected
2025-04-30 09:40:20.133922,Minor Detected
2025-04-30 09:40:20.202302,Minor Detected
2025-04-30 09:40:20.277975,Minor Detected
2025-04-30 09:40:20.346326,Minor Detected
2025-04-30 09:40:20.617906,Minor Detected
2025-04-30 09:40:20.688260,Minor Detected
2025-04-30 09:40:20.756957,Minor Detected
2025-04-30 09:40:20.826978,Minor Detected
2025-04-30 09:40:20.904218,Minor Detected
2025-04-30 09:40:20.969342,Minor Detected
2025-04-30 09:40:21.038927,Minor Detected
2025-04-30 09:40:21.110893,Minor Detected
2025-04-30 09:40:21.180565,Minor Detected
2025-04-30 09:40:21.253205,Minor Detected
2025-04-30 09:40:21.677141,Minor Detected
2025-04-30 09:40:21.750100,Minor Detected
2025-04-30 09:40:21.815386,Minor Detected
2025-04-30 09:40:21.903959,Minor Detected
2025-04-30 09:40:21.971608,Minor Detected
2025-04-30 09:40:22.039758,Minor Detected
2025-04-30 09:40:22.114996,Minor Detected
2025-04-30 09:40:22.180566,Minor Detected
2025-04-30 09:40:22.249968,Minor Detected
2025-04-30 09:40:22.325760,Minor Detected
2025-04-30 09:40:22.395967,Minor Detected
2025-04-30 09:40:22.465486,Minor Detected
2025-04-30 09:40:22.538183,Minor Detected
2025-04-30 09:40:22.604434,Minor Detected
2025-04-30 09:40:22.747725,Minor Detected
2025-04-30 09:40:24.801437,Minor Detected
2025-04-30 09:40:24.867120,Minor Detected
2025-04-30 09:40:24.939106,Minor Detected
2025-04-30 09:40:25.012365,Minor Detected
2025-04-30 09:40:25.080319,Minor Detected
2025-04-30 09:40:25.163938,Minor Detected
2025-04-30 09:40:25.232603,Minor Detected
2025-04-30 09:40:25.503635,Minor Detected
2025-04-30 09:40:25.575828,Minor Detected
2025-04-30 09:40:25.647661,Minor Detected
2025-04-30 09:40:25.719804,Minor Detected
2025-04-30 09:40:25.788312,Minor Detected
2025-04-30 09:40:25.861237,Minor Detected
2025-04-30 09:40:25.931733,Minor Detected
2025-04-30 09:40:25.996952,Minor Detected
2025-04-30 09:40:26.069532,Minor Detected
2025-04-30 09:40:26.142566,Minor Detected
2025-04-30 09:40:26.213118,Minor Detected
2025-04-30 09:40:26.281958,Minor Detected
2025-04-30 09:40:26.353758,Minor Detected
2025-04-30 09:40:26.424556,Minor Detected
2025-04-30 09:40:26.507103,Minor Detected
2025-04-30 09:40:26.576228,Minor Detected
2025-04-30 09:40:26.645259,Minor Detected
2025-04-30 09:40:26.718030,Minor Detected
2025-04-30 09:40:26.790387,Minor Detected
2025-04-30 09:40:26.896961,Minor Detected
2025-04-30 09:40:26.966355,Minor Detected
2025-04-30 09:40:27.034931,Minor Detected
2025-04-30 09:40:27.105969,Minor Detected
2025-04-30 09:40:27.176763,Minor Detected
2025-04-30 09:40:28.958336,Minor Detected
2025-04-30 09:40:29.028852,Minor Detected
2025-04-30 09:40:29.098005,Minor Detected
2025-04-30 09:40:29.169586,Minor Detected
2025-04-30 09:40:29.385111,Minor Detected
2025-04-30 09:40:29.604657,Minor Detected
2025-04-30 09:40:29.680786,Minor Detected
2025-04-30 09:40:29.820685,Minor Detected
2025-04-30 09:40:29.959445,Minor Detected
2025-04-30 09:40:30.101739,Minor Detected
2025-04-30 09:40:30.175038,Minor Detected
2025-04-30 09:40:30.324162,Minor Detected
2025-04-30 09:40:30.381681,Minor Detected
2025-04-30 09:40:30.455677,Minor Detected
2025-04-30 09:40:30.526352,Minor Detected
2025-04-30 09:40:30.596964,Minor Detected
2025-04-30 09:40:30.665254,Minor Detected
2025-04-30 09:40:30.810835,Minor Detected
2025-04-30 09:40:31.300667,Minor Detected
2025-04-30 09:40:31.655506,Minor Detected
2025-04-30 09:40:31.731133,Minor Detected
2025-04-30 09:40:31.797739,Minor Detected
2025-04-30 09:40:31.867443,Minor Detected
2025-04-30 09:40:31.939530,Minor Detected
2025-04-30 09:40:32.012779,Minor Detected
2025-04-30 09:40:32.078337,Minor Detected
2025-04-30 09:40:32.152199,Minor Detected
2025-04-30 09:40:32.217941,Minor Detected
2025-04-30 09:40:32.289533,Minor Detected
2025-04-30 09:40:32.362911,Minor Detected
2025-04-30 09:40:32.431782,Minor Detected
2025-04-30 09:40:32.516221,Minor Detected
2025-04-30 09:40:32.607184,Minor Detected
2025-04-30 09:40:32.694313,Minor Detected
2025-04-30 09:40:32.764034,Minor Detected
2025-04-30 09:40:32.835277,Minor Detected
2025-04-30 09:40:32.965231,Minor Detected
2025-04-30 09:40:33.035588,Minor Detected
2025-04-30 09:40:33.107125,Minor Detected
2025-04-30 09:40:33.176442,Minor Detected
2025-04-30 09:40:33.245958,Minor Detected
2025-04-30 09:40:33.319470,Minor Detected
2025-04-30 09:40:33.389157,Minor Detected
2025-04-30 09:40:33.458021,Minor Detected
2025-04-30 09:40:33.533660,Minor Detected
2025-04-30 09:40:33.598485,Minor Detected
2025-04-30 09:40:33.671388,Minor Detected
2025-04-30 09:40:33.745260,Minor Detected
2025-04-30 09:40:33.815911,Minor Detected
2025-04-30 09:40:33.957912,Minor Detected
2025-04-30 09:40:34.022355,Minor Detected
2025-04-30 09:40:34.097877,Minor Detected
2025-04-30 09:40:34.171472,Minor Detected
2025-04-30 09:40:34.378220,Minor Detected
2025-04-30 09:40:34.519510,Minor Detected
2025-04-30 09:40:34.731628,Minor Detected
2025-04-30 09:40:35.016755,Minor Detected
2025-04-30 09:40:35.097043,Minor Detected
2025-04-30 09:40:38.765553,Minor Detected
2025-04-30 09:40:38.834457,Minor Detected
2025-04-30 09:40:39.244095,Minor Detected
2025-04-30 09:40:39.397689,Minor Detected
2025-04-30 09:40:39.471677,Minor Detected
2025-04-30 09:40:39.538808,Minor Detected
2025-04-30 09:40:39.608834,Minor Detected
2025-04-30 09:40:39.684973,Minor Detected
2025-04-30 09:40:39.749380,Minor Detected
2025-04-30 09:40:39.904581,Minor Detected
2025-04-30 09:40:39.990382,Minor Detected
2025-04-30 09:40:40.071314,Minor Detected
2025-04-30 09:40:40.139221,Minor Detected
2025-04-30 09:40:40.280851,Minor Detected
2025-04-30 09:40:40.339150,Minor Detected
2025-04-30 09:40:40.637799,Minor Detected
2025-04-30 09:40:40.776383,Minor Detected
2025-04-30 09:40:40.849355,Minor Detected
2025-04-30 09:40:40.917331,Minor Detected
2025-04-30 09:40:40.986099,Minor Detected
2025-04-30 09:40:41.058032,Minor Detected
2025-04-30 09:40:41.133943,Minor Detected
2025-04-30 09:40:41.201441,Minor Detected
2025-04-30 09:40:41.271159,Minor Detected
2025-04-30 09:40:41.413992,Minor Detected
2025-04-30 09:40:41.486234,Minor Detected
2025-04-30 09:40:41.552965,Minor Detected
2025-04-30 09:40:41.845414,Minor Detected
2025-04-30 09:40:41.907125,Minor Detected
2025-04-30 09:40:41.980732,Minor Detected
2025-04-30 09:40:42.051802,Minor Detected
2025-04-30 09:40:42.122790,Minor Detected
2025-04-30 09:40:42.189771,Minor Detected
2025-04-30 09:40:42.261583,Minor Detected
2025-04-30 09:40:42.330020,Minor Detected
2025-04-30 09:40:42.404350,Minor Detected
2025-04-30 09:40:42.472521,Minor Detected
2025-04-30 09:40:42.543304,Minor Detected
2025-04-30 09:40:42.613771,Minor Detected
2025-04-30 09:40:42.686193,Minor Detected
2025-04-30 09:40:42.757316,Minor Detected
2025-04-30 09:40:42.830207,Minor Detected
2025-04-30 09:40:42.896599,Minor Detected
2025-04-30 09:40:42.965356,Minor Detected
2025-04-30 09:40:43.038256,Minor Detected
2025-04-30 09:40:43.107209,Minor Detected
2025-04-30 09:40:43.182905,Minor Detected
2025-04-30 09:40:43.250973,Minor Detected
2025-04-30 09:40:43.320206,Minor Detected
2025-04-30 09:40:43.745623,Minor Detected
2025-04-30 09:40:43.817433,Minor Detected
2025-04-30 09:40:43.886546,Minor Detected
2025-04-30 09:40:43.959925,Minor Detected
2025-04-30 09:40:44.031564,Minor Detected
2025-04-30 09:40:44.101965,Minor Detected
2025-04-30 09:40:44.156420,Minor Detected
2025-04-30 09:40:44.226056,Minor Detected
2025-04-30 09:40:44.297457,Minor Detected
2025-04-30 09:40:44.376587,Minor Detected
2025-04-30 09:40:44.440207,Minor Detected
2025-04-30 09:40:44.514871,Minor Detected
2025-04-30 09:40:44.583959,Minor Detected
2025-04-30 09:40:44.652031,Minor Detected
2025-04-30 09:40:44.722745,Minor Detected
2025-04-30 09:40:44.865951,Minor Detected
2025-04-30 09:40:44.951246,Minor Detected
2025-04-30 09:40:45.019980,Minor Detected
2025-04-30 09:40:45.074657,Minor Detected
2025-04-30 09:40:45.500674,Minor Detected
2025-04-30 09:40:45.570736,Minor Detected
2025-04-30 09:40:45.715054,Minor Detected
2025-04-30 09:40:45.783099,Minor Detected
2025-04-30 09:40:45.853186,Minor Detected
2025-04-30 09:40:46.067730,Minor Detected
2025-04-30 09:40:46.136756,Minor Detected
2025-04-30 09:40:46.209754,Minor Detected
2025-04-30 09:40:46.276661,Minor Detected
2025-04-30 09:40:46.349177,Minor Detected
2025-04-30 09:40:46.422969,Minor Detected
2025-04-30 09:40:46.490039,Minor Detected
2025-04-30 09:40:46.631144,Minor Detected
2025-04-30 09:40:46.736580,Minor Detected
2025-04-30 09:40:47.262692,Minor Detected
2025-04-30 09:40:47.409417,Minor Detected
2025-04-30 09:40:47.481959,Minor Detected
2025-04-30 09:40:47.973221,Minor Detected
2025-04-30 09:40:48.270013,Minor Detected
2025-04-30 09:40:48.342430,Minor Detected
2025-04-30 09:40:48.479397,Minor Detected
2025-04-30 09:40:48.551024,Minor Detected
2025-04-30 09:40:48.622367,Minor Detected
2025-04-30 09:40:48.694614,Minor Detected
2025-04-30 09:40:48.765160,Minor Detected
2025-04-30 09:40:48.834191,Minor Detected
2025-04-30 09:40:48.904358,Minor Detected
2025-04-30 09:40:48.977954,Minor Detected
2025-04-30 09:40:49.048283,Minor Detected
2025-04-30 09:40:49.328323,Minor Detected
2025-04-30 09:40:49.456694,Minor Detected
2025-04-30 09:40:49.530682,Minor Detected
2025-04-30 09:40:49.605460,Minor Detected
2025-04-30 09:40:49.670595,Minor Detected
2025-04-30 09:40:49.740210,Minor Detected
2025-04-30 09:40:49.813985,Minor Detected
2025-04-30 09:40:49.897524,Minor Detected
2025-04-30 09:40:49.968893,Minor Detected
2025-04-30 09:40:50.246818,Minor Detected
2025-04-30 09:40:50.601235,Minor Detected
2025-04-30 09:40:50.812085,Minor Detected
2025-04-30 09:40:51.029480,Minor Detected
2025-04-30 09:40:51.099631,Minor Detected
2025-04-30 09:40:51.804980,Minor Detected
2025-04-30 09:40:51.876005,Minor Detected
2025-04-30 09:40:52.296954,Minor Detected
2025-04-30 09:40:52.579805,Minor Detected
2025-04-30 09:40:53.087047,Minor Detected
2025-04-30 09:40:53.156557,Minor Detected
2025-04-30 09:40:53.439519,Minor Detected
2025-04-30 09:40:54.429625,Minor Detected
2025-04-30 09:40:54.570025,Minor Detected
2025-04-30 09:40:54.642023,Minor Detected
2025-04-30 09:40:55.902460,Minor Detected
2025-04-30 09:40:55.980853,Minor Detected
2025-04-30 09:40:56.048139,Minor Detected
2025-04-30 09:40:56.116869,Minor Detected
2025-04-30 09:40:56.198712,Minor Detected
2025-04-30 09:40:56.266924,Minor Detected
2025-04-30 09:40:56.337395,Minor Detected
2025-04-30 09:40:56.410676,Minor Detected
2025-04-30 09:40:56.480116,Minor Detected
2025-04-30 09:40:56.549237,Minor Detected
2025-04-30 09:40:56.620551,Minor Detected
2025-04-30 09:40:56.689468,Minor Detected
2025-04-30 09:40:56.838049,Minor Detected
2025-04-30 09:40:56.937966,Minor Detected
2025-04-30 09:40:57.009037,Minor Detected
2025-04-30 09:40:57.258208,Minor Detected
2025-04-30 09:40:57.610833,Minor Detected
2025-04-30 09:40:57.680460,Minor Detected
2025-04-30 09:40:57.821313,Minor Detected
2025-04-30 09:40:57.893344,Minor Detected
2025-04-30 09:40:57.963181,Minor Detected
2025-04-30 09:40:58.035662,Minor Detected
2025-04-30 09:40:58.106841,Minor Detected
2025-04-30 09:40:58.245429,Minor Detected
2025-04-30 09:40:58.306728,Minor Detected
2025-04-30 09:40:58.379191,Minor Detected
2025-04-30 09:40:58.743910,Minor Detected
2025-04-30 09:40:58.811864,Minor Detected
2025-04-30 09:40:58.883265,Minor Detected
2025-04-30 09:41:00.428498,Minor Detected
2025-04-30 09:41:00.497910,Minor Detected
2025-04-30 09:41:00.570644,Minor Detected
2025-04-30 09:41:00.639276,Minor Detected
2025-04-30 09:41:00.714019,Minor Detected
2025-04-30 09:41:00.784911,Minor Detected
2025-04-30 09:41:00.923546,Minor Detected
2025-04-30 09:41:00.995091,Minor Detected
2025-04-30 09:41:01.065983,Minor Detected
2025-04-30 09:41:01.206428,Minor Detected
2025-04-30 09:41:01.273256,Minor Detected
2025-04-30 09:41:01.348148,Minor Detected
2025-04-30 09:41:01.416950,Minor Detected
2025-04-30 09:41:01.490479,Minor Detected
2025-04-30 09:41:01.559485,Minor Detected
2025-04-30 09:41:01.629635,Minor Detected
2025-04-30 09:41:01.702600,Minor Detected
2025-04-30 09:41:01.771664,Minor Detected
2025-04-30 09:41:01.911794,Minor Detected
2025-04-30 09:41:02.902088,Minor Detected
2025-04-30 09:41:03.255197,Minor Detected
2025-04-30 09:41:03.330958,Minor Detected
2025-04-30 09:41:03.478964,Minor Detected
2025-04-30 09:41:03.549606,Minor Detected
2025-04-30 09:41:03.618676,Minor Detected
2025-04-30 09:41:03.691936,Minor Detected
2025-04-30 09:41:03.760989,Minor Detected
2025-04-30 09:41:03.832389,Minor Detected
2025-04-30 09:41:03.902536,Minor Detected
2025-04-30 09:41:03.972221,Minor Detected
2025-04-30 09:41:04.043588,Minor Detected
2025-04-30 09:41:04.121979,Minor Detected
2025-04-30 09:41:04.352691,Minor Detected
2025-04-30 09:41:04.427518,Minor Detected
2025-04-30 09:41:04.497663,Minor Detected
2025-04-30 09:41:04.919174,Minor Detected
2025-04-30 09:41:04.989953,Minor Detected
2025-04-30 09:41:05.058446,Minor Detected
2025-04-30 09:41:05.133074,Minor Detected
2025-04-30 09:41:05.341273,Minor Detected
2025-04-30 09:41:05.415796,Minor Detected
2025-04-30 09:41:05.482721,Minor Detected
2025-04-30 09:41:05.552926,Minor Detected
2025-04-30 09:41:05.625973,Minor Detected
2025-04-30 09:41:05.698333,Minor Detected
2025-04-30 09:41:05.766941,Minor Detected
2025-04-30 09:41:05.845198,Minor Detected
2025-04-30 09:41:05.906434,Minor Detected
2025-04-30 09:41:05.980434,Minor Detected
2025-04-30 09:41:06.117258,Minor Detected
2025-04-30 09:41:06.191024,Minor Detected
2025-04-30 09:41:06.264117,Minor Detected
2025-04-30 09:41:06.341824,Minor Detected
2025-04-30 09:41:06.412674,Minor Detected
2025-04-30 09:41:06.472488,Minor Detected
2025-04-30 09:41:06.542661,Minor Detected
2025-04-30 09:41:06.615998,Minor Detected
2025-04-30 09:41:06.684613,Minor Detected
2025-04-30 09:41:06.758400,Minor Detected
2025-04-30 09:41:06.971154,Minor Detected
2025-04-30 09:41:07.038890,Minor Detected
2025-04-30 09:41:07.178063,Minor Detected
2025-04-30 09:41:07.675295,Minor Detected
2025-04-30 09:41:07.886077,Minor Detected
2025-04-30 09:41:07.959361,Minor Detected
2025-04-30 09:41:08.032028,Minor Detected
2025-04-30 09:41:08.100395,Minor Detected
2025-04-30 09:41:08.311863,Minor Detected
2025-04-30 09:41:08.383632,Minor Detected
2025-04-30 09:41:08.526354,Minor Detected
2025-04-30 09:41:08.594973,Minor Detected
2025-04-30 09:41:08.666428,Minor Detected
2025-04-30 09:41:08.736359,Minor Detected
2025-04-30 09:41:08.806161,Minor Detected
2025-04-30 09:41:08.877691,Minor Detected
2025-04-30 09:41:08.950018,Minor Detected
2025-04-30 09:41:09.019588,Minor Detected
2025-04-30 09:41:09.090235,Minor Detected
2025-04-30 09:41:09.165763,Minor Detected
2025-04-30 09:41:09.229139,Minor Detected
2025-04-30 09:41:09.303389,Minor Detected
2025-04-30 09:41:09.374610,Minor Detected
2025-04-30 09:41:09.444700,Minor Detected
2025-04-30 09:41:09.513368,Minor Detected
2025-04-30 09:41:09.583034,Minor Detected
2025-04-30 09:41:09.653955,Minor Detected
2025-04-30 09:41:09.723889,Minor Detected
2025-04-30 09:41:09.800770,Minor Detected
2025-04-30 09:41:09.866554,Minor Detected
2025-04-30 09:41:09.936467,Minor Detected
2025-04-30 09:41:10.010193,Minor Detected
2025-04-30 09:41:10.083138,Minor Detected
2025-04-30 09:41:10.222192,Minor Detected
2025-04-30 09:41:10.574867,Minor Detected
2025-04-30 09:41:11.354603,Minor Detected
2025-04-30 09:41:11.420406,Minor Detected
2025-04-30 09:41:11.561280,Minor Detected
2025-04-30 09:41:11.917283,Minor Detected
2025-04-30 09:41:11.987707,Minor Detected
2025-04-30 09:41:12.061342,Minor Detected
2025-04-30 09:41:12.131809,Minor Detected
2025-04-30 09:41:12.201766,Minor Detected
2025-04-30 09:41:12.271964,Minor Detected
2025-04-30 09:41:12.341153,Minor Detected
2025-04-30 09:41:12.480415,Minor Detected
2025-04-30 09:41:12.623655,Minor Detected
2025-04-30 09:41:12.906302,Minor Detected
2025-04-30 09:41:18.490746,Minor Detected
2025-04-30 09:41:18.562348,Minor Detected
2025-04-30 09:41:19.693734,Minor Detected
2025-04-30 09:41:19.902833,Minor Detected
2025-04-30 09:41:19.983011,Minor Detected
2025-04-30 09:41:20.119590,Minor Detected
2025-04-30 09:41:20.326308,Minor Detected
2025-04-30 09:41:20.400497,Minor Detected
2025-04-30 09:41:20.472752,Minor Detected
2025-04-30 09:41:20.540652,Minor Detected
2025-04-30 09:41:20.614092,Minor Detected
2025-04-30 09:41:20.684292,Minor Detected
2025-04-30 09:41:20.824288,Minor Detected
2025-04-30 09:41:20.898144,Minor Detected
2025-04-30 09:41:20.968435,Minor Detected
2025-04-30 09:41:21.107496,Minor Detected
2025-04-30 09:41:21.317773,Minor Detected
2025-04-30 09:41:21.389585,Minor Detected
2025-04-30 09:41:21.460886,Minor Detected
2025-04-30 09:41:21.529582,Minor Detected
2025-04-30 09:41:21.602228,Minor Detected
2025-04-30 09:41:21.672275,Minor Detected
2025-04-30 09:41:21.741933,Minor Detected
2025-04-30 09:41:21.815579,Minor Detected
2025-04-30 09:41:21.883552,Minor Detected
2025-04-30 09:41:22.097071,Minor Detected
2025-04-30 09:41:22.167378,Minor Detected
2025-04-30 09:41:22.237914,Minor Detected
2025-04-30 09:41:22.661806,Minor Detected
2025-04-30 09:41:22.741528,Minor Detected
2025-04-30 09:41:22.801939,Minor Detected
2025-04-30 09:41:23.085462,Minor Detected
2025-04-30 09:41:23.294942,Minor Detected
2025-04-30 09:41:24.146837,Minor Detected
2025-04-30 09:41:24.359737,Minor Detected
2025-04-30 09:41:24.427243,Minor Detected
2025-04-30 09:41:24.502539,Minor Detected
2025-04-30 09:41:24.570457,Minor Detected
2025-04-30 09:41:24.641106,Minor Detected
2025-04-30 09:41:24.712044,Minor Detected
2025-04-30 09:41:24.781872,Minor Detected
2025-04-30 09:41:24.853097,Minor Detected
2025-04-30 09:41:24.924711,Minor Detected
2025-04-30 09:41:24.996400,Minor Detected
2025-04-30 09:41:25.069397,Minor Detected
2025-04-30 09:41:25.901549,Minor Detected
2025-04-30 09:41:26.250322,Minor Detected
2025-04-30 09:41:26.326594,Minor Detected
2025-04-30 09:41:26.396007,Minor Detected
2025-04-30 09:41:26.469726,Minor Detected
2025-04-30 09:41:26.537413,Minor Detected
2025-04-30 09:41:26.619017,Minor Detected
2025-04-30 09:41:26.765780,Minor Detected
2025-04-30 09:41:26.819176,Minor Detected
2025-04-30 09:41:26.888659,Minor Detected
2025-04-30 09:41:26.961251,Minor Detected
2025-04-30 09:41:27.034076,Minor Detected
2025-04-30 09:41:27.117059,Minor Detected
2025-04-30 09:41:27.185726,Minor Detected
2025-04-30 09:41:27.255790,Minor Detected
2025-04-30 09:41:27.327045,Minor Detected
2025-04-30 09:41:27.386716,Minor Detected
2025-04-30 09:41:27.455684,Minor Detected
2025-04-30 09:41:27.523837,Minor Detected
2025-04-30 09:41:28.092498,Minor Detected
2025-04-30 09:41:28.585569,Minor Detected
2025-04-30 09:41:28.661946,Minor Detected
2025-04-30 09:41:28.728834,Minor Detected
2025-04-30 09:41:28.801031,Minor Detected
2025-04-30 09:41:28.872733,Minor Detected
2025-04-30 09:41:28.938389,Minor Detected
2025-04-30 09:41:29.011160,Minor Detected
2025-04-30 09:41:29.082688,Minor Detected
2025-04-30 09:41:29.152132,Minor Detected
2025-04-30 09:41:29.222604,Minor Detected
2025-04-30 09:41:29.297552,Minor Detected
2025-04-30 09:41:29.368442,Minor Detected
2025-04-30 09:41:29.438846,Minor Detected
2025-04-30 09:41:29.508408,Minor Detected
2025-04-30 09:41:29.576338,Minor Detected
2025-04-30 09:41:29.650908,Minor Detected
2025-04-30 09:41:30.281456,Minor Detected
2025-04-30 09:41:30.356181,Minor Detected
2025-04-30 09:41:30.705202,Minor Detected
2025-04-30 09:41:30.778970,Minor Detected
2025-04-30 09:41:30.849236,Minor Detected
2025-04-30 09:41:30.919099,Minor Detected
2025-04-30 09:41:30.992029,Minor Detected
2025-04-30 09:41:31.061690,Minor Detected
2025-04-30 09:41:31.135470,Minor Detected
2025-04-30 09:41:31.415136,Minor Detected
2025-04-30 09:41:31.482255,Minor Detected
2025-04-30 09:41:31.554065,Minor Detected
2025-04-30 09:41:31.626621,Minor Detected
2025-04-30 09:41:31.695351,Minor Detected
2025-04-30 09:41:31.766277,Minor Detected
2025-04-30 09:41:31.854665,Minor Detected
2025-04-30 09:41:31.907740,Minor Detected
2025-04-30 09:41:32.050320,Minor Detected
2025-04-30 09:41:32.119060,Minor Detected
2025-04-30 09:41:32.189980,Minor Detected
2025-04-30 09:41:32.544523,Minor Detected
2025-04-30 09:41:32.619843,Minor Detected
2025-04-30 09:41:32.687135,Minor Detected
2025-04-30 09:41:32.761126,Minor Detected
2025-04-30 09:41:32.827091,Minor Detected
2025-04-30 09:41:32.903915,Minor Detected
2025-04-30 09:41:32.968044,Minor Detected
2025-04-30 09:41:33.040298,Minor Detected
2025-04-30 09:41:33.114085,Minor Detected
2025-04-30 09:41:33.535818,Minor Detected
2025-04-30 09:41:33.605483,Minor Detected
2025-04-30 09:41:33.683713,Minor Detected
2025-04-30 09:41:34.314950,Minor Detected
2025-04-30 09:41:35.583370,Minor Detected
2025-04-30 09:41:35.799939,Minor Detected
2025-04-30 09:41:35.939127,Minor Detected
2025-04-30 09:41:36.577450,Minor Detected
2025-04-30 09:41:37.284998,Minor Detected
2025-04-30 09:41:37.353725,Minor Detected
2025-04-30 09:41:37.423959,Minor Detected
2025-04-30 09:41:37.495730,Minor Detected
2025-04-30 09:41:37.568974,Minor Detected
2025-04-30 09:41:37.637765,Minor Detected
2025-04-30 09:41:37.706205,Minor Detected
2025-04-30 09:41:37.776247,Minor Detected
2025-04-30 09:41:37.851914,Minor Detected
2025-04-30 09:41:37.921977,Minor Detected
2025-04-30 09:41:37.990773,Minor Detected
2025-04-30 09:41:38.061267,Minor Detected
2025-04-30 09:41:38.132601,Minor Detected
2025-04-30 09:41:38.272621,Minor Detected
2025-04-30 09:41:38.343849,Minor Detected
2025-04-30 09:41:38.415686,Minor Detected
2025-04-30 09:41:38.907583,Minor Detected
2025-04-30 09:41:38.984510,Minor Detected
2025-04-30 09:41:39.053517,Minor Detected
2025-04-30 09:41:39.122119,Minor Detected
2025-04-30 09:41:39.189996,Minor Detected
2025-04-30 09:41:39.261782,Minor Detected
2025-04-30 09:41:39.335485,Minor Detected
2025-04-30 09:41:39.401967,Minor Detected
2025-04-30 09:41:39.474666,Minor Detected
2025-04-30 09:41:39.544538,Minor Detected
2025-04-30 09:41:39.616408,Minor Detected
2025-04-30 09:41:39.686501,Minor Detected
2025-04-30 09:41:39.757534,Minor Detected
2025-04-30 09:41:39.827361,Minor Detected
2025-04-30 09:41:39.902170,Minor Detected
2025-04-30 09:41:39.968943,Minor Detected
2025-04-30 09:41:40.040209,Minor Detected
2025-04-30 09:41:40.125787,Minor Detected
2025-04-30 09:41:40.193507,Minor Detected
2025-04-30 09:41:40.266125,Minor Detected
2025-04-30 09:41:40.336905,Minor Detected
2025-04-30 09:41:40.407304,Minor Detected
2025-04-30 09:41:40.479601,Minor Detected
2025-04-30 09:41:40.552192,Minor Detected
2025-04-30 09:41:40.617471,Minor Detected
2025-04-30 09:41:40.690603,Minor Detected
2025-04-30 09:41:40.830991,Minor Detected
2025-04-30 09:41:41.951410,Minor Detected
2025-04-30 09:41:42.459356,Minor Detected
2025-04-30 09:41:42.527319,Minor Detected
2025-04-30 09:41:42.598642,Minor Detected
2025-04-30 09:41:42.670498,Minor Detected
2025-04-30 09:41:42.740067,Minor Detected
2025-04-30 09:41:42.951162,Minor Detected
2025-04-30 09:41:43.020550,Minor Detected
2025-04-30 09:41:43.093765,Minor Detected
2025-04-30 09:41:43.165988,Minor Detected
2025-04-30 09:41:43.232045,Minor Detected
2025-04-30 09:41:43.305070,Minor Detected
2025-04-30 09:41:43.372793,Minor Detected
2025-04-30 09:41:43.445592,Minor Detected
2025-04-30 09:41:43.528806,Minor Detected
2025-04-30 09:41:43.597713,Minor Detected
2025-04-30 09:41:43.666962,Minor Detected
2025-04-30 09:41:43.726946,Minor Detected
2025-04-30 09:41:43.800398,Minor Detected
2025-04-30 09:41:43.868431,Minor Detected
2025-04-30 09:41:43.943147,Minor Detected
2025-04-30 09:41:44.016351,Minor Detected
2025-04-30 09:41:44.082354,Minor Detected
2025-04-30 09:41:44.153173,Minor Detected
2025-04-30 09:41:44.223692,Minor Detected
2025-04-30 09:41:44.293980,Minor Detected
2025-04-30 09:41:44.367570,Minor Detected
2025-04-30 09:41:44.434442,Minor Detected
2025-04-30 09:41:44.505585,Minor Detected
2025-04-30 09:41:44.575268,Minor Detected
2025-04-30 09:41:44.648516,Minor Detected
2025-04-30 09:41:44.716662,Minor Detected
2025-04-30 09:41:44.775864,Minor Detected
2025-04-30 09:41:44.847020,Minor Detected
2025-04-30 09:41:44.918713,Minor Detected
2025-04-30 09:41:45.354607,Minor Detected
2025-04-30 09:41:45.427156,Minor Detected
2025-04-30 09:41:45.567407,Minor Detected
2025-04-30 09:41:45.710781,Minor Detected
2025-04-30 09:41:46.201712,Minor Detected
2025-04-30 09:41:46.274598,Minor Detected
2025-04-30 09:41:46.555696,Minor Detected
2025-04-30 09:41:46.636152,Minor Detected
2025-04-30 09:41:46.694510,Minor Detected
2025-04-30 09:41:46.755669,Minor Detected
2025-04-30 09:41:46.826033,Minor Detected
2025-04-30 09:41:46.910072,Minor Detected
2025-04-30 09:41:46.991740,Minor Detected
2025-04-30 09:41:47.061218,Minor Detected
2025-04-30 09:41:47.133134,Minor Detected
2025-04-30 09:41:47.411356,Minor Detected
2025-04-30 09:41:47.486215,Minor Detected
2025-04-30 09:41:47.555696,Minor Detected
2025-04-30 09:41:47.625229,Minor Detected
2025-04-30 09:41:47.695923,Minor Detected
2025-04-30 09:41:47.767339,Minor Detected
2025-04-30 09:41:47.837514,Minor Detected
2025-04-30 09:41:47.906963,Minor Detected
2025-04-30 09:41:47.969752,Minor Detected
2025-04-30 09:41:48.042679,Minor Detected
2025-04-30 09:41:48.114548,Minor Detected
2025-04-30 09:41:48.182830,Minor Detected
2025-04-30 09:41:48.252069,Minor Detected
2025-04-30 09:41:48.396238,Minor Detected
2025-04-30 09:41:48.609665,Minor Detected
2025-04-30 09:41:48.732120,Minor Detected
2025-04-30 09:41:48.806114,Minor Detected
2025-04-30 09:41:48.873753,Minor Detected
2025-04-30 09:41:49.016974,Minor Detected
2025-04-30 09:41:49.086319,Minor Detected
2025-04-30 09:41:49.163144,Minor Detected
2025-04-30 09:41:49.233364,Minor Detected
2025-04-30 09:41:49.301137,Minor Detected
2025-04-30 09:41:49.385692,Minor Detected
2025-04-30 09:41:49.457252,Minor Detected
2025-04-30 09:41:49.527712,Minor Detected
2025-04-30 09:41:49.603977,Minor Detected
2025-04-30 09:41:49.667230,Minor Detected
2025-04-30 09:41:49.735627,Minor Detected
2025-04-30 09:41:49.807806,Minor Detected
2025-04-30 09:41:49.881179,Minor Detected
2025-04-30 09:41:49.949141,Minor Detected
2025-04-30 09:41:50.019018,Minor Detected
2025-04-30 09:41:50.092084,Minor Detected
2025-04-30 09:41:50.164639,Minor Detected
2025-04-30 09:41:50.231902,Minor Detected
2025-04-30 09:41:50.301964,Minor Detected
2025-04-30 09:41:50.369623,Minor Detected
2025-04-30 09:41:50.447009,Minor Detected
2025-04-30 09:41:50.516891,Minor Detected
2025-04-30 09:41:50.585276,Minor Detected
2025-04-30 09:41:50.654040,Minor Detected
2025-04-30 09:41:50.729995,Minor Detected
2025-04-30 09:41:50.799848,Minor Detected
2025-04-30 09:41:50.868596,Minor Detected
2025-04-30 09:41:50.938309,Minor Detected
2025-04-30 09:41:51.010036,Minor Detected
2025-04-30 09:41:51.081298,Minor Detected
2025-04-30 09:41:51.151965,Minor Detected
2025-04-30 09:41:51.219375,Minor Detected
2025-04-30 09:41:51.294645,Minor Detected
2025-04-30 09:41:51.365883,Minor Detected
2025-04-30 09:41:51.434115,Minor Detected
2025-04-30 09:41:51.502822,Minor Detected
2025-04-30 09:41:51.577275,Minor Detected
2025-04-30 09:41:51.647612,Minor Detected
2025-04-30 09:41:51.713759,Minor Detected
2025-04-30 09:41:51.787739,Minor Detected
2025-04-30 09:41:51.863546,Minor Detected
2025-04-30 09:41:51.926627,Minor Detected
2025-04-30 09:41:52.000372,Minor Detected
2025-04-30 09:41:52.068538,Minor Detected
2025-04-30 09:41:52.141205,Minor Detected
2025-04-30 09:41:52.214177,Minor Detected
2025-04-30 09:41:52.283514,Minor Detected
2025-04-30 09:41:52.361602,Minor Detected
2025-04-30 09:41:52.422936,Minor Detected
2025-04-30 09:41:52.494364,Minor Detected
2025-04-30 09:41:52.565490,Minor Detected
2025-04-30 09:41:52.636189,Minor Detected
2025-04-30 09:41:52.705533,Minor Detected
2025-04-30 09:41:52.777164,Minor Detected
2025-04-30 09:41:52.850540,Minor Detected
2025-04-30 09:41:52.917489,Minor Detected
2025-04-30 09:41:52.990941,Minor Detected
2025-04-30 09:41:53.064912,Minor Detected
2025-04-30 09:41:53.131157,Minor Detected
2025-04-30 09:41:53.200146,Minor Detected
2025-04-30 09:41:53.272963,Minor Detected
2025-04-30 09:41:53.342565,Minor Detected
2025-04-30 09:41:53.415509,Minor Detected
2025-04-30 09:41:53.484846,Minor Detected
2025-04-30 09:41:53.552496,Minor Detected
2025-04-30 09:41:53.627817,Minor Detected
2025-04-30 09:41:53.699196,Minor Detected
2025-04-30 09:41:53.765997,Minor Detected
2025-04-30 09:41:53.836050,Minor Detected
2025-04-30 09:41:53.977650,Minor Detected
2025-04-30 09:41:54.049785,Minor Detected
2025-04-30 09:41:54.120167,Minor Detected
2025-04-30 09:41:54.190566,Minor Detected
2025-04-30 09:41:54.261776,Minor Detected
2025-04-30 09:41:54.401820,Minor Detected
2025-04-30 09:41:54.471187,Minor Detected
2025-04-30 09:41:54.549339,Minor Detected
2025-04-30 09:41:54.613153,Minor Detected
2025-04-30 09:41:54.686641,Minor Detected
2025-04-30 09:41:54.757666,Minor Detected
2025-04-30 09:41:54.829860,Minor Detected
2025-04-30 09:41:54.900378,Minor Detected
2025-04-30 09:41:54.971396,Minor Detected
2025-04-30 09:41:55.038002,Minor Detected
2025-04-30 09:41:55.113178,Minor Detected
2025-04-30 09:41:55.189329,Minor Detected
2025-04-30 09:41:55.249706,Minor Detected
2025-04-30 09:41:55.318858,Minor Detected
2025-04-30 09:41:55.396234,Minor Detected
2025-04-30 09:41:55.465950,Minor Detected
2025-04-30 09:41:55.532319,Minor Detected
2025-04-30 09:41:55.604058,Minor Detected
2025-04-30 09:41:55.676626,Minor Detected
2025-04-30 09:41:55.748529,Minor Detected
2025-04-30 09:41:55.818991,Minor Detected
2025-04-30 09:41:55.887443,Minor Detected
2025-04-30 09:41:55.959501,Minor Detected
2025-04-30 09:41:56.033112,Minor Detected
2025-04-30 09:41:56.100858,Minor Detected
2025-04-30 09:41:56.169707,Minor Detected
2025-04-30 09:41:56.242278,Minor Detected
2025-04-30 09:41:56.312830,Minor Detected
2025-04-30 09:41:56.382629,Minor Detected
2025-04-30 09:41:56.454166,Minor Detected
2025-04-30 09:41:56.524354,Minor Detected
2025-04-30 09:41:56.594231,Minor Detected
2025-04-30 09:41:56.664756,Minor Detected
2025-04-30 09:41:56.733648,Minor Detected
2025-04-30 09:41:56.805500,Minor Detected
2025-04-30 09:41:57.017016,Minor Detected
2025-04-30 09:41:57.089841,Minor Detected
2025-04-30 09:41:57.161609,Minor Detected
2025-04-30 09:41:57.231366,Minor Detected
2025-04-30 09:41:57.300679,Minor Detected
2025-04-30 09:41:57.373671,Minor Detected
2025-04-30 09:41:57.441714,Minor Detected
2025-04-30 09:41:57.516882,Minor Detected
2025-04-30 09:41:57.727327,Minor Detected
2025-04-30 09:41:57.798547,Minor Detected
2025-04-30 09:41:57.864358,Minor Detected
2025-04-30 09:41:57.938863,Minor Detected
2025-04-30 09:41:58.226919,Minor Detected
2025-04-30 09:41:58.290867,Minor Detected
2025-04-30 09:41:58.364317,Minor Detected
2025-04-30 09:41:58.434462,Minor Detected
2025-04-30 09:41:58.502522,Minor Detected
2025-04-30 09:41:58.576169,Minor Detected
2025-04-30 09:41:58.646670,Minor Detected
2025-04-30 09:41:58.718220,Minor Detected
2025-04-30 09:41:58.786852,Minor Detected
2025-04-30 09:41:58.855093,Minor Detected
2025-04-30 09:41:58.928345,Minor Detected
2025-04-30 09:41:59.000418,Minor Detected
2025-04-30 09:41:59.070602,Minor Detected
2025-04-30 09:41:59.138603,Minor Detected
2025-04-30 09:41:59.210825,Minor Detected
2025-04-30 09:41:59.282458,Minor Detected
2025-04-30 09:41:59.352297,Minor Detected
2025-04-30 09:41:59.424841,Minor Detected
2025-04-30 09:41:59.496493,Minor Detected
2025-04-30 09:41:59.566136,Minor Detected
2025-04-30 09:41:59.637022,Minor Detected
2025-04-30 09:41:59.703656,Minor Detected
2025-04-30 09:41:59.777085,Minor Detected
2025-04-30 09:41:59.850344,Minor Detected
2025-04-30 09:41:59.914569,Minor Detected
2025-04-30 09:41:59.986733,Minor Detected
2025-04-30 09:42:00.059328,Minor Detected
2025-04-30 09:42:00.131506,Minor Detected
2025-04-30 09:42:00.198424,Minor Detected
2025-04-30 09:42:00.270359,Minor Detected
2025-04-30 09:42:00.341655,Minor Detected
2025-04-30 09:42:00.413504,Minor Detected
2025-04-30 09:42:00.484941,Minor Detected
2025-04-30 09:42:00.552046,Minor Detected
2025-04-30 09:42:00.621946,Minor Detected
2025-04-30 09:42:00.697470,Minor Detected
2025-04-30 09:42:00.770270,Minor Detected
2025-04-30 09:42:00.834310,Minor Detected
2025-04-30 09:42:00.907838,Minor Detected
2025-04-30 09:42:00.983343,Minor Detected
2025-04-30 09:42:01.050287,Minor Detected
2025-04-30 09:42:01.120780,Minor Detected
2025-04-30 09:42:01.188067,Minor Detected
2025-04-30 09:42:01.260241,Minor Detected
2025-04-30 09:42:01.332869,Minor Detected
2025-04-30 09:42:01.400912,Minor Detected
2025-04-30 09:42:01.470062,Minor Detected
2025-04-30 09:42:01.545370,Minor Detected
2025-04-30 09:42:01.614882,Minor Detected
2025-04-30 09:42:01.681956,Minor Detected
2025-04-30 09:42:01.758058,Minor Detected
2025-04-30 09:42:01.827505,Minor Detected
2025-04-30 09:42:01.895663,Minor Detected
2025-04-30 09:42:01.969622,Minor Detected
2025-04-30 09:42:02.039233,Minor Detected
2025-04-30 09:42:02.111001,Minor Detected
2025-04-30 09:42:02.181712,Minor Detected
2025-04-30 09:42:02.252325,Minor Detected
2025-04-30 09:42:02.320821,Minor Detected
2025-04-30 09:42:02.393164,Minor Detected
2025-04-30 09:42:02.464963,Minor Detected
2025-04-30 09:42:02.532388,Minor Detected
2025-04-30 09:42:02.601850,Minor Detected
2025-04-30 09:42:02.674503,Minor Detected
2025-04-30 09:42:02.746699,Minor Detected
2025-04-30 09:42:02.818364,Minor Detected
2025-04-30 09:42:02.884710,Minor Detected
2025-04-30 09:42:02.956323,Minor Detected
2025-04-30 09:42:03.031255,Minor Detected
2025-04-30 09:42:03.100230,Minor Detected
2025-04-30 09:42:03.167471,Minor Detected
2025-04-30 09:42:03.241190,Minor Detected
2025-04-30 09:42:03.311993,Minor Detected
2025-04-30 09:42:03.382555,Minor Detected
2025-04-30 09:42:03.453052,Minor Detected
2025-04-30 09:42:03.532009,Minor Detected
2025-04-30 09:42:03.591600,Minor Detected
2025-04-30 09:42:03.667050,Minor Detected
2025-04-30 09:42:03.733464,Minor Detected
2025-04-30 09:42:03.803279,Minor Detected
2025-04-30 09:42:03.879912,Minor Detected
2025-04-30 09:42:03.948657,Minor Detected
2025-04-30 09:42:04.019021,Minor Detected
2025-04-30 09:42:04.090786,Minor Detected
2025-04-30 09:42:04.161112,Minor Detected
2025-04-30 09:42:04.232753,Minor Detected
2025-04-30 09:42:04.300566,Minor Detected
2025-04-30 09:42:04.372364,Minor Detected
2025-04-30 09:42:04.442456,Minor Detected
2025-04-30 09:42:04.514467,Minor Detected
2025-04-30 09:42:04.584728,Minor Detected
2025-04-30 09:42:04.651953,Minor Detected
2025-04-30 09:42:04.728810,Minor Detected
2025-04-30 09:42:04.795097,Minor Detected
2025-04-30 09:42:04.865691,Minor Detected
2025-04-30 09:42:04.938114,Minor Detected
2025-04-30 09:42:05.003887,Minor Detected
2025-04-30 09:42:05.079343,Minor Detected
2025-04-30 09:42:05.150826,Minor Detected
2025-04-30 09:42:05.218779,Minor Detected
2025-04-30 09:42:05.287660,Minor Detected
2025-04-30 09:42:05.361576,Minor Detected
2025-04-30 09:42:05.432801,Minor Detected
2025-04-30 09:42:05.502297,Minor Detected
2025-04-30 09:42:05.571589,Minor Detected
2025-04-30 09:42:05.643474,Minor Detected
2025-04-30 09:42:05.712846,Minor Detected
2025-04-30 09:42:05.786609,Minor Detected
2025-04-30 09:42:05.854434,Minor Detected
2025-04-30 09:42:05.925163,Minor Detected
2025-04-30 09:42:06.006184,Minor Detected
2025-04-30 09:42:06.068666,Minor Detected
2025-04-30 09:42:06.139876,Minor Detected
2025-04-30 09:42:06.212377,Minor Detected
2025-04-30 09:42:06.279714,Minor Detected
2025-04-30 09:42:06.348906,Minor Detected
2025-04-30 09:42:06.421941,Minor Detected
2025-04-30 09:42:06.489782,Minor Detected
2025-04-30 09:42:06.564341,Minor Detected
2025-04-30 09:42:06.635151,Minor Detected
2025-04-30 09:42:06.703698,Minor Detected
2025-04-30 09:42:06.771820,Minor Detected
2025-04-30 09:42:06.849839,Minor Detected
2025-04-30 09:42:06.914620,Minor Detected
2025-04-30 09:42:06.986986,Minor Detected
2025-04-30 09:42:07.058365,Minor Detected
2025-04-30 09:42:07.130066,Minor Detected
2025-04-30 09:42:07.199136,Minor Detected
2025-04-30 09:42:07.269606,Minor Detected
2025-04-30 09:42:07.336939,Minor Detected
2025-04-30 09:42:07.619711,Minor Detected
2025-04-30 09:42:08.261716,Minor Detected
2025-04-30 09:42:08.336710,Minor Detected
2025-04-30 09:42:08.404825,Minor Detected
2025-04-30 09:42:08.473402,Minor Detected
2025-04-30 09:42:08.543489,Minor Detected
2025-04-30 09:42:08.615467,Minor Detected
2025-04-30 09:42:08.684596,Minor Detected
2025-04-30 09:42:08.754012,Minor Detected
2025-04-30 09:42:08.823363,Minor Detected
2025-04-30 09:42:08.895409,Minor Detected
2025-04-30 09:42:08.968327,Minor Detected
2025-04-30 09:42:09.036872,Minor Detected
2025-04-30 09:42:09.108255,Minor Detected
2025-04-30 09:42:09.180240,Minor Detected
2025-04-30 09:42:09.248854,Minor Detected
2025-04-30 09:42:09.317552,Minor Detected
2025-04-30 09:42:09.393249,Minor Detected
2025-04-30 09:42:09.459681,Minor Detected
2025-04-30 09:42:09.530787,Minor Detected
2025-04-30 09:42:09.604300,Minor Detected
2025-04-30 09:42:09.675583,Minor Detected
2025-04-30 09:42:09.745692,Minor Detected
2025-04-30 09:42:09.815987,Minor Detected
2025-04-30 09:42:09.884896,Minor Detected
2025-04-30 09:42:09.956437,Minor Detected
2025-04-30 09:42:10.029100,Minor Detected
2025-04-30 09:42:10.100422,Minor Detected
2025-04-30 09:42:10.165917,Minor Detected
2025-04-30 09:42:10.238202,Minor Detected
2025-04-30 09:42:10.308085,Minor Detected
2025-04-30 09:42:10.381583,Minor Detected
2025-04-30 09:42:10.452143,Minor Detected
2025-04-30 09:42:10.523112,Minor Detected
2025-04-30 09:42:10.593015,Minor Detected
2025-04-30 09:42:10.873472,Minor Detected
2025-04-30 09:42:11.084766,Minor Detected
2025-04-30 09:42:11.227657,Minor Detected
2025-04-30 09:42:11.301089,Minor Detected
2025-04-30 09:42:11.369846,Minor Detected
2025-04-30 09:42:11.439206,Minor Detected
2025-04-30 09:42:11.513683,Minor Detected
2025-04-30 09:42:11.582248,Minor Detected
2025-04-30 09:42:11.650448,Minor Detected
2025-04-30 09:42:11.793030,Minor Detected
2025-04-30 09:42:11.867750,Minor Detected
2025-04-30 09:42:11.935699,Minor Detected
2025-04-30 09:42:12.007152,Minor Detected
2025-04-30 09:42:12.077467,Minor Detected
2025-04-30 09:42:12.149108,Minor Detected
2025-04-30 09:42:12.216224,Minor Detected
2025-04-30 09:42:12.286920,Minor Detected
2025-04-30 09:42:12.362651,Minor Detected
2025-04-30 09:42:12.499996,Minor Detected
2025-04-30 09:42:12.571701,Minor Detected
2025-04-30 09:42:12.639489,Minor Detected
2025-04-30 09:42:12.714618,Minor Detected
2025-04-30 09:42:12.785521,Minor Detected
2025-04-30 09:42:12.856128,Minor Detected
2025-04-30 09:42:12.925954,Minor Detected
2025-04-30 09:42:12.997242,Minor Detected
2025-04-30 09:42:13.066631,Minor Detected
2025-04-30 09:42:13.144289,Minor Detected
2025-04-30 09:42:13.206631,Minor Detected
2025-04-30 09:42:13.280054,Minor Detected
2025-04-30 09:42:13.348757,Minor Detected
2025-04-30 09:42:13.418853,Minor Detected
2025-04-30 09:42:13.560401,Minor Detected
2025-04-30 09:42:13.633328,Minor Detected
2025-04-30 09:42:13.699846,Minor Detected
2025-04-30 09:42:13.770821,Minor Detected
2025-04-30 09:42:13.847600,Minor Detected
2025-04-30 09:42:13.984049,Minor Detected
2025-04-30 09:42:14.055137,Minor Detected
2025-04-30 09:42:14.124593,Minor Detected
2025-04-30 09:42:14.198584,Minor Detected
2025-04-30 09:42:14.340181,Minor Detected
2025-04-30 09:42:15.330617,Minor Detected
2025-04-30 09:42:15.406008,Minor Detected
2025-04-30 09:42:15.467433,Minor Detected
2025-04-30 09:42:15.539005,Minor Detected
2025-04-30 09:42:15.607881,Minor Detected
2025-04-30 09:42:15.689722,Minor Detected
2025-04-30 09:42:15.893759,Minor Detected
2025-04-30 09:42:15.969769,Minor Detected
2025-04-30 09:42:16.032176,Minor Detected
2025-04-30 09:42:16.107874,Minor Detected
2025-04-30 09:42:16.179689,Minor Detected
2025-04-30 09:42:16.251223,Minor Detected
2025-04-30 09:42:16.389501,Minor Detected
2025-04-30 09:42:16.457772,Minor Detected
2025-04-30 09:42:16.531974,Minor Detected
2025-04-30 09:42:16.602637,Minor Detected
2025-04-30 09:42:16.670824,Minor Detected
2025-04-30 09:42:16.744634,Minor Detected
2025-04-30 09:42:16.814646,Minor Detected
2025-04-30 09:42:16.887971,Minor Detected
2025-04-30 09:42:16.963330,Minor Detected
2025-04-30 09:42:17.026450,Minor Detected
2025-04-30 09:42:17.101541,Minor Detected
2025-04-30 09:42:17.167579,Minor Detected
2025-04-30 09:42:17.238596,Minor Detected
2025-04-30 09:42:17.522135,Minor Detected
2025-04-30 09:42:17.589475,Minor Detected
2025-04-30 09:42:17.663518,Minor Detected
2025-04-30 09:42:17.735654,Minor Detected
2025-04-30 09:42:17.802029,Minor Detected
2025-04-30 09:42:17.886317,Minor Detected
2025-04-30 09:42:17.943007,Minor Detected
2025-04-30 09:42:18.016970,Minor Detected
2025-04-30 09:42:18.085560,Minor Detected
2025-04-30 09:42:18.166142,Minor Detected
2025-04-30 09:42:18.225332,Minor Detected
2025-04-30 09:42:18.300679,Minor Detected
2025-04-30 09:42:18.369148,Minor Detected
2025-04-30 09:42:18.437955,Minor Detected
2025-04-30 09:42:18.510875,Minor Detected
2025-04-30 09:42:18.580558,Minor Detected
2025-04-30 09:42:18.723769,Minor Detected
2025-04-30 09:42:18.862397,Minor Detected
2025-04-30 09:42:18.932485,Minor Detected
2025-04-30 09:42:19.147502,Minor Detected
2025-04-30 09:42:19.219957,Minor Detected
2025-04-30 09:42:19.307100,Minor Detected
2025-04-30 09:42:19.446617,Minor Detected
2025-04-30 09:42:19.546667,Minor Detected
2025-04-30 09:42:19.644528,Minor Detected
2025-04-30 09:42:19.787389,Minor Detected
2025-04-30 09:42:19.861998,Minor Detected
2025-04-30 09:42:19.927548,Minor Detected
2025-04-30 09:42:20.013402,Minor Detected
2025-04-30 09:42:20.101409,Minor Detected
2025-04-30 09:42:20.173076,Minor Detected
2025-04-30 09:42:20.245974,Minor Detected
2025-04-30 09:42:20.311385,Minor Detected
2025-04-30 09:42:20.387372,Minor Detected
2025-04-30 09:42:20.459970,Minor Detected
2025-04-30 09:42:20.524520,Minor Detected
2025-04-30 09:42:20.608853,Minor Detected
2025-04-30 09:42:20.700124,Minor Detected
2025-04-30 09:42:20.769941,Minor Detected
2025-04-30 09:42:20.843976,Minor Detected
2025-04-30 09:42:20.916801,Minor Detected
2025-04-30 09:42:20.984109,Minor Detected
2025-04-30 09:42:21.056941,Minor Detected
2025-04-30 09:42:21.128037,Minor Detected
2025-04-30 09:42:21.197442,Minor Detected
2025-04-30 09:42:21.269507,Minor Detected
2025-04-30 09:42:21.336470,Minor Detected
2025-04-30 09:42:21.408000,Minor Detected
2025-04-30 09:42:21.482062,Minor Detected
2025-04-30 09:42:21.548312,Minor Detected
2025-04-30 09:42:21.620615,Minor Detected
2025-04-30 09:42:21.692115,Minor Detected
2025-04-30 09:42:21.762528,Minor Detected
2025-04-30 09:42:21.830930,Minor Detected
2025-04-30 09:42:21.904650,Minor Detected
2025-04-30 09:42:21.971040,Minor Detected
2025-04-30 09:42:22.042732,Minor Detected
2025-04-30 09:42:22.116792,Minor Detected
2025-04-30 09:42:22.184596,Minor Detected
2025-04-30 09:42:22.256486,Minor Detected
2025-04-30 09:42:22.329774,Minor Detected
2025-04-30 09:42:22.408719,Minor Detected
2025-04-30 09:42:22.485391,Minor Detected
2025-04-30 09:42:22.575658,Minor Detected
2025-04-30 09:42:22.643232,Minor Detected
2025-04-30 09:42:22.717680,Minor Detected
2025-04-30 09:42:22.828679,Minor Detected
2025-04-30 09:42:22.903093,Minor Detected
2025-04-30 09:42:22.973144,Minor Detected
2025-04-30 09:42:23.042299,Minor Detected
2025-04-30 09:42:23.103267,Minor Detected
2025-04-30 09:42:23.177171,Minor Detected
2025-04-30 09:42:23.244273,Minor Detected
2025-04-30 09:42:23.315552,Minor Detected
2025-04-30 09:42:23.388677,Minor Detected
2025-04-30 09:42:23.456088,Minor Detected
2025-04-30 09:42:23.529620,Minor Detected
2025-04-30 09:42:23.600164,Minor Detected
2025-04-30 09:42:23.672132,Minor Detected
2025-04-30 09:42:23.740272,Minor Detected
2025-04-30 09:42:23.815157,Minor Detected
2025-04-30 09:42:23.880874,Minor Detected
2025-04-30 09:42:23.950761,Minor Detected
2025-04-30 09:42:24.025576,Minor Detected
2025-04-30 09:42:24.099268,Minor Detected
2025-04-30 09:42:24.166821,Minor Detected
2025-04-30 09:42:24.239228,Minor Detected
2025-04-30 09:42:24.305273,Minor Detected
2025-04-30 09:42:24.377515,Minor Detected
2025-04-30 09:42:24.450233,Minor Detected
2025-04-30 09:42:24.517981,Minor Detected
2025-04-30 09:42:24.588649,Minor Detected
2025-04-30 09:42:24.663426,Minor Detected
2025-04-30 09:42:24.732866,Minor Detected
2025-04-30 09:42:24.803610,Minor Detected
2025-04-30 09:42:24.871538,Minor Detected
2025-04-30 09:42:24.942036,Minor Detected
2025-04-30 09:42:25.015588,Minor Detected
2025-04-30 09:42:25.086271,Minor Detected
2025-04-30 09:42:25.156059,Minor Detected
2025-04-30 09:42:25.226721,Minor Detected
2025-04-30 09:42:25.306141,Minor Detected
2025-04-30 09:42:25.364962,Minor Detected
2025-04-30 09:42:25.441359,Minor Detected
2025-04-30 09:42:25.508737,Minor Detected
2025-04-30 09:42:25.575667,Minor Detected
2025-04-30 09:42:25.647488,Minor Detected
2025-04-30 09:42:25.721775,Minor Detected
2025-04-30 09:42:25.789718,Minor Detected
2025-04-30 09:42:25.865478,Minor Detected
2025-04-30 09:42:25.932714,Minor Detected
2025-04-30 09:42:26.001992,Minor Detected
2025-04-30 09:42:26.070415,Minor Detected
2025-04-30 09:42:26.148546,Minor Detected
2025-04-30 09:42:26.215793,Minor Detected
2025-04-30 09:42:26.284413,Minor Detected
2025-04-30 09:42:26.356358,Minor Detected
2025-04-30 09:42:26.426279,Minor Detected
2025-04-30 09:42:26.498617,Minor Detected
2025-04-30 09:42:26.568429,Minor Detected
2025-04-30 09:42:26.636518,Minor Detected
2025-04-30 09:42:26.710936,Minor Detected
2025-04-30 09:42:26.781874,Minor Detected
2025-04-30 09:42:26.838826,Minor Detected
2025-04-30 09:42:26.908136,Minor Detected
2025-04-30 09:42:26.983586,Minor Detected
2025-04-30 09:42:27.053157,Minor Detected
2025-04-30 09:42:27.120613,Minor Detected
2025-04-30 09:42:27.190343,Minor Detected
2025-04-30 09:42:27.263310,Minor Detected
2025-04-30 09:42:27.332960,Minor Detected
2025-04-30 09:42:27.405132,Minor Detected
2025-04-30 09:42:27.472728,Minor Detected
2025-04-30 09:42:27.547242,Minor Detected
2025-04-30 09:42:27.624214,Minor Detected
2025-04-30 09:42:27.687925,Minor Detected
2025-04-30 09:42:27.759584,Minor Detected
2025-04-30 09:42:27.826074,Minor Detected
2025-04-30 09:42:27.901920,Minor Detected
2025-04-30 09:42:27.971769,Minor Detected
2025-04-30 09:42:28.042753,Minor Detected
2025-04-30 09:42:28.108532,Minor Detected
2025-04-30 09:42:28.183979,Minor Detected
2025-04-30 09:42:28.256683,Minor Detected
2025-04-30 09:42:28.322868,Minor Detected
2025-04-30 09:42:28.394788,Minor Detected
2025-04-30 09:42:28.468794,Minor Detected
2025-04-30 09:42:28.536037,Minor Detected
2025-04-30 09:42:28.605849,Minor Detected
2025-04-30 09:42:28.676950,Minor Detected
2025-04-30 09:42:28.750450,Minor Detected
2025-04-30 09:42:28.818666,Minor Detected
2025-04-30 09:42:28.889003,Minor Detected
2025-04-30 09:42:28.958634,Minor Detected
2025-04-30 09:42:29.033203,Minor Detected
2025-04-30 09:42:29.105616,Minor Detected
2025-04-30 09:42:29.169994,Minor Detected
2025-04-30 09:42:29.240001,Minor Detected
2025-04-30 09:42:29.314545,Minor Detected
2025-04-30 09:42:29.384654,Minor Detected
2025-04-30 09:42:29.453188,Minor Detected
2025-04-30 09:42:29.524076,Minor Detected
2025-04-30 09:42:29.593460,Minor Detected
2025-04-30 09:42:29.667822,Minor Detected
2025-04-30 09:42:29.737848,Minor Detected
2025-04-30 09:42:29.810030,Minor Detected
2025-04-30 09:42:29.878029,Minor Detected
2025-04-30 09:42:29.951450,Minor Detected
2025-04-30 09:42:30.025029,Minor Detected
2025-04-30 09:42:30.091718,Minor Detected
2025-04-30 09:42:30.160495,Minor Detected
2025-04-30 09:42:30.235686,Minor Detected
2025-04-30 09:42:30.303992,Minor Detected
2025-04-30 09:42:30.372978,Minor Detected
2025-04-30 09:42:30.444004,Minor Detected
2025-04-30 09:42:30.515142,Minor Detected
2025-04-30 09:42:30.589137,Minor Detected
2025-04-30 09:42:30.654885,Minor Detected
2025-04-30 09:42:30.726431,Minor Detected
2025-04-30 09:42:30.800419,Minor Detected
2025-04-30 09:42:30.867917,Minor Detected
2025-04-30 09:42:30.938400,Minor Detected
2025-04-30 09:42:31.011766,Minor Detected
2025-04-30 09:42:31.081173,Minor Detected
2025-04-30 09:42:31.153577,Minor Detected
2025-04-30 09:42:31.221984,Minor Detected
2025-04-30 09:42:31.292347,Minor Detected
2025-04-30 09:42:31.363535,Minor Detected
2025-04-30 09:42:31.432737,Minor Detected
2025-04-30 09:42:31.504090,Minor Detected
2025-04-30 09:42:31.575543,Minor Detected
2025-04-30 09:42:31.646264,Minor Detected
2025-04-30 09:42:31.717376,Minor Detected
2025-04-30 09:42:31.787939,Minor Detected
2025-04-30 09:42:31.859342,Minor Detected
2025-04-30 09:42:31.928692,Minor Detected
2025-04-30 09:42:32.001591,Minor Detected
2025-04-30 09:42:32.072495,Minor Detected
2025-04-30 09:42:32.140534,Minor Detected
2025-04-30 09:42:32.210009,Minor Detected
2025-04-30 09:42:32.283128,Minor Detected
2025-04-30 09:42:32.358236,Minor Detected
2025-04-30 09:42:32.422531,Minor Detected
2025-04-30 09:42:32.493967,Minor Detected
2025-04-30 09:42:32.565892,Minor Detected
2025-04-30 09:42:32.635255,Minor Detected
2025-04-30 09:42:32.706868,Minor Detected
2025-04-30 09:42:32.777519,Minor Detected
2025-04-30 09:42:32.849971,Minor Detected
2025-04-30 09:42:32.921307,Minor Detected
2025-04-30 09:42:32.989746,Minor Detected
2025-04-30 09:42:33.058080,Minor Detected
2025-04-30 09:42:33.132552,Minor Detected
2025-04-30 09:42:33.203480,Minor Detected
2025-04-30 09:42:33.270533,Minor Detected
2025-04-30 09:42:33.341873,Minor Detected
2025-04-30 09:42:33.413658,Minor Detected
2025-04-30 09:42:33.484689,Minor Detected
2025-04-30 09:42:33.568122,Minor Detected
2025-04-30 09:42:33.636769,Minor Detected
2025-04-30 09:42:33.696231,Minor Detected
2025-04-30 09:42:33.769570,Minor Detected
2025-04-30 09:42:33.837909,Minor Detected
2025-04-30 09:42:33.906075,Minor Detected
2025-04-30 09:42:33.983686,Minor Detected
2025-04-30 09:42:34.050995,Minor Detected
2025-04-30 09:42:34.119095,Minor Detected
2025-04-30 09:42:34.191063,Minor Detected
2025-04-30 09:42:34.257566,Minor Detected
2025-04-30 09:42:34.335073,Minor Detected
2025-04-30 09:42:34.407118,Minor Detected
2025-04-30 09:42:34.472678,Minor Detected
2025-04-30 09:42:34.544006,Minor Detected
2025-04-30 09:42:34.620967,Minor Detected
2025-04-30 09:42:34.685876,Minor Detected
2025-04-30 09:42:34.761399,Minor Detected
2025-04-30 09:42:34.825444,Minor Detected
2025-04-30 09:42:34.901006,Minor Detected
2025-04-30 09:42:34.971291,Minor Detected
2025-04-30 09:42:35.038523,Minor Detected
2025-04-30 09:42:35.110528,Minor Detected
2025-04-30 09:42:35.181929,Minor Detected
2025-04-30 09:42:35.255706,Minor Detected
2025-04-30 09:42:35.322357,Minor Detected
2025-04-30 09:42:35.390063,Minor Detected
2025-04-30 09:42:35.465082,Minor Detected
2025-04-30 09:42:35.533616,Minor Detected
2025-04-30 09:42:35.605897,Minor Detected
2025-04-30 09:42:35.675897,Minor Detected
2025-04-30 09:42:35.747145,Minor Detected
2025-04-30 09:42:35.817511,Minor Detected
2025-04-30 09:42:35.888543,Minor Detected
2025-04-30 09:42:35.956016,Minor Detected
2025-04-30 09:42:36.029390,Minor Detected
2025-04-30 09:42:36.102495,Minor Detected
2025-04-30 09:42:36.172411,Minor Detected
2025-04-30 09:42:36.242031,Minor Detected
2025-04-30 09:42:36.311891,Minor Detected
2025-04-30 09:42:36.384712,Minor Detected
2025-04-30 09:42:36.453117,Minor Detected
2025-04-30 09:42:36.527071,Minor Detected
2025-04-30 09:42:36.593876,Minor Detected
2025-04-30 09:42:36.667236,Minor Detected
2025-04-30 09:42:36.739123,Minor Detected
2025-04-30 09:42:36.806104,Minor Detected
2025-04-30 09:42:36.880022,Minor Detected
2025-04-30 09:42:36.948017,Minor Detected
2025-04-30 09:42:37.019712,Minor Detected
2025-04-30 09:42:37.093791,Minor Detected
2025-04-30 09:42:37.159596,Minor Detected
2025-04-30 09:42:37.233814,Minor Detected
2025-04-30 09:42:37.302578,Minor Detected
2025-04-30 09:42:37.372349,Minor Detected
2025-04-30 09:42:37.443517,Minor Detected
2025-04-30 09:42:37.516012,Minor Detected
2025-04-30 09:42:37.587501,Minor Detected
2025-04-30 09:42:37.653295,Minor Detected
2025-04-30 09:42:37.725248,Minor Detected
2025-04-30 09:42:37.797524,Minor Detected
2025-04-30 09:42:37.867348,Minor Detected
2025-04-30 09:42:37.937000,Minor Detected
2025-04-30 09:42:38.006844,Minor Detected
2025-04-30 09:42:38.077276,Minor Detected
2025-04-30 09:42:38.151737,Minor Detected
2025-04-30 09:42:38.222915,Minor Detected
2025-04-30 09:42:38.293971,Minor Detected
2025-04-30 09:42:38.361519,Minor Detected
2025-04-30 09:42:38.436934,Minor Detected
2025-04-30 09:42:38.503853,Minor Detected
2025-04-30 09:42:38.575248,Minor Detected
2025-04-30 09:42:38.643498,Minor Detected
2025-04-30 09:42:38.717482,Minor Detected
2025-04-30 09:42:38.786160,Minor Detected
2025-04-30 09:42:38.857940,Minor Detected
2025-04-30 09:42:38.927427,Minor Detected
2025-04-30 09:42:39.001628,Minor Detected
2025-04-30 09:42:39.073119,Minor Detected
2025-04-30 09:42:39.137445,Minor Detected
2025-04-30 09:42:39.208327,Minor Detected
2025-04-30 09:42:39.285822,Minor Detected
2025-04-30 09:42:39.352393,Minor Detected
2025-04-30 09:42:39.421341,Minor Detected
2025-04-30 09:42:39.500549,Minor Detected
2025-04-30 09:42:39.564761,Minor Detected
2025-04-30 09:42:39.636258,Minor Detected
2025-04-30 09:42:39.704584,Minor Detected
2025-04-30 09:42:39.773512,Minor Detected
2025-04-30 09:42:39.846438,Minor Detected
2025-04-30 09:42:39.915979,Minor Detected
2025-04-30 09:42:39.988786,Minor Detected
2025-04-30 09:42:40.056612,Minor Detected
2025-04-30 09:42:40.132232,Minor Detected
2025-04-30 09:42:40.201988,Minor Detected
2025-04-30 09:42:40.271268,Minor Detected
2025-04-30 09:42:40.341272,Minor Detected
2025-04-30 09:42:40.411276,Minor Detected
2025-04-30 09:42:40.554091,Minor Detected
2025-04-30 09:42:40.622368,Minor Detected
2025-04-30 09:42:40.691364,Minor Detected
2025-04-30 09:42:41.619692,Minor Detected
2025-04-30 09:42:41.685031,Minor Detected
2025-04-30 09:42:41.754373,Minor Detected
2025-04-30 09:42:41.832688,Minor Detected
2025-04-30 09:42:41.901111,Minor Detected
2025-04-30 09:42:42.179888,Minor Detected
2025-04-30 09:42:42.251630,Minor Detected
2025-04-30 09:42:43.398191,Minor Detected
2025-04-30 09:42:45.865008,Minor Detected
2025-04-30 09:42:45.939869,Minor Detected
2025-04-30 09:42:46.011288,Minor Detected
2025-04-30 09:42:46.218205,Minor Detected
2025-04-30 09:42:46.503224,Minor Detected
2025-04-30 09:42:46.575376,Minor Detected
2025-04-30 09:42:46.649463,Minor Detected
2025-04-30 09:42:46.717482,Minor Detected
2025-04-30 09:42:46.785182,Minor Detected
2025-04-30 09:42:46.854558,Minor Detected
2025-04-30 09:42:46.927497,Minor Detected
2025-04-30 09:42:47.068030,Minor Detected
2025-04-30 09:42:47.566120,Minor Detected
2025-04-30 09:42:47.633734,Minor Detected
2025-04-30 09:42:47.713078,Minor Detected
2025-04-30 09:42:47.778666,Minor Detected
2025-04-30 09:42:47.848669,Minor Detected
2025-04-30 09:42:47.918204,Minor Detected
2025-04-30 09:42:47.990336,Minor Detected
2025-04-30 09:42:48.060868,Minor Detected
2025-04-30 09:42:48.129371,Minor Detected
2025-04-30 09:42:48.187916,Minor Detected
2025-04-30 09:42:48.257090,Minor Detected
2025-04-30 09:42:48.327232,Minor Detected
2025-04-30 09:42:48.403631,Minor Detected
2025-04-30 09:42:48.468396,Minor Detected
2025-04-30 09:42:48.611251,Minor Detected
2025-04-30 09:42:48.681258,Minor Detected
2025-04-30 09:42:48.823553,Minor Detected
2025-04-30 09:42:48.893907,Minor Detected
2025-04-30 09:42:48.966596,Minor Detected
2025-04-30 09:42:49.040451,Minor Detected
2025-04-30 09:42:49.106694,Minor Detected
2025-04-30 09:42:49.174353,Minor Detected
2025-04-30 09:42:49.251303,Minor Detected
2025-04-30 09:42:49.321164,Minor Detected
2025-04-30 09:42:49.387978,Minor Detected
2025-04-30 09:42:49.532704,Minor Detected
2025-04-30 09:42:49.604561,Minor Detected
2025-04-30 09:42:49.672635,Minor Detected
2025-04-30 09:42:49.743962,Minor Detected
2025-04-30 09:42:49.816341,Minor Detected
2025-04-30 09:42:49.889114,Minor Detected
2025-04-30 09:42:49.953886,Minor Detected
2025-04-30 09:42:50.024544,Minor Detected
2025-04-30 09:42:50.095758,Minor Detected
2025-04-30 09:42:50.172125,Minor Detected
2025-04-30 09:42:50.238058,Minor Detected
2025-04-30 09:42:50.307718,Minor Detected
2025-04-30 09:42:50.378421,Minor Detected
2025-04-30 09:42:50.451063,Minor Detected
2025-04-30 09:42:50.521668,Minor Detected
2025-04-30 09:42:50.591284,Minor Detected
2025-04-30 09:42:50.661770,Minor Detected
2025-04-30 09:42:50.735643,Minor Detected
2025-04-30 09:42:50.804019,Minor Detected
2025-04-30 09:42:50.872693,Minor Detected
2025-04-30 09:42:50.944841,Minor Detected
2025-04-30 09:42:51.016192,Minor Detected
2025-04-30 09:42:51.087534,Minor Detected
2025-04-30 09:42:51.170539,Minor Detected
2025-04-30 09:42:51.237554,Minor Detected
2025-04-30 09:42:51.313680,Minor Detected
2025-04-30 09:42:51.382574,Minor Detected
2025-04-30 09:42:51.450890,Minor Detected
2025-04-30 09:42:51.522987,Minor Detected
2025-04-30 09:42:51.595884,Minor Detected
2025-04-30 09:42:51.664842,Minor Detected
2025-04-30 09:42:51.735060,Minor Detected
2025-04-30 09:42:51.804211,Minor Detected
2025-04-30 09:42:51.877660,Minor Detected
2025-04-30 09:42:51.943324,Minor Detected
2025-04-30 09:42:52.019135,Minor Detected
2025-04-30 09:42:52.097296,Minor Detected
2025-04-30 09:42:52.159883,Minor Detected
2025-04-30 09:42:52.231380,Minor Detected
2025-04-30 09:42:52.297341,Minor Detected
2025-04-30 09:42:52.369551,Minor Detected
2025-04-30 09:42:52.447046,Minor Detected
2025-04-30 09:42:52.513848,Minor Detected
2025-04-30 09:42:52.581488,Minor Detected
2025-04-30 09:42:52.641980,Minor Detected
2025-04-30 09:42:52.724872,Minor Detected
2025-04-30 09:42:52.796945,Minor Detected
2025-04-30 09:42:53.205252,Minor Detected
2025-04-30 09:42:53.278224,Minor Detected
2025-04-30 09:42:53.351305,Minor Detected
2025-04-30 09:42:53.490491,Minor Detected
2025-04-30 09:42:53.560237,Minor Detected
2025-04-30 09:42:53.634696,Minor Detected
2025-04-30 09:42:53.709264,Minor Detected
2025-04-30 09:42:53.772134,Minor Detected
2025-04-30 09:42:53.842135,Minor Detected
2025-04-30 09:42:53.914340,Minor Detected
2025-04-30 09:42:53.986185,Minor Detected
2025-04-30 09:42:54.055311,Minor Detected
2025-04-30 09:42:54.125916,Minor Detected
2025-04-30 09:42:54.197382,Minor Detected
2025-04-30 09:42:54.269065,Minor Detected
2025-04-30 09:42:54.340760,Minor Detected
2025-04-30 09:42:54.407067,Minor Detected
2025-04-30 09:42:54.484949,Minor Detected
2025-04-30 09:42:54.553043,Minor Detected
2025-04-30 09:42:54.620617,Minor Detected
2025-04-30 09:42:54.764598,Minor Detected
2025-04-30 09:42:54.903764,Minor Detected
2025-04-30 09:42:55.255711,Minor Detected
2025-04-30 09:42:55.326410,Minor Detected
2025-04-30 09:42:55.402843,Minor Detected
2025-04-30 09:42:55.469740,Minor Detected
2025-04-30 09:42:55.539165,Minor Detected
2025-04-30 09:42:55.695671,Minor Detected
2025-04-30 09:42:55.751575,Minor Detected
2025-04-30 09:42:55.823174,Minor Detected
2025-04-30 09:42:55.892988,Minor Detected
2025-04-30 09:42:55.966784,Minor Detected
2025-04-30 09:42:56.038291,Minor Detected
2025-04-30 09:42:56.458762,Minor Detected
2025-04-30 09:42:56.532417,Minor Detected
2025-04-30 09:42:56.601550,Minor Detected
2025-04-30 09:42:56.671512,Minor Detected
2025-04-30 09:42:56.739249,Minor Detected
2025-04-30 09:42:56.889977,Minor Detected
2025-04-30 09:42:57.378737,Minor Detected
2025-04-30 09:42:57.448303,Minor Detected
2025-04-30 09:43:01.488743,Minor Detected
2025-04-30 09:43:01.632632,Minor Detected
2025-04-30 09:43:01.701225,Minor Detected
2025-04-30 09:43:01.774938,Minor Detected
2025-04-30 09:43:01.917312,Minor Detected
2025-04-30 09:43:02.124513,Minor Detected
2025-04-30 09:43:02.186021,Minor Detected
2025-04-30 09:43:02.268167,Minor Detected
2025-04-30 09:43:02.330549,Minor Detected
2025-04-30 09:43:02.396083,Minor Detected
2025-04-30 09:43:02.470209,Minor Detected
2025-04-30 09:43:02.537382,Minor Detected
2025-04-30 09:43:02.607734,Minor Detected
2025-04-30 09:43:02.680754,Minor Detected
2025-04-30 09:43:02.751559,Minor Detected
2025-04-30 09:43:02.819079,Minor Detected
2025-04-30 09:43:02.890401,Minor Detected
2025-04-30 09:43:02.962206,Minor Detected
2025-04-30 09:43:03.037712,Minor Detected
2025-04-30 09:43:03.105183,Minor Detected
2025-04-30 09:43:03.173046,Minor Detected
2025-04-30 09:43:03.243244,Minor Detected
2025-04-30 09:43:03.318819,Minor Detected
2025-04-30 09:43:03.385279,Minor Detected
2025-04-30 09:43:03.526755,Minor Detected
2025-04-30 09:43:03.672712,Minor Detected
2025-04-30 09:43:03.743986,Minor Detected
2025-04-30 09:43:03.881464,Minor Detected
2025-04-30 09:43:03.952310,Minor Detected
2025-04-30 09:43:04.022784,Minor Detected
2025-04-30 09:43:04.094486,Minor Detected
2025-04-30 09:43:05.240634,Minor Detected
2025-04-30 09:43:05.308088,Minor Detected
2025-04-30 09:43:05.390774,Minor Detected
2025-04-30 09:43:05.447735,Minor Detected
2025-04-30 09:43:05.520065,Minor Detected
2025-04-30 09:43:05.576586,Minor Detected
2025-04-30 09:43:05.650490,Minor Detected
2025-04-30 09:43:05.721021,Minor Detected
2025-04-30 09:43:05.790136,Minor Detected
2025-04-30 09:43:06.142789,Minor Detected
2025-04-30 09:43:07.201855,Minor Detected
2025-04-30 09:43:07.275404,Minor Detected
2025-04-30 09:43:07.345973,Minor Detected
2025-04-30 09:43:07.417164,Minor Detected
2025-04-30 09:43:07.559444,Minor Detected
2025-04-30 09:43:08.018872,Minor Detected
2025-04-30 09:43:08.230257,Minor Detected
2025-04-30 09:43:08.302364,Minor Detected
2025-04-30 09:43:08.370282,Minor Detected
2025-04-30 09:43:08.439672,Minor Detected
2025-04-30 09:43:08.511665,Minor Detected
2025-04-30 09:43:08.586048,Minor Detected
2025-04-30 09:43:08.866375,Minor Detected
2025-04-30 09:43:10.241265,Minor Detected
2025-04-30 09:43:10.399815,Minor Detected
2025-04-30 09:43:10.668308,Minor Detected
2025-04-30 09:43:10.736620,Minor Detected
2025-04-30 09:43:10.809419,Minor Detected
2025-04-30 09:43:12.469115,Minor Detected
2025-04-30 09:43:12.627437,Minor Detected
2025-04-30 09:43:12.695977,Minor Detected
2025-04-30 09:43:12.833827,Minor Detected
2025-04-30 09:43:13.192662,Minor Detected
2025-04-30 09:43:14.363346,Minor Detected
2025-04-30 09:43:14.435868,Minor Detected
2025-04-30 09:43:14.496740,Minor Detected
2025-04-30 09:43:14.566937,Minor Detected
2025-04-30 09:43:15.225009,Minor Detected
2025-04-30 09:43:15.367050,Minor Detected
2025-04-30 09:43:16.442688,Minor Detected
2025-04-30 09:43:16.509471,Minor Detected
2025-04-30 09:43:16.580950,Minor Detected
2025-04-30 09:43:17.004715,Minor Detected
2025-04-30 09:43:21.128715,Minor Detected
2025-04-30 09:43:21.202260,Minor Detected
2025-04-30 09:43:23.084915,Minor Detected
2025-04-30 09:43:31.519235,Minor Detected
2025-04-30 09:43:31.596953,Minor Detected
2025-04-30 09:43:31.665541,Minor Detected
2025-04-30 09:43:31.736273,Minor Detected
2025-04-30 09:43:32.018537,Minor Detected
2025-04-30 09:43:32.867271,Minor Detected
2025-04-30 09:43:32.935363,Minor Detected
2025-04-30 09:43:33.018251,Minor Detected
2025-04-30 09:43:33.077555,Minor Detected
2025-04-30 09:43:33.150749,Minor Detected
2025-04-30 09:43:33.219268,Minor Detected
2025-04-30 09:43:33.290009,Minor Detected
2025-04-30 09:43:33.361564,Minor Detected
2025-04-30 09:43:33.431675,Minor Detected
2025-04-30 09:43:33.886012,Minor Detected
2025-04-30 09:43:33.958158,Minor Detected
2025-04-30 09:43:34.034077,Minor Detected
2025-04-30 09:43:34.102722,Minor Detected
2025-04-30 09:43:34.170819,Minor Detected
2025-04-30 09:43:35.179642,Minor Detected
2025-04-30 09:43:35.245948,Minor Detected
2025-04-30 09:43:35.529416,Minor Detected
2025-04-30 09:43:36.092278,Minor Detected
2025-04-30 09:43:36.167286,Minor Detected
2025-04-30 09:43:36.696680,Minor Detected
2025-04-30 09:43:36.768916,Minor Detected
2025-04-30 09:43:36.837034,Minor Detected
2025-04-30 09:43:36.906331,Minor Detected
2025-04-30 09:43:36.981272,Minor Detected
2025-04-30 09:43:37.049737,Minor Detected
2025-04-30 09:43:37.260031,Minor Detected
2025-04-30 09:43:37.471891,Minor Detected
2025-04-30 09:43:37.543133,Minor Detected
2025-04-30 09:43:37.613105,Minor Detected
2025-04-30 09:43:37.687507,Minor Detected
2025-04-30 09:43:37.908348,Minor Detected
2025-04-30 09:43:38.745807,Minor Detected
2025-04-30 09:43:39.030388,Minor Detected
2025-04-30 09:43:39.099494,Minor Detected
2025-04-30 09:43:40.973599,Minor Detected
2025-04-30 09:43:41.184010,Minor Detected
2025-04-30 09:43:41.254362,Minor Detected
2025-04-30 09:43:41.326631,Minor Detected
2025-04-30 09:43:41.398113,Minor Detected
2025-04-30 09:43:41.469555,Minor Detected
2025-04-30 09:43:41.753729,Minor Detected
2025-04-30 09:43:41.818610,Minor Detected
2025-04-30 09:43:41.891616,Minor Detected
2025-04-30 09:43:42.334095,Minor Detected
2025-04-30 09:43:44.412782,Minor Detected
2025-04-30 09:43:44.481928,Minor Detected
2025-04-30 09:43:44.561538,Minor Detected
2025-04-30 09:43:46.559233,Minor Detected
2025-04-30 09:43:46.628864,Minor Detected
2025-04-30 09:43:48.604684,Minor Detected
2025-04-30 09:43:48.680703,Minor Detected
2025-04-30 09:43:48.981673,Minor Detected
2025-04-30 09:43:50.877948,Minor Detected
2025-04-30 09:43:50.950591,Minor Detected
2025-04-30 09:43:51.018404,Minor Detected
2025-04-30 09:43:51.149435,Minor Detected
2025-04-30 09:43:56.629600,Minor Detected
2025-04-30 09:43:56.768150,Minor Detected
2025-04-30 09:43:56.839962,Minor Detected
2025-04-30 09:43:56.915312,Minor Detected
2025-04-30 09:43:56.987620,Minor Detected
2025-04-30 09:43:57.052410,Minor Detected
2025-04-30 09:43:57.127644,Minor Detected
2025-04-30 09:43:57.198754,Minor Detected
2025-04-30 09:43:57.335468,Minor Detected
2025-04-30 09:43:57.408073,Minor Detected
2025-04-30 09:43:57.479971,Minor Detected
2025-04-30 09:43:57.678723,Minor Detected
2025-04-30 09:43:57.748396,Minor Detected
2025-04-30 09:43:57.902247,Minor Detected
2025-04-30 09:43:57.974408,Minor Detected
2025-04-30 09:43:58.043002,Minor Detected
2025-04-30 09:43:58.112377,Minor Detected
2025-04-30 09:43:58.184463,Minor Detected
2025-04-30 09:43:58.258011,Minor Detected
2025-04-30 09:43:58.329294,Minor Detected
2025-04-30 09:43:59.021640,Minor Detected
2025-04-30 09:43:59.103370,Minor Detected
2025-04-30 09:43:59.174294,Minor Detected
2025-04-30 09:43:59.247952,Minor Detected
2025-04-30 09:43:59.316529,Minor Detected
2025-04-30 09:43:59.385687,Minor Detected
2025-04-30 09:43:59.460847,Minor Detected
2025-04-30 09:43:59.729023,Minor Detected
2025-04-30 09:43:59.800786,Minor Detected
2025-04-30 09:43:59.886358,Minor Detected
2025-04-30 09:43:59.938955,Minor Detected
2025-04-30 09:44:00.009432,Minor Detected
2025-04-30 09:44:00.296209,Minor Detected
2025-04-30 09:44:01.140795,Minor Detected
2025-04-30 09:44:01.354373,Minor Detected
2025-04-30 09:44:01.989733,Minor Detected
2025-04-30 09:44:02.060932,Minor Detected
2025-04-30 09:44:02.132729,Minor Detected
2025-04-30 09:44:02.275477,Minor Detected
2025-04-30 09:44:02.553650,Minor Detected
2025-04-30 09:44:02.625853,Minor Detected
2025-04-30 09:44:03.826933,Minor Detected
2025-04-30 09:44:03.969302,Minor Detected
2025-04-30 09:44:04.110328,Minor Detected
2025-04-30 09:44:04.617695,Minor Detected
2025-04-30 09:44:05.628229,Minor Detected
2025-04-30 09:44:05.701286,Minor Detected
2025-04-30 09:44:05.771430,Minor Detected
2025-04-30 09:44:09.636399,Minor Detected
2025-04-30 09:44:09.712146,Minor Detected
2025-04-30 09:44:10.276440,Minor Detected
2025-04-30 09:44:10.347370,Minor Detected
2025-04-30 09:44:10.414696,Minor Detected
2025-04-30 09:44:11.429955,Minor Detected
2025-04-30 09:44:11.501998,Minor Detected
2025-04-30 09:44:11.574262,Minor Detected
2025-04-30 09:44:11.637639,Minor Detected
2025-04-30 09:44:11.709327,Minor Detected
2025-04-30 09:44:11.780742,Minor Detected
2025-04-30 09:44:11.853204,Minor Detected
2025-04-30 09:44:11.921945,Minor Detected
2025-04-30 09:44:12.135239,Minor Detected
2025-04-30 09:44:12.273234,Minor Detected
2025-04-30 09:44:12.346837,Minor Detected
2025-04-30 09:44:12.627488,Minor Detected
2025-04-30 09:44:13.991937,Minor Detected
2025-04-30 09:44:14.129581,Minor Detected
2025-04-30 09:44:17.129655,Minor Detected
2025-04-30 09:44:17.413244,Minor Detected
2025-04-30 09:44:17.552038,Minor Detected
2025-04-30 09:44:18.535500,Minor Detected
2025-04-30 09:44:18.601696,Minor Detected
2025-04-30 09:44:18.887434,Minor Detected
2025-04-30 09:44:18.956960,Minor Detected
2025-04-30 09:44:19.380722,Minor Detected
2025-04-30 09:44:19.457313,Minor Detected
2025-04-30 09:44:19.522377,Minor Detected
2025-04-30 09:44:19.591195,Minor Detected
2025-04-30 09:44:19.665569,Minor Detected
2025-04-30 09:44:19.735553,Minor Detected
2025-04-30 09:44:19.808485,Minor Detected
2025-04-30 09:44:19.876772,Minor Detected
2025-04-30 09:44:19.947439,Minor Detected
2025-04-30 09:44:20.033340,Minor Detected
2025-04-30 09:44:20.101669,Minor Detected
2025-04-30 09:44:20.171547,Minor Detected
2025-04-30 09:44:20.241865,Minor Detected
2025-04-30 09:44:20.313576,Minor Detected
2025-04-30 09:44:20.391220,Minor Detected
2025-04-30 09:44:20.451818,Minor Detected
2025-04-30 09:44:20.650290,Minor Detected
2025-04-30 09:44:22.431979,Minor Detected
2025-04-30 09:44:23.199293,Minor Detected
2025-04-30 09:44:23.339764,Minor Detected
2025-04-30 09:44:25.107248,Minor Detected
2025-04-30 09:44:25.177637,Minor Detected
2025-04-30 09:44:25.251015,Minor Detected
2025-04-30 09:44:25.320468,Minor Detected
2025-04-30 09:44:25.387603,Minor Detected
2025-04-30 09:44:25.463752,Minor Detected
2025-04-30 09:44:25.535437,Minor Detected
2025-04-30 09:44:25.616183,Minor Detected
2025-04-30 09:44:25.755028,Minor Detected
2025-04-30 09:44:25.813140,Minor Detected
2025-04-30 09:44:27.870149,Minor Detected
2025-04-30 09:44:28.431390,Minor Detected
2025-04-30 09:44:28.508590,Minor Detected
2025-04-30 09:44:28.853426,Minor Detected
2025-04-30 09:44:28.998907,Minor Detected
2025-04-30 09:44:29.068879,Minor Detected
2025-04-30 09:44:29.276731,Minor Detected
2025-04-30 09:44:29.651539,Minor Detected
2025-04-30 09:44:29.713581,Minor Detected
2025-04-30 09:44:29.787745,Minor Detected
2025-04-30 09:44:29.854915,Minor Detected
2025-04-30 09:44:29.930400,Minor Detected
2025-04-30 09:44:30.000622,Minor Detected
2025-04-30 09:44:30.422682,Minor Detected
2025-04-30 09:44:30.494389,Minor Detected
2025-04-30 09:44:31.274120,Minor Detected
2025-04-30 09:44:32.048997,Minor Detected
2025-04-30 09:44:32.542489,Minor Detected
2025-04-30 09:44:32.612668,Minor Detected
2025-04-30 09:44:32.757244,Minor Detected
2025-04-30 09:44:32.829446,Minor Detected
2025-04-30 09:44:34.722322,Minor Detected
2025-04-30 10:04:57.206416,Minor Detected
2025-04-30 10:04:57.271724,Minor Detected
2025-04-30 10:04:57.486837,Minor Detected
2025-04-30 10:04:57.696205,Minor Detected
2025-04-30 10:04:57.838593,Minor Detected
2025-04-30 10:04:57.910543,Minor Detected
2025-04-30 10:04:58.055262,Minor Detected
2025-04-30 10:04:58.192635,Minor Detected
2025-04-30 10:04:58.262560,Minor Detected
2025-04-30 10:04:58.322336,Minor Detected
2025-04-30 10:04:58.409519,Minor Detected
2025-04-30 10:04:58.553075,Minor Detected
2025-04-30 10:04:58.616482,Minor Detected
2025-04-30 10:04:58.691283,Minor Detected
2025-04-30 10:04:58.746066,Minor Detected
2025-04-30 10:04:58.961352,Minor Detected
2025-04-30 10:04:59.182294,Minor Detected
2025-04-30 10:04:59.253070,Minor Detected
2025-04-30 10:04:59.325571,Minor Detected
2025-04-30 10:04:59.393017,Minor Detected
2025-04-30 10:04:59.466147,Minor Detected
2025-04-30 10:04:59.535070,Minor Detected
2025-04-30 10:04:59.606059,Minor Detected
2025-04-30 10:04:59.676909,Minor Detected
2025-04-30 10:04:59.745898,Minor Detected
2025-04-30 10:04:59.820603,Minor Detected
2025-04-30 10:04:59.889348,Minor Detected
2025-04-30 10:04:59.959976,Minor Detected
2025-04-30 10:05:00.029157,Minor Detected
2025-04-30 10:05:00.104783,Minor Detected
2025-04-30 10:05:00.172687,Minor Detected
2025-04-30 10:05:00.948327,Minor Detected
2025-04-30 10:05:01.219410,Minor Detected
2025-04-30 10:05:02.080340,Minor Detected
2025-04-30 10:05:02.857047,Minor Detected
2025-04-30 10:05:05.615051,Minor Detected
2025-04-30 10:05:05.687405,Minor Detected
2025-04-30 10:05:05.827317,Minor Detected
2025-04-30 10:05:05.898119,Minor Detected
2025-04-30 10:05:05.970898,Minor Detected
2025-04-30 10:05:06.045994,Minor Detected
2025-04-30 10:05:06.110589,Minor Detected
2025-04-30 10:05:06.461206,Minor Detected
2025-04-30 10:05:06.538112,Minor Detected
2025-04-30 10:05:06.603492,Minor Detected
2025-04-30 10:05:06.743603,Minor Detected
2025-04-30 10:05:06.885852,Minor Detected
2025-04-30 10:05:06.957102,Minor Detected
2025-04-30 10:05:07.028458,Minor Detected
2025-04-30 10:05:07.102917,Minor Detected
2025-04-30 10:05:07.169590,Minor Detected
2025-04-30 10:05:07.243931,Minor Detected
2025-04-30 10:05:07.723135,Minor Detected
2025-04-30 10:05:07.863698,Minor Detected
2025-04-30 10:05:07.936565,Minor Detected
2025-04-30 10:05:08.009507,Minor Detected
2025-04-30 10:05:08.219501,Minor Detected
2025-04-30 10:05:08.294484,Minor Detected
2025-04-30 10:05:08.375729,Minor Detected
2025-04-30 10:05:08.442301,Minor Detected
2025-04-30 10:05:08.512977,Minor Detected
2025-04-30 10:05:08.998561,Minor Detected
2025-04-30 10:05:10.208946,Minor Detected
2025-04-30 10:05:11.589074,Minor Detected
2025-04-30 10:05:11.870139,Minor Detected
2025-04-30 10:05:11.942003,Minor Detected
2025-04-30 10:05:12.012583,Minor Detected
2025-04-30 10:05:12.087163,Minor Detected
2025-04-30 10:05:12.158718,Minor Detected
2025-04-30 10:05:12.227946,Minor Detected
2025-04-30 10:05:12.295838,Minor Detected
2025-04-30 10:05:12.366483,Minor Detected
2025-04-30 10:05:12.439228,Minor Detected
2025-04-30 10:05:12.578347,Minor Detected
2025-04-30 10:05:12.933300,Minor Detected
2025-04-30 10:05:13.002182,Minor Detected
2025-04-30 10:05:15.837390,Minor Detected
2025-04-30 10:05:18.161748,Minor Detected
2025-04-30 10:05:18.658461,Minor Detected
2025-04-30 10:05:19.154559,Minor Detected
2025-04-30 10:05:19.224057,Minor Detected
2025-04-30 10:05:19.298282,Minor Detected
2025-04-30 10:05:19.369263,Minor Detected
2025-04-30 10:05:19.439705,Minor Detected
2025-04-30 10:05:22.262350,Minor Detected
2025-04-30 10:05:22.338819,Minor Detected
2025-04-30 10:05:22.404942,Minor Detected
2025-04-30 10:05:22.476864,Minor Detected
2025-04-30 10:05:22.544004,Minor Detected
2025-04-30 10:05:22.691939,Minor Detected
2025-04-30 10:05:22.901608,Minor Detected
2025-04-30 10:05:22.974515,Minor Detected
2025-04-30 10:05:23.041707,Minor Detected
2025-04-30 10:05:23.113275,Minor Detected
2025-04-30 10:05:23.256720,Minor Detected
2025-04-30 10:05:23.328051,Minor Detected
2025-04-30 10:05:23.397141,Minor Detected
2025-04-30 10:05:23.463638,Minor Detected
2025-04-30 10:05:23.541375,Minor Detected
2025-04-30 10:05:23.609580,Minor Detected
2025-04-30 10:05:23.667615,Minor Detected
2025-04-30 10:05:23.742116,Minor Detected
2025-04-30 10:05:23.806449,Minor Detected
2025-04-30 10:05:23.879996,Minor Detected
2025-04-30 10:05:23.962259,Minor Detected
2025-04-30 10:05:24.030046,Minor Detected
2025-04-30 10:05:24.091092,Minor Detected
2025-04-30 10:05:24.311695,Minor Detected
2025-04-30 10:05:24.599575,Minor Detected
2025-04-30 10:05:24.669893,Minor Detected
2025-04-30 10:05:24.742350,Minor Detected
2025-04-30 10:05:24.880427,Minor Detected
2025-04-30 10:05:24.951056,Minor Detected
2025-04-30 10:05:25.023173,Minor Detected
2025-04-30 10:05:25.103355,Minor Detected
2025-04-30 10:05:25.173990,Minor Detected
2025-04-30 10:05:25.244484,Minor Detected
2025-04-30 10:05:25.382690,Minor Detected
2025-04-30 10:05:25.458277,Minor Detected
2025-04-30 10:05:25.526550,Minor Detected
2025-04-30 10:05:25.596067,Minor Detected
2025-04-30 10:05:25.668790,Minor Detected
2025-04-30 10:05:25.738786,Minor Detected
2025-04-30 10:05:25.809889,Minor Detected
2025-04-30 10:05:25.881241,Minor Detected
2025-04-30 10:05:25.950116,Minor Detected
2025-04-30 10:05:26.021090,Minor Detected
2025-04-30 10:05:26.093314,Minor Detected
2025-04-30 10:05:26.172913,Minor Detected
2025-04-30 10:05:26.269347,Minor Detected
2025-04-30 10:05:26.339063,Minor Detected
2025-04-30 10:05:26.409771,Minor Detected
2025-04-30 10:05:26.479928,Minor Detected
2025-04-30 10:05:26.552317,Minor Detected
2025-04-30 10:05:26.622881,Minor Detected
2025-04-30 10:05:26.693052,Minor Detected
2025-04-30 10:05:26.763013,Minor Detected
2025-04-30 10:05:26.834771,Minor Detected
2025-04-30 10:05:26.906991,Minor Detected
2025-04-30 10:05:26.975901,Minor Detected
2025-04-30 10:05:27.047389,Minor Detected
2025-04-30 10:05:27.115819,Minor Detected
2025-04-30 10:05:27.187923,Minor Detected
2025-04-30 10:05:27.258247,Minor Detected
2025-04-30 10:05:27.329408,Minor Detected
2025-04-30 10:05:27.399301,Minor Detected
2025-04-30 10:05:27.468815,Minor Detected
2025-04-30 10:05:27.539211,Minor Detected
2025-04-30 10:05:27.612825,Minor Detected
2025-04-30 10:05:27.683105,Minor Detected
2025-04-30 10:05:27.751563,Minor Detected
2025-04-30 10:05:27.823958,Minor Detected
2025-04-30 10:05:27.894037,Minor Detected
2025-04-30 10:05:27.963740,Minor Detected
2025-04-30 10:05:28.035149,Minor Detected
2025-04-30 10:05:28.106487,Minor Detected
2025-04-30 10:05:28.179402,Minor Detected
2025-04-30 10:05:28.246783,Minor Detected
2025-04-30 10:05:28.317475,Minor Detected
2025-04-30 10:05:28.400452,Minor Detected
2025-04-30 10:05:28.636242,Minor Detected
2025-04-30 10:05:28.779361,Minor Detected
2025-04-30 10:05:28.849511,Minor Detected
2025-04-30 10:05:28.917072,Minor Detected
2025-04-30 10:05:28.989820,Minor Detected
2025-04-30 10:05:29.062151,Minor Detected
2025-04-30 10:05:29.130478,Minor Detected
2025-04-30 10:05:29.203610,Minor Detected
2025-04-30 10:05:29.274117,Minor Detected
2025-04-30 10:05:29.342893,Minor Detected
2025-04-30 10:05:29.413798,Minor Detected
2025-04-30 10:05:29.473999,Minor Detected
2025-04-30 10:05:29.543964,Minor Detected
2025-04-30 10:05:29.617332,Minor Detected
2025-04-30 10:05:29.690223,Minor Detected
2025-04-30 10:05:29.758046,Minor Detected
2025-04-30 10:05:29.831592,Minor Detected
2025-04-30 10:05:29.899574,Minor Detected
2025-04-30 10:05:29.969333,Minor Detected
2025-04-30 10:05:30.041205,Minor Detected
2025-04-30 10:05:30.112226,Minor Detected
2025-04-30 10:05:30.183271,Minor Detected
2025-04-30 10:05:30.254525,Minor Detected
2025-04-30 10:05:30.327329,Minor Detected
2025-04-30 10:05:30.396405,Minor Detected
2025-04-30 10:05:30.463925,Minor Detected
2025-04-30 10:05:30.538215,Minor Detected
2025-04-30 10:05:30.608579,Minor Detected
2025-04-30 10:05:30.677576,Minor Detected
2025-04-30 10:05:30.748036,Minor Detected
2025-04-30 10:05:30.826330,Minor Detected
2025-04-30 10:05:30.897651,Minor Detected
2025-04-30 10:05:30.970442,Minor Detected
2025-04-30 10:05:31.040526,Minor Detected
2025-04-30 10:05:31.121772,Minor Detected
2025-04-30 10:05:31.205934,Minor Detected
2025-04-30 10:05:31.275883,Minor Detected
2025-04-30 10:05:31.359650,Minor Detected
2025-04-30 10:05:31.417782,Minor Detected
2025-04-30 10:05:31.498425,Minor Detected
2025-04-30 10:05:31.559892,Minor Detected
2025-04-30 10:05:31.631207,Minor Detected
2025-04-30 10:05:31.704845,Minor Detected
2025-04-30 10:05:31.773848,Minor Detected
2025-04-30 10:05:31.845433,Minor Detected
2025-04-30 10:05:31.912421,Minor Detected
2025-04-30 10:05:31.984831,Minor Detected
2025-04-30 10:05:32.059834,Minor Detected
2025-04-30 10:05:32.126540,Minor Detected
2025-04-30 10:05:32.198050,Minor Detected
2025-04-30 10:05:32.688129,Minor Detected
2025-04-30 10:05:32.759702,Minor Detected
2025-04-30 10:05:32.831213,Minor Detected
2025-04-30 10:05:32.904003,Minor Detected
2025-04-30 10:05:32.976493,Minor Detected
2025-04-30 10:05:34.036176,Minor Detected
2025-04-30 10:05:34.109165,Minor Detected
2025-04-30 10:05:34.178735,Minor Detected
2025-04-30 10:05:34.250012,Minor Detected
2025-04-30 10:05:38.707655,Minor Detected
2025-04-30 10:05:38.772229,Minor Detected
2025-04-30 10:05:38.911767,Minor Detected
2025-04-30 10:05:39.056244,Minor Detected
2025-04-30 10:05:39.125773,Minor Detected
2025-04-30 10:05:39.194041,Minor Detected
2025-04-30 10:05:39.691911,Minor Detected
2025-04-30 10:05:39.831022,Minor Detected
2025-04-30 10:05:42.444967,Minor Detected
2025-04-30 10:05:42.522542,Minor Detected
2025-04-30 10:05:42.599292,Minor Detected
2025-04-30 10:05:42.874639,Minor Detected
2025-04-30 10:05:42.945154,Minor Detected
2025-04-30 10:05:43.791791,Minor Detected
2025-04-30 10:05:44.145537,Minor Detected
2025-04-30 10:05:44.213157,Minor Detected
2025-04-30 10:05:44.711371,Minor Detected
2025-04-30 10:05:44.779352,Minor Detected
2025-04-30 10:05:44.852568,Minor Detected
2025-04-30 10:05:44.923136,Minor Detected
2025-04-30 10:05:44.992370,Minor Detected
2025-04-30 10:05:45.060619,Minor Detected
2025-04-30 10:05:45.133699,Minor Detected
2025-04-30 10:05:45.204241,Minor Detected
2025-04-30 10:05:45.276916,Minor Detected
2025-04-30 10:05:45.345700,Minor Detected
2025-04-30 10:05:45.416241,Minor Detected
2025-04-30 10:05:45.487137,Minor Detected
2025-04-30 10:05:45.627373,Minor Detected
2025-04-30 10:05:51.500894,Minor Detected
2025-04-30 10:05:54.606398,Minor Detected
2025-04-30 10:05:54.745135,Minor Detected
2025-04-30 10:05:54.894271,Minor Detected
2025-04-30 10:05:55.239825,Minor Detected
2025-04-30 10:05:55.311959,Minor Detected
2025-04-30 10:05:55.594468,Minor Detected
2025-04-30 10:05:55.736263,Minor Detected
2025-04-30 10:05:55.806815,Minor Detected
2025-04-30 10:05:55.878239,Minor Detected
2025-04-30 10:05:56.018115,Minor Detected
2025-04-30 10:05:56.162443,Minor Detected
2025-04-30 10:05:56.230951,Minor Detected
2025-04-30 10:05:56.302727,Minor Detected
2025-04-30 10:05:56.512489,Minor Detected
2025-04-30 10:05:57.081274,Minor Detected
2025-04-30 10:05:57.158363,Minor Detected
2025-04-30 10:05:57.221578,Minor Detected
2025-04-30 10:05:57.294069,Minor Detected
2025-04-30 10:05:57.505315,Minor Detected
2025-04-30 10:06:00.896417,Minor Detected
2025-04-30 10:06:00.972278,Minor Detected
2025-04-30 10:06:01.041836,Minor Detected
2025-04-30 10:06:01.182921,Minor Detected
2025-04-30 10:06:01.252466,Minor Detected
2025-04-30 10:06:01.325554,Minor Detected
2025-04-30 10:06:01.393885,Minor Detected
2025-04-30 10:06:01.463906,Minor Detected
2025-04-30 10:06:01.534732,Minor Detected
2025-04-30 10:06:01.606358,Minor Detected
2025-04-30 10:06:01.676150,Minor Detected
2025-04-30 10:06:01.745315,Minor Detected
2025-04-30 10:06:01.819946,Minor Detected
2025-04-30 10:06:01.889885,Minor Detected
2025-04-30 10:06:01.959255,Minor Detected
2025-04-30 10:06:02.028890,Minor Detected
2025-04-30 10:06:02.098999,Minor Detected
2025-04-30 10:06:02.176402,Minor Detected
2025-04-30 10:06:02.239927,Minor Detected
2025-04-30 10:06:02.311869,Minor Detected
2025-04-30 10:06:02.382691,Minor Detected
2025-04-30 10:06:02.454025,Minor Detected
2025-04-30 10:06:02.523760,Minor Detected
2025-04-30 10:06:02.593787,Minor Detected
2025-04-30 10:06:02.805644,Minor Detected
2025-04-30 10:06:02.878831,Minor Detected
2025-04-30 10:06:02.947851,Minor Detected
2025-04-30 10:06:03.021658,Minor Detected
2025-04-30 10:06:03.159589,Minor Detected
2025-04-30 10:06:03.229343,Minor Detected
2025-04-30 10:06:03.304626,Minor Detected
2025-04-30 10:06:03.374323,Minor Detected
2025-04-30 10:06:03.443324,Minor Detected
2025-04-30 10:06:03.512259,Minor Detected
2025-04-30 10:06:03.644593,Minor Detected
2025-04-30 10:06:03.727357,Minor Detected
2025-04-30 10:06:03.794538,Minor Detected
2025-04-30 10:06:03.866141,Minor Detected
2025-04-30 10:06:03.927685,Minor Detected
2025-04-30 10:06:04.011258,Minor Detected
2025-04-30 10:06:04.078542,Minor Detected
2025-04-30 10:06:04.137722,Minor Detected
2025-04-30 10:06:04.222994,Minor Detected
2025-04-30 10:06:04.278322,Minor Detected
2025-04-30 10:06:04.421143,Minor Detected
2025-04-30 10:06:04.504819,Minor Detected
2025-04-30 10:06:04.643696,Minor Detected
2025-04-30 10:06:04.717708,Minor Detected
2025-04-30 10:06:04.925383,Minor Detected
2025-04-30 10:06:04.995193,Minor Detected
2025-04-30 10:06:05.073051,Minor Detected
2025-04-30 10:06:05.491576,Minor Detected
2025-04-30 10:06:05.565703,Minor Detected
2025-04-30 10:06:05.636151,Minor Detected
2025-04-30 10:06:05.703690,Minor Detected
2025-04-30 10:06:05.845039,Minor Detected
2025-04-30 10:06:05.919563,Minor Detected
2025-04-30 10:06:05.988217,Minor Detected
2025-04-30 10:06:06.058306,Minor Detected
2025-04-30 10:06:06.128073,Minor Detected
2025-04-30 10:06:06.199126,Minor Detected
2025-04-30 10:06:06.839354,Minor Detected
2025-04-30 10:06:06.910067,Minor Detected
2025-04-30 10:06:06.978421,Minor Detected
2025-04-30 10:06:07.048300,Minor Detected
2025-04-30 10:06:07.119085,Minor Detected
2025-04-30 10:06:07.191029,Minor Detected
2025-04-30 10:06:07.260019,Minor Detected
2025-04-30 10:06:07.329129,Minor Detected
2025-04-30 10:06:07.403503,Minor Detected
2025-04-30 10:06:07.472434,Minor Detected
2025-04-30 10:06:07.544764,Minor Detected
2025-04-30 10:06:07.610780,Minor Detected
2025-04-30 10:06:07.687080,Minor Detected
2025-04-30 10:06:07.743484,Minor Detected
2025-04-30 10:06:07.814101,Minor Detected
2025-04-30 10:06:07.883189,Minor Detected
2025-04-30 10:06:07.970086,Minor Detected
2025-04-30 10:06:08.037535,Minor Detected
2025-04-30 10:06:08.109848,Minor Detected
2025-04-30 10:06:08.250767,Minor Detected
2025-04-30 10:06:08.307975,Minor Detected
2025-04-30 10:06:08.523186,Minor Detected
2025-04-30 10:06:08.589918,Minor Detected
2025-04-30 10:06:08.663209,Minor Detected
2025-04-30 10:06:08.751693,Minor Detected
2025-04-30 10:06:09.084595,Minor Detected
2025-04-30 10:06:11.358143,Minor Detected
2025-04-30 10:06:11.435629,Minor Detected
2025-04-30 10:06:11.502631,Minor Detected
2025-04-30 10:06:13.056902,Minor Detected
2025-04-30 10:06:13.695224,Minor Detected
2025-04-30 10:06:13.764828,Minor Detected
2025-04-30 10:06:19.209135,Minor Detected
2025-04-30 10:06:19.279721,Minor Detected
2025-04-30 10:06:19.348548,Minor Detected
2025-04-30 10:06:19.420229,Minor Detected
2025-04-30 10:06:19.497072,Minor Detected
2025-04-30 10:06:20.763034,Minor Detected
2025-04-30 10:06:21.045638,Minor Detected
2025-04-30 10:06:21.113290,Minor Detected
2025-04-30 10:06:21.187707,Minor Detected
2025-04-30 10:06:21.254401,Minor Detected
2025-04-30 10:06:21.825706,Minor Detected
2025-04-30 10:06:21.892895,Minor Detected
2025-04-30 10:06:21.970052,Minor Detected
2025-04-30 10:06:22.035243,Minor Detected
2025-04-30 10:06:22.106443,Minor Detected
2025-04-30 10:06:22.392254,Minor Detected
2025-04-30 10:06:22.459403,Minor Detected
2025-04-30 10:06:23.310086,Minor Detected
2025-04-30 10:06:23.384747,Minor Detected
2025-04-30 10:06:23.521978,Minor Detected
2025-04-30 10:06:23.800205,Minor Detected
2025-04-30 10:06:23.874856,Minor Detected
2025-04-30 10:06:23.943523,Minor Detected
2025-04-30 10:06:24.013838,Minor Detected
2025-04-30 10:06:24.157783,Minor Detected
2025-04-30 10:06:24.303815,Minor Detected
2025-04-30 10:06:24.355056,Minor Detected
2025-04-30 10:06:24.507386,Minor Detected
2025-04-30 10:06:24.576194,Minor Detected
2025-04-30 10:06:24.653326,Minor Detected
2025-04-30 10:06:24.722499,Minor Detected
2025-04-30 10:06:24.792453,Minor Detected
2025-04-30 10:06:25.006874,Minor Detected
2025-04-30 10:06:25.073727,Minor Detected
2025-04-30 10:06:26.280305,Minor Detected
2025-04-30 10:06:26.346509,Minor Detected
2025-04-30 10:06:26.421206,Minor Detected
2025-04-30 10:06:26.493015,Minor Detected
2025-04-30 10:06:26.561664,Minor Detected
2025-04-30 10:06:26.632159,Minor Detected
2025-04-30 10:06:26.707560,Minor Detected
2025-04-30 10:06:26.770530,Minor Detected
2025-04-30 10:06:26.844120,Minor Detected
2025-04-30 10:06:27.337046,Minor Detected
2025-04-30 10:06:27.408267,Minor Detected
2025-04-30 10:06:27.478571,Minor Detected
2025-04-30 10:06:27.551767,Minor Detected
2025-04-30 10:06:27.606461,Minor Detected
2025-04-30 10:06:27.690167,Minor Detected
2025-04-30 10:06:27.760206,Minor Detected
2025-04-30 10:06:27.833700,Minor Detected
2025-04-30 10:06:27.904497,Minor Detected
2025-04-30 10:06:27.975189,Minor Detected
2025-04-30 10:06:28.045266,Minor Detected
2025-04-30 10:06:32.326735,Minor Detected
2025-04-30 10:06:32.394071,Minor Detected
2025-04-30 10:06:32.465109,Minor Detected
2025-04-30 10:06:32.533293,Minor Detected
2025-04-30 10:06:32.607075,Minor Detected
2025-04-30 10:06:32.676204,Minor Detected
2025-04-30 10:06:32.745566,Minor Detected
2025-04-30 10:06:32.816195,Minor Detected
2025-04-30 10:06:32.892686,Minor Detected
2025-04-30 10:06:32.958300,Minor Detected
2025-04-30 10:06:33.028194,Minor Detected
2025-04-30 10:06:33.100452,Minor Detected
2025-04-30 10:06:33.169263,Minor Detected
2025-04-30 10:06:33.239559,Minor Detected
2025-04-30 10:06:33.312930,Minor Detected
2025-04-30 10:06:33.380753,Minor Detected
2025-04-30 10:06:33.452587,Minor Detected
2025-04-30 10:06:33.524730,Minor Detected
2025-04-30 10:06:33.594453,Minor Detected
2025-04-30 10:06:35.858386,Minor Detected
2025-04-30 10:06:35.926400,Minor Detected
2025-04-30 10:06:36.073130,Minor Detected
2025-04-30 10:06:36.280290,Minor Detected
2025-04-30 10:06:36.350831,Minor Detected
2025-04-30 10:06:36.420552,Minor Detected
2025-04-30 10:06:36.494764,Minor Detected
2025-04-30 10:06:36.566559,Minor Detected
2025-04-30 10:06:37.622171,Minor Detected
2025-04-30 10:06:37.837289,Minor Detected
2025-04-30 10:06:37.977922,Minor Detected
2025-04-30 10:06:38.120377,Minor Detected
2025-04-30 10:06:38.188940,Minor Detected
2025-04-30 10:06:38.261321,Minor Detected
2025-04-30 10:06:38.328996,Minor Detected
2025-04-30 10:06:38.404020,Minor Detected
2025-04-30 10:06:38.471948,Minor Detected
2025-04-30 10:06:38.542057,Minor Detected
2025-04-30 10:06:39.390860,Minor Detected
2025-04-30 10:06:39.530899,Minor Detected
2025-04-30 10:06:41.511277,Minor Detected
2025-04-30 10:06:41.583883,Minor Detected
2025-04-30 10:06:41.724612,Minor Detected
2025-04-30 10:06:41.796534,Minor Detected
2025-04-30 10:06:41.864306,Minor Detected
2025-04-30 10:06:42.009989,Minor Detected
2025-04-30 10:06:42.145780,Minor Detected
2025-04-30 10:06:42.221192,Minor Detected
2025-04-30 10:06:42.291928,Minor Detected
2025-04-30 10:06:42.363877,Minor Detected
2025-04-30 10:06:42.431628,Minor Detected
2025-04-30 10:06:42.500403,Minor Detected
2025-04-30 10:06:42.575923,Minor Detected
2025-04-30 10:06:42.646321,Minor Detected
2025-04-30 10:06:42.701250,Minor Detected
2025-04-30 10:06:42.772355,Minor Detected
2025-04-30 10:06:42.857451,Minor Detected
2025-04-30 10:06:42.925093,Minor Detected
2025-04-30 10:06:42.994862,Minor Detected
2025-04-30 10:06:43.071723,Minor Detected
2025-04-30 10:06:43.136929,Minor Detected
2025-04-30 10:06:43.211106,Minor Detected
2025-04-30 10:06:43.282179,Minor Detected
2025-04-30 10:06:43.351758,Minor Detected
2025-04-30 10:06:43.419305,Minor Detected
2025-04-30 10:06:43.484078,Minor Detected
2025-04-30 10:06:43.548240,Minor Detected
2025-04-30 10:06:43.618186,Minor Detected
2025-04-30 10:06:43.708729,Minor Detected
2025-04-30 10:06:43.772939,Minor Detected
2025-04-30 10:06:43.847381,Minor Detected
2025-04-30 10:06:43.913926,Minor Detected
2025-04-30 10:06:44.765107,Minor Detected
2025-04-30 10:06:44.891258,Minor Detected
2025-04-30 10:06:45.260124,Minor Detected
2025-04-30 10:06:45.328568,Minor Detected
2025-04-30 10:06:45.401106,Minor Detected
2025-04-30 10:06:45.470569,Minor Detected
2025-04-30 10:06:45.543693,Minor Detected
2025-04-30 10:06:45.612669,Minor Detected
2025-04-30 10:06:45.681964,Minor Detected
2025-04-30 10:06:45.760917,Minor Detected
2025-04-30 10:06:45.893973,Minor Detected
2025-04-30 10:06:45.962791,Minor Detected
2025-04-30 10:06:46.040599,Minor Detected
2025-04-30 10:06:46.108624,Minor Detected
2025-04-30 10:06:47.887048,Minor Detected
2025-04-30 10:06:48.875952,Minor Detected
2025-04-30 10:06:48.944045,Minor Detected
2025-04-30 10:06:49.005112,Minor Detected
2025-04-30 10:06:49.075783,Minor Detected
2025-04-30 10:06:49.158714,Minor Detected
2025-04-30 10:06:49.287795,Minor Detected
2025-04-30 10:06:49.360183,Minor Detected
2025-04-30 10:06:49.431167,Minor Detected
2025-04-30 10:06:49.575195,Minor Detected
2025-04-30 10:06:49.644470,Minor Detected
2025-04-30 10:06:49.714075,Minor Detected
2025-04-30 10:06:49.782867,Minor Detected
2025-04-30 10:06:49.856824,Minor Detected
2025-04-30 10:06:49.927525,Minor Detected
2025-04-30 10:06:49.996953,Minor Detected
2025-04-30 10:06:50.068864,Minor Detected
2025-04-30 10:06:50.124437,Minor Detected
2025-04-30 10:06:50.196503,Minor Detected
2025-04-30 10:06:50.336677,Minor Detected
2025-04-30 10:06:50.619885,Minor Detected
2025-04-30 10:06:52.459447,Minor Detected
2025-04-30 10:06:52.533697,Minor Detected
2025-04-30 10:06:52.740077,Minor Detected
2025-04-30 10:06:53.520751,Minor Detected
2025-04-30 10:06:53.658917,Minor Detected
2025-04-30 10:06:53.731392,Minor Detected
2025-04-30 10:06:53.871399,Minor Detected
2025-04-30 10:06:54.574609,Minor Detected
2025-04-30 10:06:56.417665,Minor Detected
2025-04-30 10:06:56.486361,Minor Detected
2025-04-30 10:06:56.560780,Minor Detected
2025-04-30 10:06:56.633644,Minor Detected
2025-04-30 10:06:56.698113,Minor Detected
2025-04-30 10:06:56.842604,Minor Detected
2025-04-30 10:06:56.911647,Minor Detected
2025-04-30 10:06:56.981444,Minor Detected
2025-04-30 10:06:57.052602,Minor Detected
2025-04-30 10:06:57.124718,Minor Detected
2025-04-30 10:06:57.194866,Minor Detected
2025-04-30 10:06:57.265885,Minor Detected
2025-04-30 10:06:57.335902,Minor Detected
2025-04-30 10:06:57.485885,Minor Detected
2025-04-30 10:06:57.546903,Minor Detected
2025-04-30 10:06:57.616178,Minor Detected
2025-04-30 10:06:57.694155,Minor Detected
2025-04-30 10:06:57.759082,Minor Detected
2025-04-30 10:06:57.902760,Minor Detected
2025-04-30 10:06:57.971751,Minor Detected
2025-04-30 10:06:58.048271,Minor Detected
2025-04-30 10:06:58.115104,Minor Detected
2025-04-30 10:06:58.181625,Minor Detected
2025-04-30 10:06:58.253275,Minor Detected
2025-04-30 10:06:58.334169,Minor Detected
2025-04-30 10:06:58.398903,Minor Detected
2025-04-30 10:06:58.467066,Minor Detected
2025-04-30 10:06:58.543367,Minor Detected
2025-04-30 10:06:58.609425,Minor Detected
2025-04-30 10:06:58.678555,Minor Detected
2025-04-30 10:06:58.749972,Minor Detected
2025-04-30 10:06:58.822546,Minor Detected
2025-04-30 10:06:58.892337,Minor Detected
2025-04-30 10:06:58.966928,Minor Detected
2025-04-30 10:06:59.031252,Minor Detected
2025-04-30 10:06:59.104373,Minor Detected
2025-04-30 10:06:59.177706,Minor Detected
2025-04-30 10:06:59.245576,Minor Detected
2025-04-30 10:06:59.314491,Minor Detected
2025-04-30 10:06:59.385461,Minor Detected
2025-04-30 10:06:59.454116,Minor Detected
2025-04-30 10:06:59.532546,Minor Detected
2025-04-30 10:06:59.600927,Minor Detected
2025-04-30 10:06:59.669746,Minor Detected
2025-04-30 10:06:59.740919,Minor Detected
2025-04-30 10:06:59.814137,Minor Detected
2025-04-30 10:06:59.878693,Minor Detected
2025-04-30 10:06:59.954092,Minor Detected
2025-04-30 10:07:00.028158,Minor Detected
2025-04-30 10:07:00.095868,Minor Detected
2025-04-30 10:07:00.164867,Minor Detected
2025-04-30 10:07:00.234663,Minor Detected
2025-04-30 10:07:00.303425,Minor Detected
2025-04-30 10:07:00.377275,Minor Detected
2025-04-30 10:07:00.515400,Minor Detected
2025-04-30 10:07:00.591112,Minor Detected
2025-04-30 10:07:00.659018,Minor Detected
2025-04-30 10:07:00.730333,Minor Detected
2025-04-30 10:07:00.798342,Minor Detected
2025-04-30 10:07:00.867842,Minor Detected
2025-04-30 10:07:00.943514,Minor Detected
2025-04-30 10:07:01.014124,Minor Detected
2025-04-30 10:07:01.081940,Minor Detected
2025-04-30 10:07:01.154018,Minor Detected
2025-04-30 10:07:01.225838,Minor Detected
2025-04-30 10:07:01.297006,Minor Detected
2025-04-30 10:07:01.364271,Minor Detected
2025-04-30 10:07:01.434953,Minor Detected
2025-04-30 10:07:01.509722,Minor Detected
2025-04-30 10:07:01.581087,Minor Detected
2025-04-30 10:07:01.645341,Minor Detected
2025-04-30 10:07:01.721275,Minor Detected
2025-04-30 10:07:01.793779,Minor Detected
2025-04-30 10:07:01.859946,Minor Detected
2025-04-30 10:07:01.933909,Minor Detected
2025-04-30 10:07:02.001605,Minor Detected
2025-04-30 10:07:02.070053,Minor Detected
2025-04-30 10:07:02.149142,Minor Detected
2025-04-30 10:07:02.215801,Minor Detected
2025-04-30 10:07:02.284654,Minor Detected
2025-04-30 10:07:02.354390,Minor Detected
2025-04-30 10:07:02.424207,Minor Detected
2025-04-30 10:07:02.497149,Minor Detected
2025-04-30 10:07:02.571944,Minor Detected
2025-04-30 10:07:02.638161,Minor Detected
2025-04-30 10:07:02.712884,Minor Detected
2025-04-30 10:07:02.781461,Minor Detected
2025-04-30 10:07:02.847900,Minor Detected
2025-04-30 10:07:02.918078,Minor Detected
2025-04-30 10:07:02.994246,Minor Detected
2025-04-30 10:07:03.063939,Minor Detected
2025-04-30 10:07:03.131205,Minor Detected
2025-04-30 10:07:03.203438,Minor Detected
2025-04-30 10:07:03.275116,Minor Detected
2025-04-30 10:07:03.348029,Minor Detected
2025-04-30 10:07:03.413851,Minor Detected
2025-04-30 10:07:03.486318,Minor Detected
2025-04-30 10:07:03.559007,Minor Detected
2025-04-30 10:07:03.630580,Minor Detected
2025-04-30 10:07:03.696820,Minor Detected
2025-04-30 10:07:03.764742,Minor Detected
2025-04-30 10:07:03.841373,Minor Detected
2025-04-30 10:07:03.912586,Minor Detected
2025-04-30 10:07:03.983400,Minor Detected
2025-04-30 10:07:04.054250,Minor Detected
2025-04-30 10:07:04.121082,Minor Detected
2025-04-30 10:07:04.195232,Minor Detected
2025-04-30 10:07:04.267503,Minor Detected
2025-04-30 10:07:04.336393,Minor Detected
2025-04-30 10:07:04.401264,Minor Detected
2025-04-30 10:07:04.482868,Minor Detected
2025-04-30 10:07:04.617566,Minor Detected
2025-04-30 10:07:04.689776,Minor Detected
2025-04-30 10:07:04.764318,Minor Detected
2025-04-30 10:07:04.898892,Minor Detected
2025-04-30 10:07:05.044819,Minor Detected
2025-04-30 10:07:05.253459,Minor Detected
2025-04-30 10:07:05.464349,Minor Detected
2025-04-30 10:07:05.607562,Minor Detected
2025-04-30 10:07:06.454241,Minor Detected
2025-04-30 10:07:06.881918,Minor Detected
2025-04-30 10:07:06.951844,Minor Detected
2025-04-30 10:07:07.024326,Minor Detected
2025-04-30 10:07:07.096215,Minor Detected
2025-04-30 10:07:07.164089,Minor Detected
2025-04-30 10:07:07.232543,Minor Detected
2025-04-30 10:07:07.305262,Minor Detected
2025-04-30 10:07:07.514641,Minor Detected
2025-04-30 10:07:07.587691,Minor Detected
2025-04-30 10:07:07.659996,Minor Detected
2025-04-30 10:07:07.729173,Minor Detected
2025-04-30 10:07:07.798741,Minor Detected
2025-04-30 10:07:07.869725,Minor Detected
2025-04-30 10:07:07.940073,Minor Detected
2025-04-30 10:07:08.009989,Minor Detected
2025-04-30 10:07:08.081011,Minor Detected
2025-04-30 10:07:08.149406,Minor Detected
2025-04-30 10:07:08.224122,Minor Detected
2025-04-30 10:07:08.297264,Minor Detected
2025-04-30 10:07:08.364215,Minor Detected
2025-04-30 10:07:08.432759,Minor Detected
2025-04-30 10:07:08.510299,Minor Detected
2025-04-30 10:07:08.580633,Minor Detected
2025-04-30 10:07:08.642735,Minor Detected
2025-04-30 10:07:08.718582,Minor Detected
2025-04-30 10:07:08.787197,Minor Detected
2025-04-30 10:07:08.859722,Minor Detected
2025-04-30 10:07:08.933375,Minor Detected
2025-04-30 10:07:08.998153,Minor Detected
2025-04-30 10:07:09.069044,Minor Detected
2025-04-30 10:07:09.143018,Minor Detected
2025-04-30 10:07:09.212945,Minor Detected
2025-04-30 10:07:09.283420,Minor Detected
2025-04-30 10:07:09.353680,Minor Detected
2025-04-30 10:07:09.426810,Minor Detected
2025-04-30 10:07:09.497895,Minor Detected
2025-04-30 10:07:09.566446,Minor Detected
2025-04-30 10:07:09.635375,Minor Detected
2025-04-30 10:07:09.710227,Minor Detected
2025-04-30 10:07:09.782735,Minor Detected
2025-04-30 10:07:10.059609,Minor Detected
2025-04-30 10:07:10.200943,Minor Detected
2025-04-30 10:07:16.101240,Minor Detected
2025-04-30 10:07:16.667724,Minor Detected
2025-04-30 10:07:16.816856,Minor Detected
2025-04-30 10:07:17.096915,Minor Detected
2025-04-30 10:07:17.149326,Minor Detected
2025-04-30 10:07:17.549118,Minor Detected
2025-04-30 10:07:17.614500,Minor Detected
2025-04-30 10:07:18.150704,Minor Detected
2025-04-30 10:07:18.216193,Minor Detected
2025-04-30 10:07:18.283319,Minor Detected
2025-04-30 10:07:18.350165,Minor Detected
2025-04-30 10:07:18.481780,Minor Detected
2025-04-30 10:07:18.551202,Minor Detected
2025-04-30 10:07:18.682704,Minor Detected
2025-04-30 10:07:18.750006,Minor Detected
2025-04-30 10:07:18.815842,Minor Detected
2025-04-30 10:07:18.887661,Minor Detected
2025-04-30 10:07:18.949369,Minor Detected
2025-04-30 10:07:19.017683,Minor Detected
2025-04-30 10:07:19.082923,Minor Detected
2025-04-30 10:07:19.151382,Minor Detected
2025-04-30 10:07:19.350035,Minor Detected
2025-04-30 10:07:19.683668,Minor Detected
2025-04-30 10:07:19.818939,Minor Detected
2025-04-30 10:07:19.884679,Minor Detected
2025-04-30 10:07:20.014485,Minor Detected
2025-04-30 10:07:20.084670,Minor Detected
2025-04-30 10:07:20.150853,Minor Detected
2025-04-30 10:07:20.218468,Minor Detected
2025-04-30 10:07:20.284072,Minor Detected
2025-04-30 10:07:20.348905,Minor Detected
2025-04-30 10:07:20.415822,Minor Detected
2025-04-30 10:07:20.483575,Minor Detected
2025-04-30 10:07:20.551888,Minor Detected
2025-04-30 10:07:20.614363,Minor Detected
2025-04-30 10:07:20.682846,Minor Detected
2025-04-30 10:07:20.751017,Minor Detected
2025-04-30 10:07:20.817795,Minor Detected
2025-04-30 10:07:20.890007,Minor Detected
2025-04-30 10:07:20.951707,Minor Detected
2025-04-30 10:07:21.015330,Minor Detected
2025-04-30 10:07:21.282915,Minor Detected
2025-04-30 10:07:21.417833,Minor Detected
2025-04-30 10:07:21.667072,Minor Detected
2025-04-30 10:07:21.736986,Minor Detected
2025-04-30 10:07:21.812693,Minor Detected
2025-04-30 10:07:21.881059,Minor Detected
2025-04-30 10:07:21.950411,Minor Detected
2025-04-30 10:07:22.020187,Minor Detected
2025-04-30 10:07:23.401304,Minor Detected
2025-04-30 10:07:23.477981,Minor Detected
2025-04-30 10:07:23.544665,Minor Detected
2025-04-30 10:07:23.616237,Minor Detected
2025-04-30 10:07:24.111215,Minor Detected
2025-04-30 10:07:24.179637,Minor Detected
2025-04-30 10:07:24.250446,Minor Detected
2025-04-30 10:07:24.319491,Minor Detected
2025-04-30 10:07:24.392854,Minor Detected
2025-04-30 10:07:24.464918,Minor Detected
2025-04-30 10:07:24.748789,Minor Detected
2025-04-30 10:07:24.814321,Minor Detected
2025-04-30 10:07:24.884507,Minor Detected
2025-04-30 10:07:24.962831,Minor Detected
2025-04-30 10:07:25.029821,Minor Detected
2025-04-30 10:07:25.098682,Minor Detected
2025-04-30 10:07:25.165404,Minor Detected
2025-04-30 10:07:25.242861,Minor Detected
2025-04-30 10:07:25.308833,Minor Detected
2025-04-30 10:07:25.382695,Minor Detected
2025-04-30 10:07:25.454052,Minor Detected
2025-04-30 10:07:25.524900,Minor Detected
2025-04-30 10:07:25.595935,Minor Detected
2025-04-30 10:07:25.681530,Minor Detected
2025-04-30 10:07:25.734991,Minor Detected
2025-04-30 10:07:25.802274,Minor Detected
2025-04-30 10:07:25.876283,Minor Detected
2025-04-30 10:07:25.952296,Minor Detected
2025-04-30 10:07:26.015558,Minor Detected
2025-04-30 10:07:26.086194,Minor Detected
2025-04-30 10:07:26.160350,Minor Detected
2025-04-30 10:07:26.230273,Minor Detected
2025-04-30 10:07:26.299185,Minor Detected
2025-04-30 10:07:26.368824,Minor Detected
2025-04-30 10:07:26.441930,Minor Detected
2025-04-30 10:07:26.513253,Minor Detected
2025-04-30 10:07:26.579929,Minor Detected
2025-04-30 10:07:26.650831,Minor Detected
2025-04-30 10:07:26.728916,Minor Detected
2025-04-30 10:07:26.797671,Minor Detected
2025-04-30 10:07:26.865218,Minor Detected
2025-04-30 10:07:26.935148,Minor Detected
2025-04-30 10:07:27.004279,Minor Detected
2025-04-30 10:07:27.080583,Minor Detected
2025-04-30 10:07:27.148530,Minor Detected
2025-04-30 10:07:27.217794,Minor Detected
2025-04-30 10:07:27.290435,Minor Detected
2025-04-30 10:07:27.376008,Minor Detected
2025-04-30 10:07:27.451048,Minor Detected
2025-04-30 10:07:27.501365,Minor Detected
2025-04-30 10:07:27.572025,Minor Detected
2025-04-30 10:07:27.640346,Minor Detected
2025-04-30 10:07:27.715815,Minor Detected
2025-04-30 10:07:27.782648,Minor Detected
2025-04-30 10:07:27.867490,Minor Detected
2025-04-30 10:07:27.941315,Minor Detected
2025-04-30 10:07:28.010107,Minor Detected
2025-04-30 10:07:28.077348,Minor Detected
2025-04-30 10:07:28.136207,Minor Detected
2025-04-30 10:07:28.215177,Minor Detected
2025-04-30 10:07:28.281938,Minor Detected
2025-04-30 10:07:28.350273,Minor Detected
2025-04-30 10:07:28.420546,Minor Detected
2025-04-30 10:07:28.507733,Minor Detected
2025-04-30 10:07:28.562003,Minor Detected
2025-04-30 10:07:28.633174,Minor Detected
2025-04-30 10:07:28.698447,Minor Detected
2025-04-30 10:07:28.776067,Minor Detected
2025-04-30 10:07:28.847458,Minor Detected
2025-04-30 10:07:28.913905,Minor Detected
2025-04-30 10:07:28.985107,Minor Detected
2025-04-30 10:07:29.061551,Minor Detected
2025-04-30 10:07:29.127294,Minor Detected
2025-04-30 10:07:29.198375,Minor Detected
2025-04-30 10:07:29.269764,Minor Detected
2025-04-30 10:07:29.340011,Minor Detected
2025-04-30 10:07:29.412016,Minor Detected
2025-04-30 10:07:29.481853,Minor Detected
2025-04-30 10:07:29.553083,Minor Detected
2025-04-30 10:07:29.620234,Minor Detected
2025-04-30 10:07:29.693745,Minor Detected
2025-04-30 10:07:29.767813,Minor Detected
2025-04-30 10:07:29.836360,Minor Detected
2025-04-30 10:07:29.904766,Minor Detected
2025-04-30 10:07:29.983902,Minor Detected
2025-04-30 10:07:30.048539,Minor Detected
2025-04-30 10:07:30.114947,Minor Detected
2025-04-30 10:07:30.185762,Minor Detected
2025-04-30 10:07:30.254924,Minor Detected
2025-04-30 10:07:30.329564,Minor Detected
2025-04-30 10:07:30.399264,Minor Detected
2025-04-30 10:07:30.468732,Minor Detected
2025-04-30 10:07:30.543891,Minor Detected
2025-04-30 10:07:30.615036,Minor Detected
2025-04-30 10:07:30.681801,Minor Detected
2025-04-30 10:07:30.753136,Minor Detected
2025-04-30 10:07:30.826944,Minor Detected
2025-04-30 10:07:30.897233,Minor Detected
2025-04-30 10:07:30.965436,Minor Detected
2025-04-30 10:07:31.045860,Minor Detected
2025-04-30 10:07:31.110100,Minor Detected
2025-04-30 10:07:31.178190,Minor Detected
2025-04-30 10:07:31.246265,Minor Detected
2025-04-30 10:07:31.360755,Minor Detected
2025-04-30 10:07:31.425040,Minor Detected
2025-04-30 10:07:31.497766,Minor Detected
2025-04-30 10:07:31.566523,Minor Detected
2025-04-30 10:07:31.637484,Minor Detected
2025-04-30 10:07:31.710315,Minor Detected
2025-04-30 10:07:31.849092,Minor Detected
2025-04-30 10:07:33.050929,Minor Detected
2025-04-30 10:07:33.120219,Minor Detected
2025-04-30 10:07:33.194673,Minor Detected
2025-04-30 10:07:33.403842,Minor Detected
2025-04-30 10:07:33.484267,Minor Detected
2025-04-30 10:07:33.612751,Minor Detected
2025-04-30 10:07:33.687838,Minor Detected
2025-04-30 10:07:33.758530,Minor Detected
2025-04-30 10:07:33.828816,Minor Detected
2025-04-30 10:07:33.897526,Minor Detected
2025-04-30 10:07:33.969779,Minor Detected
2025-04-30 10:07:34.042039,Minor Detected
2025-04-30 10:07:34.113792,Minor Detected
2025-04-30 10:07:34.179020,Minor Detected
2025-04-30 10:07:34.252537,Minor Detected
2025-04-30 10:07:34.325048,Minor Detected
2025-04-30 10:07:34.394462,Minor Detected
2025-04-30 10:07:34.463098,Minor Detected
2025-04-30 10:07:34.534630,Minor Detected
2025-04-30 10:07:34.606111,Minor Detected
2025-04-30 10:07:34.677162,Minor Detected
2025-04-30 10:07:34.749995,Minor Detected
2025-04-30 10:07:34.818168,Minor Detected
2025-04-30 10:07:34.887512,Minor Detected
2025-04-30 10:07:34.962563,Minor Detected
2025-04-30 10:07:35.033469,Minor Detected
2025-04-30 10:07:35.098891,Minor Detected
2025-04-30 10:07:35.171618,Minor Detected
2025-04-30 10:07:35.245084,Minor Detected
2025-04-30 10:07:35.315987,Minor Detected
2025-04-30 10:07:35.390123,Minor Detected
2025-04-30 10:07:35.450831,Minor Detected
2025-04-30 10:07:35.526029,Minor Detected
2025-04-30 10:07:35.602766,Minor Detected
2025-04-30 10:07:35.666839,Minor Detected
2025-04-30 10:07:35.735072,Minor Detected
2025-04-30 10:07:35.810351,Minor Detected
2025-04-30 10:07:35.880334,Minor Detected
2025-04-30 10:07:35.947522,Minor Detected
2025-04-30 10:07:36.023284,Minor Detected
2025-04-30 10:07:36.094382,Minor Detected
2025-04-30 10:07:36.164808,Minor Detected
2025-04-30 10:07:36.232663,Minor Detected
2025-04-30 10:07:36.302502,Minor Detected
2025-04-30 10:07:36.376280,Minor Detected
2025-04-30 10:07:36.448004,Minor Detected
2025-04-30 10:07:36.512479,Minor Detected
2025-04-30 10:07:36.584664,Minor Detected
2025-04-30 10:07:36.656520,Minor Detected
2025-04-30 10:07:36.938736,Minor Detected
2025-04-30 10:07:37.012974,Minor Detected
2025-04-30 10:07:37.081201,Minor Detected
2025-04-30 10:07:37.363499,Minor Detected
2025-04-30 10:07:37.504032,Minor Detected
2025-04-30 10:07:37.577511,Minor Detected
2025-04-30 10:07:38.069547,Minor Detected
2025-04-30 10:07:38.208772,Minor Detected
2025-04-30 10:07:39.071729,Minor Detected
2025-04-30 10:07:39.153457,Minor Detected
2025-04-30 10:07:39.212844,Minor Detected
2025-04-30 10:07:39.850387,Minor Detected
2025-04-30 10:07:39.923006,Minor Detected
2025-04-30 10:07:39.992619,Minor Detected
2025-04-30 10:07:40.128298,Minor Detected
2025-04-30 10:07:40.206783,Minor Detected
2025-04-30 10:07:40.275337,Minor Detected
2025-04-30 10:07:40.342473,Minor Detected
2025-04-30 10:07:40.414405,Minor Detected
2025-04-30 10:07:40.488752,Minor Detected
2025-04-30 10:07:40.558038,Minor Detected
2025-04-30 10:07:40.627543,Minor Detected
2025-04-30 10:07:40.700450,Minor Detected
2025-04-30 10:07:40.773111,Minor Detected
2025-04-30 10:07:41.124977,Minor Detected
2025-04-30 10:07:41.749833,Minor Detected
2025-04-30 10:07:41.961133,Minor Detected
2025-04-30 10:07:42.028694,Minor Detected
2025-04-30 10:07:42.172660,Minor Detected
2025-04-30 10:07:43.660018,Minor Detected
2025-04-30 10:07:44.515841,Minor Detected
2025-04-30 10:07:44.589275,Minor Detected
2025-04-30 10:07:44.660926,Minor Detected
2025-04-30 10:07:44.728431,Minor Detected
2025-04-30 10:07:45.078357,Minor Detected
2025-04-30 10:07:45.293678,Minor Detected
2025-04-30 10:07:45.365599,Minor Detected
2025-04-30 10:07:45.507198,Minor Detected
2025-04-30 10:07:45.565372,Minor Detected
2025-04-30 10:07:45.634282,Minor Detected
2025-04-30 10:07:45.714279,Minor Detected
2025-04-30 10:07:45.792085,Minor Detected
2025-04-30 10:07:45.865906,Minor Detected
2025-04-30 10:08:02.247249,Minor Detected
2025-04-30 10:08:02.318706,Minor Detected
2025-04-30 10:08:02.391326,Minor Detected
2025-04-30 10:08:02.462809,Minor Detected
2025-04-30 10:08:02.530398,Minor Detected
2025-04-30 10:08:02.598482,Minor Detected
2025-04-30 10:08:02.671527,Minor Detected
2025-04-30 10:08:02.745492,Minor Detected
2025-04-30 10:08:02.812815,Minor Detected
2025-04-30 10:08:02.881799,Minor Detected
2025-04-30 10:08:02.952107,Minor Detected
2025-04-30 10:08:03.096472,Minor Detected
2025-04-30 10:08:03.232144,Minor Detected
2025-04-30 10:08:03.310749,Minor Detected
2025-04-30 10:08:03.382893,Minor Detected
2025-04-30 10:08:03.446104,Minor Detected
2025-04-30 10:08:03.517698,Minor Detected
2025-04-30 10:08:03.591004,Minor Detected
2025-04-30 10:08:03.664065,Minor Detected
2025-04-30 10:08:03.729474,Minor Detected
2025-04-30 10:08:03.802582,Minor Detected
2025-04-30 10:08:03.870100,Minor Detected
2025-04-30 10:08:03.944179,Minor Detected
2025-04-30 10:08:04.015628,Minor Detected
2025-04-30 10:08:04.085812,Minor Detected
2025-04-30 10:08:04.153496,Minor Detected
2025-04-30 10:08:04.230730,Minor Detected
2025-04-30 10:08:04.297784,Minor Detected
2025-04-30 10:08:04.367031,Minor Detected
2025-04-30 10:08:04.441900,Minor Detected
2025-04-30 10:08:04.508465,Minor Detected
2025-04-30 10:08:04.582488,Minor Detected
2025-04-30 10:08:04.650837,Minor Detected
2025-04-30 10:08:04.720950,Minor Detected
2025-04-30 10:08:04.794951,Minor Detected
2025-04-30 10:08:04.866442,Minor Detected
2025-04-30 10:08:05.002538,Minor Detected
2025-04-30 10:08:05.077769,Minor Detected
2025-04-30 10:08:05.148673,Minor Detected
2025-04-30 10:08:05.214052,Minor Detected
2025-04-30 10:08:05.287152,Minor Detected
2025-04-30 10:08:05.431696,Minor Detected
2025-04-30 10:08:05.499637,Minor Detected
2025-04-30 10:08:05.567858,Minor Detected
2025-04-30 10:08:05.639751,Minor Detected
2025-04-30 10:08:05.713486,Minor Detected
2025-04-30 10:08:05.848482,Minor Detected
2025-04-30 10:08:05.995003,Minor Detected
2025-04-30 10:08:06.063314,Minor Detected
2025-04-30 10:08:06.133382,Minor Detected
2025-04-30 10:08:06.205268,Minor Detected
2025-04-30 10:08:06.277761,Minor Detected
2025-04-30 10:08:06.489881,Minor Detected
2025-04-30 10:08:06.697770,Minor Detected
2025-04-30 10:08:06.774125,Minor Detected
2025-04-30 10:08:06.840914,Minor Detected
2025-04-30 10:08:06.914577,Minor Detected
2025-04-30 10:08:06.983090,Minor Detected
2025-04-30 10:08:07.051048,Minor Detected
2025-04-30 10:08:07.127111,Minor Detected
2025-04-30 10:08:07.199578,Minor Detected
2025-04-30 10:08:07.267530,Minor Detected
2025-04-30 10:08:07.338207,Minor Detected
2025-04-30 10:08:07.412095,Minor Detected
2025-04-30 10:08:07.480511,Minor Detected
2025-04-30 10:08:07.548748,Minor Detected
2025-04-30 10:08:07.621320,Minor Detected
2025-04-30 10:08:07.686952,Minor Detected
2025-04-30 10:08:07.831936,Minor Detected
2025-04-30 10:08:09.177186,Minor Detected
2025-04-30 10:08:09.884162,Minor Detected
2025-04-30 10:08:11.295865,Minor Detected
2025-04-30 10:08:11.365414,Minor Detected
2025-04-30 10:08:11.507961,Minor Detected
2025-04-30 10:08:11.578826,Minor Detected
2025-04-30 10:08:11.790836,Minor Detected
2025-04-30 10:08:12.104112,Minor Detected
2025-04-30 10:08:12.181498,Minor Detected
2025-04-30 10:08:12.459697,Minor Detected
2025-04-30 10:08:12.674553,Minor Detected
2025-04-30 10:08:12.813867,Minor Detected
2025-04-30 10:08:12.885185,Minor Detected
2025-04-30 10:08:12.961160,Minor Detected
2025-04-30 10:08:13.164753,Minor Detected
2025-04-30 10:08:13.240503,Minor Detected
2025-04-30 10:08:13.308054,Minor Detected
2025-04-30 10:08:13.379614,Minor Detected
2025-04-30 10:08:13.449666,Minor Detected
2025-04-30 10:08:13.526008,Minor Detected
2025-04-30 10:08:13.593340,Minor Detected
2025-04-30 10:08:13.663032,Minor Detected
2025-04-30 10:08:13.735060,Minor Detected
2025-04-30 10:08:13.803812,Minor Detected
2025-04-30 10:08:14.015841,Minor Detected
2025-04-30 10:08:14.088247,Minor Detected
2025-04-30 10:08:14.160151,Minor Detected
2025-04-30 10:08:14.230144,Minor Detected
2025-04-30 10:08:14.299739,Minor Detected
2025-04-30 10:08:14.369765,Minor Detected
2025-04-30 10:08:14.444246,Minor Detected
2025-04-30 10:08:14.513822,Minor Detected
2025-04-30 10:08:14.582949,Minor Detected
2025-04-30 10:08:14.654314,Minor Detected
2025-04-30 10:08:14.727626,Minor Detected
2025-04-30 10:08:14.794530,Minor Detected
2025-04-30 10:08:14.866239,Minor Detected
2025-04-30 10:08:14.936217,Minor Detected
2025-04-30 10:08:15.007553,Minor Detected
2025-04-30 10:08:15.088321,Minor Detected
2025-04-30 10:08:15.149113,Minor Detected
2025-04-30 10:08:15.219597,Minor Detected
2025-04-30 10:08:15.295608,Minor Detected
2025-04-30 10:08:15.363564,Minor Detected
2025-04-30 10:08:15.429015,Minor Detected
2025-04-30 10:08:16.417253,Minor Detected
2025-04-30 10:08:17.693496,Minor Detected
2025-04-30 10:08:17.763612,Minor Detected
2025-04-30 10:08:17.835405,Minor Detected
2025-04-30 10:08:17.904559,Minor Detected
2025-04-30 10:08:17.975833,Minor Detected
2025-04-30 10:08:22.925862,Minor Detected
2025-04-30 10:08:23.064653,Minor Detected
2025-04-30 10:08:29.639820,Minor Detected
2025-04-30 10:08:29.716819,Minor Detected
2025-04-30 10:08:30.416791,Minor Detected
2025-04-30 10:08:30.489486,Minor Detected
2025-04-30 10:08:30.839671,Minor Detected
2025-04-30 10:08:30.916140,Minor Detected
2025-04-30 10:08:30.983867,Minor Detected
2025-04-30 10:08:31.051726,Minor Detected
2025-04-30 10:08:31.408176,Minor Detected
2025-04-30 10:08:31.481484,Minor Detected
2025-04-30 10:08:31.548880,Minor Detected
2025-04-30 10:08:31.622055,Minor Detected
2025-04-30 10:08:31.692414,Minor Detected
2025-04-30 10:08:31.830985,Minor Detected
2025-04-30 10:08:31.900836,Minor Detected
2025-04-30 10:08:31.973796,Minor Detected
2025-04-30 10:08:32.115573,Minor Detected
2025-04-30 10:08:32.750429,Minor Detected
2025-04-30 10:08:32.820879,Minor Detected
2025-04-30 10:08:32.895375,Minor Detected
2025-04-30 10:08:32.963903,Minor Detected
2025-04-30 10:08:33.032777,Minor Detected
2025-04-30 10:08:33.102130,Minor Detected
2025-04-30 10:08:33.176539,Minor Detected
2025-04-30 10:08:33.248742,Minor Detected
2025-04-30 10:08:33.317603,Minor Detected
2025-04-30 10:08:33.388021,Minor Detected
2025-04-30 10:08:33.459541,Minor Detected
2025-04-30 10:08:33.531061,Minor Detected
2025-04-30 10:08:33.599861,Minor Detected
2025-04-30 10:08:33.668439,Minor Detected
2025-04-30 10:08:33.743766,Minor Detected
2025-04-30 10:08:33.881436,Minor Detected
2025-04-30 10:08:33.951022,Minor Detected
2025-04-30 10:08:34.022519,Minor Detected
2025-04-30 10:08:34.660374,Minor Detected
2025-04-30 10:08:34.731475,Minor Detected
2025-04-30 10:08:34.798634,Minor Detected
2025-04-30 10:08:34.869581,Minor Detected
2025-04-30 10:08:34.944767,Minor Detected
2025-04-30 10:08:35.014728,Minor Detected
2025-04-30 10:08:35.082847,Minor Detected
2025-04-30 10:08:35.150977,Minor Detected
2025-04-30 10:08:35.225564,Minor Detected
2025-04-30 10:08:35.300103,Minor Detected
2025-04-30 10:08:35.365192,Minor Detected
2025-04-30 10:08:35.434445,Minor Detected
2025-04-30 10:08:35.509557,Minor Detected
2025-04-30 10:08:35.580053,Minor Detected
2025-04-30 10:08:35.648767,Minor Detected
2025-04-30 10:08:35.717577,Minor Detected
2025-04-30 10:08:35.788185,Minor Detected
2025-04-30 10:08:36.002817,Minor Detected
2025-04-30 10:08:36.073508,Minor Detected
2025-04-30 10:08:36.141575,Minor Detected
2025-04-30 10:08:36.214343,Minor Detected
2025-04-30 10:08:36.283422,Minor Detected
2025-04-30 10:08:36.356359,Minor Detected
2025-04-30 10:08:36.429176,Minor Detected
2025-04-30 10:08:36.496488,Minor Detected
2025-04-30 10:08:36.565795,Minor Detected
2025-04-30 10:08:36.637824,Minor Detected
2025-04-30 10:08:36.714756,Minor Detected
2025-04-30 10:08:36.780190,Minor Detected
2025-04-30 10:08:36.855445,Minor Detected
2025-04-30 10:08:36.918571,Minor Detected
2025-04-30 10:08:36.990354,Minor Detected
2025-04-30 10:08:37.063220,Minor Detected
2025-04-30 10:08:37.132901,Minor Detected
2025-04-30 10:08:37.203583,Minor Detected
2025-04-30 10:08:37.276851,Minor Detected
2025-04-30 10:08:37.345933,Minor Detected
2025-04-30 10:08:37.415491,Minor Detected
2025-04-30 10:08:37.485409,Minor Detected
2025-04-30 10:08:37.629939,Minor Detected
2025-04-30 10:08:37.766309,Minor Detected
2025-04-30 10:08:37.844483,Minor Detected
2025-04-30 10:08:37.912163,Minor Detected
2025-04-30 10:08:37.981849,Minor Detected
2025-04-30 10:08:38.054101,Minor Detected
2025-04-30 10:08:38.123614,Minor Detected
2025-04-30 10:08:38.196330,Minor Detected
2025-04-30 10:08:38.264166,Minor Detected
2025-04-30 10:08:38.338076,Minor Detected
2025-04-30 10:08:38.405949,Minor Detected
2025-04-30 10:08:38.477439,Minor Detected
2025-04-30 10:08:38.548027,Minor Detected
2025-04-30 10:08:40.313789,Minor Detected
2025-04-30 10:08:40.383730,Minor Detected
2025-04-30 10:08:40.455387,Minor Detected
2025-04-30 10:08:40.529815,Minor Detected
2025-04-30 10:08:40.597671,Minor Detected
2025-04-30 10:08:40.770643,Minor Detected
2025-04-30 10:08:41.198621,Minor Detected
2025-04-30 10:08:41.266764,Minor Detected
2025-04-30 10:08:41.621936,Minor Detected
2025-04-30 10:08:41.694284,Minor Detected
2025-04-30 10:08:41.976457,Minor Detected
2025-04-30 10:08:42.049501,Minor Detected
2025-04-30 10:08:42.332051,Minor Detected
2025-04-30 10:08:42.399925,Minor Detected
2025-04-30 10:08:42.757897,Minor Detected
2025-04-30 10:08:42.831016,Minor Detected
2025-04-30 10:08:42.895417,Minor Detected
2025-04-30 10:08:42.967159,Minor Detected
2025-04-30 10:08:43.036345,Minor Detected
2025-04-30 10:08:43.111224,Minor Detected
2025-04-30 10:08:43.179153,Minor Detected
2025-04-30 10:08:48.166684,Minor Detected
2025-04-30 10:08:48.233187,Minor Detected
2025-04-30 10:08:48.301501,Minor Detected
2025-04-30 10:08:48.374144,Minor Detected
2025-04-30 10:08:48.448902,Minor Detected
2025-04-30 10:08:48.514647,Minor Detected
2025-04-30 10:08:48.585048,Minor Detected
2025-04-30 10:08:48.659065,Minor Detected
2025-04-30 10:08:48.727326,Minor Detected
2025-04-30 10:08:48.795985,Minor Detected
2025-04-30 10:08:48.866780,Minor Detected
2025-04-30 10:08:48.940065,Minor Detected
2025-04-30 10:08:49.861386,Minor Detected
2025-04-30 10:08:50.000079,Minor Detected
2025-04-30 10:08:50.988706,Minor Detected
2025-04-30 10:08:51.446440,Minor Detected
2025-04-30 10:08:54.488661,Minor Detected
2025-04-30 10:08:54.562298,Minor Detected
2025-04-30 10:08:54.631342,Minor Detected
2025-04-30 10:08:54.699134,Minor Detected
2025-04-30 10:08:54.769971,Minor Detected
2025-04-30 10:08:54.841655,Minor Detected
2025-04-30 10:08:55.978912,Minor Detected
2025-04-30 10:08:56.046153,Minor Detected
2025-04-30 10:08:56.114138,Minor Detected
2025-04-30 10:08:56.185358,Minor Detected
2025-04-30 10:08:56.255522,Minor Detected
2025-04-30 10:08:56.326217,Minor Detected
2025-04-30 10:09:00.392718,Minor Detected
2025-04-30 10:09:00.463637,Minor Detected
2025-04-30 10:09:00.745077,Minor Detected
2025-04-30 10:09:00.815163,Minor Detected
2025-04-30 10:09:00.886571,Minor Detected
2025-04-30 10:09:00.957088,Minor Detected
2025-04-30 10:09:01.028373,Minor Detected
2025-04-30 10:09:01.096990,Minor Detected
2025-04-30 10:09:01.167491,Minor Detected
2025-04-30 10:09:01.240440,Minor Detected
2025-04-30 10:09:01.314212,Minor Detected
2025-04-30 10:09:01.378877,Minor Detected
2025-04-30 10:09:01.451605,Minor Detected
2025-04-30 10:09:01.525166,Minor Detected
2025-04-30 10:09:02.369288,Minor Detected
2025-04-30 10:09:02.443082,Minor Detected
2025-04-30 10:09:02.515897,Minor Detected
2025-04-30 10:09:02.582411,Minor Detected
2025-04-30 10:09:04.788381,Minor Detected
2025-04-30 10:09:06.900527,Minor Detected
2025-04-30 10:09:19.018531,Minor Detected
2025-04-30 10:09:19.446451,Minor Detected
2025-04-30 10:09:19.512703,Minor Detected
2025-04-30 10:09:19.728315,Minor Detected
2025-04-30 10:09:19.867464,Minor Detected
2025-04-30 10:09:19.939193,Minor Detected
2025-04-30 10:09:20.308111,Minor Detected
2025-04-30 10:09:20.378079,Minor Detected
2025-04-30 10:09:20.449821,Minor Detected
2025-04-30 10:09:20.788523,Minor Detected
2025-04-30 10:09:20.874723,Minor Detected
2025-04-30 10:09:20.939739,Minor Detected
2025-04-30 10:09:21.004489,Minor Detected
2025-04-30 10:09:21.068670,Minor Detected
2025-04-30 10:09:21.143218,Minor Detected
2025-04-30 10:09:21.212185,Minor Detected
2025-04-30 10:09:21.280044,Minor Detected
2025-04-30 10:09:21.355156,Minor Detected
2025-04-30 10:09:22.269624,Minor Detected
2025-04-30 10:09:22.550826,Minor Detected
2025-04-30 10:09:23.261224,Minor Detected
2025-04-30 10:09:23.332764,Minor Detected
2025-04-30 10:09:23.397590,Minor Detected
2025-04-30 10:09:23.486057,Minor Detected
2025-04-30 10:09:24.120946,Minor Detected
2025-04-30 10:09:24.194109,Minor Detected
2025-04-30 10:09:24.970594,Minor Detected
2025-04-30 10:09:25.666070,Minor Detected
2025-04-30 10:09:25.740857,Minor Detected
2025-04-30 10:09:25.805957,Minor Detected
2025-04-30 10:09:25.879515,Minor Detected
2025-04-30 10:09:25.947103,Minor Detected
2025-04-30 10:09:26.088195,Minor Detected
2025-04-30 10:09:26.156353,Minor Detected
2025-04-30 10:09:26.230849,Minor Detected
2025-04-30 10:09:26.301697,Minor Detected
2025-04-30 10:09:26.368361,Minor Detected
2025-04-30 10:09:26.442078,Minor Detected
2025-04-30 10:09:26.514128,Minor Detected
2025-04-30 10:09:26.582510,Minor Detected
2025-04-30 10:09:26.863997,Minor Detected
2025-04-30 10:09:27.362649,Minor Detected
2025-04-30 10:09:27.431197,Minor Detected
2025-04-30 10:09:27.501750,Minor Detected
2025-04-30 10:09:27.572569,Minor Detected
2025-04-30 10:09:27.712302,Minor Detected
2025-04-30 10:09:27.786140,Minor Detected
2025-04-30 10:09:27.859609,Minor Detected
2025-04-30 10:09:27.923793,Minor Detected
2025-04-30 10:09:27.997874,Minor Detected
2025-04-30 10:09:28.065675,Minor Detected
2025-04-30 10:09:28.138729,Minor Detected
2025-04-30 10:09:28.209790,Minor Detected
2025-04-30 10:09:28.280306,Minor Detected
2025-04-30 10:09:28.348043,Minor Detected
2025-04-30 10:09:28.420125,Minor Detected
2025-04-30 10:09:28.492103,Minor Detected
2025-04-30 10:09:28.632290,Minor Detected
2025-04-30 10:09:28.700997,Minor Detected
2025-04-30 10:09:28.773940,Minor Detected
2025-04-30 10:09:28.859194,Minor Detected
2025-04-30 10:09:28.985716,Minor Detected
2025-04-30 10:09:29.126987,Minor Detected
2025-04-30 10:09:29.198894,Minor Detected
2025-04-30 10:09:29.270203,Minor Detected
2025-04-30 10:09:29.343727,Minor Detected
2025-04-30 10:09:29.411780,Minor Detected
2025-04-30 10:09:29.656345,Minor Detected
2025-04-30 10:09:29.732140,Minor Detected
2025-04-30 10:09:29.798670,Minor Detected
2025-04-30 10:09:30.716513,Minor Detected
2025-04-30 10:09:30.791433,Minor Detected
2025-04-30 10:09:30.861234,Minor Detected
2025-04-30 10:09:31.992145,Minor Detected
2025-04-30 10:09:32.081555,Minor Detected
2025-04-30 10:09:32.284273,Minor Detected
2025-04-30 10:09:38.581970,Minor Detected
2025-04-30 10:09:38.647808,Minor Detected
2025-04-30 10:09:39.696320,Minor Detected
2025-04-30 10:09:40.547477,Minor Detected
2025-04-30 10:09:41.746929,Minor Detected
2025-04-30 10:09:41.815181,Minor Detected
2025-04-30 10:09:41.888182,Minor Detected
2025-04-30 10:09:41.960486,Minor Detected
2025-04-30 10:09:42.382524,Minor Detected
2025-04-30 10:09:42.526069,Minor Detected
2025-04-30 10:09:42.595685,Minor Detected
2025-04-30 10:09:42.807138,Minor Detected
2025-04-30 10:09:42.948832,Minor Detected
2025-04-30 10:09:43.016640,Minor Detected
2025-04-30 10:09:43.160857,Minor Detected
2025-04-30 10:09:43.230144,Minor Detected
2025-04-30 10:09:43.299847,Minor Detected
2025-04-30 10:09:43.372083,Minor Detected
2025-04-30 10:09:43.445193,Minor Detected
2025-04-30 10:09:43.515028,Minor Detected
2025-04-30 10:09:43.596272,Minor Detected
2025-04-30 10:09:43.667426,Minor Detected
2025-04-30 10:09:43.740058,Minor Detected
2025-04-30 10:09:43.806404,Minor Detected
2025-04-30 10:09:43.879759,Minor Detected
2025-04-30 10:09:44.996936,Minor Detected
2025-04-30 10:09:45.311987,Minor Detected
2025-04-30 10:09:46.390989,Minor Detected
2025-04-30 10:09:46.461978,Minor Detected
2025-04-30 10:09:46.527145,Minor Detected
2025-04-30 10:09:46.599332,Minor Detected
2025-04-30 10:09:46.676850,Minor Detected
2025-04-30 10:09:46.740143,Minor Detected
2025-04-30 10:09:46.813756,Minor Detected
2025-04-30 10:09:48.162113,Minor Detected
2025-04-30 10:09:48.229082,Minor Detected
2025-04-30 10:09:49.430388,Minor Detected
2025-04-30 10:09:49.568214,Minor Detected
2025-04-30 10:09:49.710131,Minor Detected
2025-04-30 10:09:49.781982,Minor Detected
2025-04-30 10:09:49.855450,Minor Detected
2025-04-30 10:09:49.923717,Minor Detected
2025-04-30 10:09:49.994247,Minor Detected
2025-04-30 10:09:50.209216,Minor Detected
2025-04-30 10:09:50.628442,Minor Detected
2025-04-30 10:09:52.188439,Minor Detected
2025-04-30 10:09:52.398793,Minor Detected
2025-04-30 10:09:53.106866,Minor Detected
2025-04-30 10:09:53.178692,Minor Detected
2025-04-30 10:09:55.008449,Minor Detected
2025-04-30 10:09:55.085777,Minor Detected
2025-04-30 10:09:55.222918,Minor Detected
2025-04-30 10:09:55.369077,Minor Detected
2025-04-30 10:09:55.866038,Minor Detected
2025-04-30 10:09:55.930714,Minor Detected
2025-04-30 10:09:56.006237,Minor Detected
2025-04-30 10:09:56.077395,Minor Detected
2025-04-30 10:09:56.145064,Minor Detected
2025-04-30 10:09:56.216986,Minor Detected
2025-04-30 10:09:56.284828,Minor Detected
2025-04-30 10:09:56.357613,Minor Detected
2025-04-30 10:09:56.429376,Minor Detected
2025-04-30 10:09:56.494985,Minor Detected
2025-04-30 10:09:56.568980,Minor Detected
2025-04-30 10:09:56.922026,Minor Detected
2025-04-30 10:09:56.989771,Minor Detected
2025-04-30 10:09:57.063392,Minor Detected
2025-04-30 10:09:57.769596,Minor Detected
2025-04-30 10:09:57.848871,Minor Detected
2025-04-30 10:09:57.909914,Minor Detected
2025-04-30 10:09:58.055814,Minor Detected
2025-04-30 10:09:58.127213,Minor Detected
2025-04-30 10:09:58.194499,Minor Detected
2025-04-30 10:09:58.262978,Minor Detected
2025-04-30 10:09:59.678654,Minor Detected
2025-04-30 10:09:59.822407,Minor Detected
2025-04-30 10:09:59.892168,Minor Detected
2025-04-30 10:09:59.960464,Minor Detected
2025-04-30 10:10:00.045791,Minor Detected
2025-04-30 10:10:00.106351,Minor Detected
2025-04-30 10:10:00.174375,Minor Detected
2025-04-30 10:10:00.244198,Minor Detected
2025-04-30 10:10:00.301006,Minor Detected
2025-04-30 10:10:00.373716,Minor Detected
2025-04-30 10:10:00.459964,Minor Detected
2025-04-30 10:10:00.516745,Minor Detected
2025-04-30 10:10:01.802175,Minor Detected
2025-04-30 10:10:05.181079,Minor Detected
2025-04-30 10:10:05.253616,Minor Detected
2025-04-30 10:10:05.328301,Minor Detected
2025-04-30 10:10:05.394642,Minor Detected
2025-04-30 10:10:05.462351,Minor Detected
2025-04-30 10:10:05.535682,Minor Detected
2025-04-30 10:10:05.603800,Minor Detected
2025-04-30 10:10:05.678223,Minor Detected
2025-04-30 10:10:05.747151,Minor Detected
2025-04-30 10:10:05.815767,Minor Detected
2025-04-30 10:10:05.888871,Minor Detected
2025-04-30 10:10:05.958827,Minor Detected
2025-04-30 10:10:06.030284,Minor Detected
2025-04-30 10:10:06.097740,Minor Detected
2025-04-30 10:10:06.170037,Minor Detected
2025-04-30 10:10:06.240133,Minor Detected
2025-04-30 10:10:06.311663,Minor Detected
2025-04-30 10:10:06.389375,Minor Detected
2025-04-30 10:10:06.452844,Minor Detected
2025-04-30 10:10:06.526081,Minor Detected
2025-04-30 10:10:06.597863,Minor Detected
2025-04-30 10:10:06.664633,Minor Detected
2025-04-30 10:10:06.736745,Minor Detected
2025-04-30 10:10:06.810559,Minor Detected
2025-04-30 10:10:06.877273,Minor Detected
2025-04-30 10:10:06.949247,Minor Detected
2025-04-30 10:10:07.020324,Minor Detected
2025-04-30 10:10:07.090879,Minor Detected
2025-04-30 10:10:07.164318,Minor Detected
2025-04-30 10:10:07.232885,Minor Detected
2025-04-30 10:10:07.301307,Minor Detected
2025-04-30 10:10:07.373530,Minor Detected
2025-04-30 10:10:07.446529,Minor Detected
2025-04-30 10:10:07.513896,Minor Detected
2025-04-30 10:10:07.583167,Minor Detected
2025-04-30 10:10:07.656406,Minor Detected
2025-04-30 10:10:07.726373,Minor Detected
2025-04-30 10:10:07.796371,Minor Detected
2025-04-30 10:10:07.866875,Minor Detected
2025-04-30 10:10:07.935870,Minor Detected
2025-04-30 10:10:08.010121,Minor Detected
2025-04-30 10:10:08.082323,Minor Detected
2025-04-30 10:10:08.155198,Minor Detected
2025-04-30 10:10:08.219395,Minor Detected
2025-04-30 10:10:08.294959,Minor Detected
2025-04-30 10:10:08.363567,Minor Detected
2025-04-30 10:10:08.433671,Minor Detected
2025-04-30 10:10:08.502348,Minor Detected
2025-04-30 10:10:08.577173,Minor Detected
2025-04-30 10:10:08.648542,Minor Detected
2025-04-30 10:10:08.716578,Minor Detected
2025-04-30 10:10:08.789692,Minor Detected
2025-04-30 10:10:08.860119,Minor Detected
2025-04-30 10:10:08.932315,Minor Detected
2025-04-30 10:10:09.000051,Minor Detected
2025-04-30 10:10:09.072181,Minor Detected
2025-04-30 10:10:09.143064,Minor Detected
2025-04-30 10:10:09.210789,Minor Detected
2025-04-30 10:10:09.280289,Minor Detected
2025-04-30 10:10:09.350436,Minor Detected
2025-04-30 10:10:09.425879,Minor Detected
2025-04-30 10:10:09.492653,Minor Detected
2025-04-30 10:10:09.565250,Minor Detected
2025-04-30 10:10:09.635834,Minor Detected
2025-04-30 10:10:09.706157,Minor Detected
2025-04-30 10:10:09.780229,Minor Detected
2025-04-30 10:10:09.846850,Minor Detected
2025-04-30 10:10:09.918915,Minor Detected
2025-04-30 10:10:09.990114,Minor Detected
2025-04-30 10:10:10.061497,Minor Detected
2025-04-30 10:10:10.126770,Minor Detected
2025-04-30 10:10:10.203660,Minor Detected
2025-04-30 10:10:10.275329,Minor Detected
2025-04-30 10:10:10.341759,Minor Detected
2025-04-30 10:10:10.416319,Minor Detected
2025-04-30 10:10:10.481555,Minor Detected
2025-04-30 10:10:10.551064,Minor Detected
2025-04-30 10:10:10.627284,Minor Detected
2025-04-30 10:10:10.694521,Minor Detected
2025-04-30 10:10:10.764325,Minor Detected
2025-04-30 10:10:10.836108,Minor Detected
2025-04-30 10:10:10.907947,Minor Detected
2025-04-30 10:10:10.978895,Minor Detected
2025-04-30 10:10:11.050203,Minor Detected
2025-04-30 10:10:11.117999,Minor Detected
2025-04-30 10:10:11.194692,Minor Detected
2025-04-30 10:10:11.258883,Minor Detected
2025-04-30 10:10:11.329027,Minor Detected
2025-04-30 10:10:11.400244,Minor Detected
2025-04-30 10:10:11.473937,Minor Detected
2025-04-30 10:10:11.545980,Minor Detected
2025-04-30 10:10:11.612260,Minor Detected
2025-04-30 10:10:11.682861,Minor Detected
2025-04-30 10:10:11.755729,Minor Detected
2025-04-30 10:10:11.825165,Minor Detected
2025-04-30 10:10:11.898222,Minor Detected
2025-04-30 10:10:11.969803,Minor Detected
2025-04-30 10:10:12.035748,Minor Detected
2025-04-30 10:10:12.111499,Minor Detected
2025-04-30 10:10:12.181030,Minor Detected
2025-04-30 10:10:12.247359,Minor Detected
2025-04-30 10:10:12.319637,Minor Detected
2025-04-30 10:10:12.396558,Minor Detected
2025-04-30 10:10:12.462513,Minor Detected
2025-04-30 10:10:12.531022,Minor Detected
2025-04-30 10:10:12.602294,Minor Detected
2025-04-30 10:10:12.672436,Minor Detected
2025-04-30 10:10:12.748507,Minor Detected
2025-04-30 10:10:12.818856,Minor Detected
2025-04-30 10:10:12.886136,Minor Detected
2025-04-30 10:10:12.965295,Minor Detected
2025-04-30 10:10:13.029230,Minor Detected
2025-04-30 10:10:13.099576,Minor Detected
2025-04-30 10:10:13.169713,Minor Detected
2025-04-30 10:10:13.240725,Minor Detected
2025-04-30 10:10:13.313001,Minor Detected
2025-04-30 10:10:13.387110,Minor Detected
2025-04-30 10:10:13.450882,Minor Detected
2025-04-30 10:10:13.525961,Minor Detected
2025-04-30 10:10:13.595632,Minor Detected
2025-04-30 10:10:13.661319,Minor Detected
2025-04-30 10:10:13.732586,Minor Detected
2025-04-30 10:10:13.808653,Minor Detected
2025-04-30 10:10:13.875616,Minor Detected
2025-04-30 10:10:13.945062,Minor Detected
2025-04-30 10:10:14.015897,Minor Detected
2025-04-30 10:10:14.092885,Minor Detected
2025-04-30 10:10:14.156070,Minor Detected
2025-04-30 10:10:14.230004,Minor Detected
2025-04-30 10:10:14.298225,Minor Detected
2025-04-30 10:10:14.369985,Minor Detected
2025-04-30 10:10:14.443734,Minor Detected
2025-04-30 10:10:15.784081,Minor Detected
2025-04-30 10:10:15.929357,Minor Detected
2025-04-30 10:10:15.997810,Minor Detected
2025-04-30 10:10:16.068315,Minor Detected
2025-04-30 10:10:16.138933,Minor Detected
2025-04-30 10:10:16.278200,Minor Detected
2025-04-30 10:10:16.350696,Minor Detected
2025-04-30 10:10:16.421562,Minor Detected
2025-04-30 10:10:16.491640,Minor Detected
2025-04-30 10:10:16.564844,Minor Detected
2025-04-30 10:10:16.631821,Minor Detected
2025-04-30 10:10:16.703934,Minor Detected
2025-04-30 10:10:16.772497,Minor Detected
2025-04-30 10:10:16.846173,Minor Detected
2025-04-30 10:10:16.913955,Minor Detected
2025-04-30 10:10:16.985717,Minor Detected
2025-04-30 10:10:17.057644,Minor Detected
2025-04-30 10:10:17.126549,Minor Detected
2025-04-30 10:10:17.199320,Minor Detected
2025-04-30 10:10:17.266050,Minor Detected
2025-04-30 10:10:17.342992,Minor Detected
2025-04-30 10:10:17.413009,Minor Detected
2025-04-30 10:10:17.480820,Minor Detected
2025-04-30 10:10:17.553388,Minor Detected
2025-04-30 10:10:17.626962,Minor Detected
2025-04-30 10:10:17.692161,Minor Detected
2025-04-30 10:10:17.906636,Minor Detected
2025-04-30 10:10:17.976838,Minor Detected
2025-04-30 10:10:18.047729,Minor Detected
2025-04-30 10:10:18.114438,Minor Detected
2025-04-30 10:10:18.260563,Minor Detected
2025-04-30 10:10:18.329456,Minor Detected
2025-04-30 10:10:18.398854,Minor Detected
2025-04-30 10:10:18.474940,Minor Detected
2025-04-30 10:10:18.542351,Minor Detected
2025-04-30 10:10:18.965117,Minor Detected
2025-04-30 10:10:19.034812,Minor Detected
2025-04-30 10:10:19.320625,Minor Detected
2025-04-30 10:10:19.393809,Minor Detected
2025-04-30 10:10:19.462429,Minor Detected
2025-04-30 10:10:19.531971,Minor Detected
2025-04-30 10:10:19.885067,Minor Detected
2025-04-30 10:10:20.237861,Minor Detected
2025-04-30 10:10:20.450118,Minor Detected
2025-04-30 10:10:20.524612,Minor Detected
2025-04-30 10:10:20.594576,Minor Detected
2025-04-30 10:10:20.663382,Minor Detected
2025-04-30 10:10:20.734731,Minor Detected
2025-04-30 10:10:20.803920,Minor Detected
2025-04-30 10:10:20.876184,Minor Detected
2025-04-30 10:10:20.945891,Minor Detected
2025-04-30 10:10:21.015785,Minor Detected
2025-04-30 10:10:21.086290,Minor Detected
2025-04-30 10:10:21.158307,Minor Detected
2025-04-30 10:10:21.231874,Minor Detected
2025-04-30 10:10:21.304938,Minor Detected
2025-04-30 10:10:21.369069,Minor Detected
2025-04-30 10:10:21.443856,Minor Detected
2025-04-30 10:10:21.515396,Minor Detected
2025-04-30 10:10:21.579837,Minor Detected
2025-04-30 10:10:21.657447,Minor Detected
2025-04-30 10:10:21.724166,Minor Detected
2025-04-30 10:10:21.796975,Minor Detected
2025-04-30 10:10:21.865318,Minor Detected
2025-04-30 10:10:21.934321,Minor Detected
2025-04-30 10:10:22.008731,Minor Detected
2025-04-30 10:10:22.079546,Minor Detected
2025-04-30 10:10:22.147375,Minor Detected
2025-04-30 10:10:22.217832,Minor Detected
2025-04-30 10:10:22.293825,Minor Detected
2025-04-30 10:10:22.357895,Minor Detected
2025-04-30 10:10:22.428659,Minor Detected
2025-04-30 10:10:22.924729,Minor Detected
2025-04-30 10:10:23.000824,Minor Detected
2025-04-30 10:10:23.064688,Minor Detected
2025-04-30 10:10:23.135582,Minor Detected
2025-04-30 10:10:23.208581,Minor Detected
2025-04-30 10:10:24.197871,Minor Detected
2025-04-30 10:10:24.693327,Minor Detected
2025-04-30 10:10:28.298387,Minor Detected
2025-04-30 10:10:28.367505,Minor Detected
2025-04-30 10:10:28.443234,Minor Detected
2025-04-30 10:10:28.508664,Minor Detected
2025-04-30 10:10:28.580043,Minor Detected
2025-04-30 10:10:28.651686,Minor Detected
2025-04-30 10:10:28.724124,Minor Detected
2025-04-30 10:10:28.864463,Minor Detected
2025-04-30 10:10:29.003466,Minor Detected
2025-04-30 10:10:29.075743,Minor Detected
2025-04-30 10:10:29.149304,Minor Detected
2025-04-30 10:10:29.215720,Minor Detected
2025-04-30 10:10:29.290738,Minor Detected
2025-04-30 10:10:29.360256,Minor Detected
2025-04-30 10:10:29.430503,Minor Detected
2025-04-30 10:10:29.498307,Minor Detected
2025-04-30 10:10:35.050532,Minor Detected
2025-04-30 10:10:35.832107,Minor Detected
2025-04-30 10:10:35.897672,Minor Detected
2025-04-30 10:10:35.967209,Minor Detected
2025-04-30 10:10:36.035821,Minor Detected
2025-04-30 10:10:36.111765,Minor Detected
2025-04-30 10:10:36.179835,Minor Detected
2025-04-30 10:10:36.253593,Minor Detected
2025-04-30 10:10:36.317496,Minor Detected
2025-04-30 10:10:36.394225,Minor Detected
2025-04-30 10:10:36.465158,Minor Detected
2025-04-30 10:10:36.534350,Minor Detected
2025-04-30 10:10:36.603443,Minor Detected
2025-04-30 10:10:36.675654,Minor Detected
2025-04-30 10:10:36.745701,Minor Detected
2025-04-30 10:10:59.014167,Minor Detected
2025-04-30 10:11:10.432572,Minor Detected
2025-04-30 10:11:10.503760,Minor Detected
2025-04-30 10:11:10.571298,Minor Detected
2025-04-30 10:11:10.647156,Minor Detected
2025-04-30 10:11:10.714010,Minor Detected
2025-04-30 10:11:10.784948,Minor Detected
2025-04-30 10:11:10.857638,Minor Detected
2025-04-30 10:11:10.931929,Minor Detected
2025-04-30 10:11:10.995929,Minor Detected
2025-04-30 10:11:11.066858,Minor Detected
2025-04-30 10:11:11.137232,Minor Detected
2025-04-30 10:11:11.212455,Minor Detected
2025-04-30 10:11:11.277638,Minor Detected
2025-04-30 10:11:11.349769,Minor Detected
2025-04-30 10:11:11.422019,Minor Detected
2025-04-30 10:11:11.489057,Minor Detected
2025-04-30 10:11:11.703000,Minor Detected
2025-04-30 10:11:11.776247,Minor Detected
2025-04-30 10:11:11.847775,Minor Detected
2025-04-30 10:11:11.916367,Minor Detected
2025-04-30 10:11:12.835460,Minor Detected
2025-04-30 10:11:14.246764,Minor Detected
2025-04-30 10:11:14.318549,Minor Detected
2025-04-30 10:11:14.390682,Minor Detected
2025-04-30 10:11:48.850493,Minor Detected
2025-04-30 10:11:48.993158,Minor Detected
2025-04-30 10:11:49.063554,Minor Detected
2025-04-30 10:11:49.345752,Minor Detected
2025-04-30 10:11:49.415959,Minor Detected
2025-04-30 10:11:49.490655,Minor Detected
2025-04-30 10:11:49.559890,Minor Detected
2025-04-30 10:11:49.629537,Minor Detected
2025-04-30 10:11:49.699299,Minor Detected
2025-04-30 10:11:49.772476,Minor Detected
2025-04-30 10:11:49.844363,Minor Detected
2025-04-30 10:11:49.908923,Minor Detected
2025-04-30 10:11:49.979459,Minor Detected
2025-04-30 10:11:50.053142,Minor Detected
2025-04-30 10:11:50.126811,Minor Detected
2025-04-30 10:11:50.198793,Minor Detected
2025-04-30 10:11:50.265148,Minor Detected
2025-04-30 10:11:50.336573,Minor Detected
2025-04-30 10:11:50.411637,Minor Detected
2025-04-30 10:11:50.478051,Minor Detected
2025-04-30 10:11:50.549678,Minor Detected
2025-04-30 10:11:50.617476,Minor Detected
2025-04-30 10:11:50.696024,Minor Detected
2025-04-30 10:11:50.759847,Minor Detected
2025-04-30 10:11:50.830645,Minor Detected
2025-04-30 10:11:50.901233,Minor Detected
2025-04-30 10:11:50.977977,Minor Detected
2025-04-30 10:11:51.045018,Minor Detected
2025-04-30 10:11:51.112402,Minor Detected
2025-04-30 10:11:51.185944,Minor Detected
2025-04-30 10:11:51.261029,Minor Detected
2025-04-30 10:11:51.326989,Minor Detected
2025-04-30 10:11:51.397042,Minor Detected
2025-04-30 10:11:51.464874,Minor Detected
2025-04-30 10:11:51.545210,Minor Detected
2025-04-30 10:11:51.612325,Minor Detected
2025-04-30 10:11:51.680714,Minor Detected
2025-04-30 10:11:51.751412,Minor Detected
2025-04-30 10:11:51.824436,Minor Detected
2025-04-30 10:11:51.892116,Minor Detected
2025-04-30 10:11:51.963639,Minor Detected
2025-04-30 10:11:52.030955,Minor Detected
2025-04-30 10:11:52.102441,Minor Detected
2025-04-30 10:11:52.177541,Minor Detected
2025-04-30 10:11:52.246178,Minor Detected
2025-04-30 10:11:52.314001,Minor Detected
2025-04-30 10:11:52.387085,Minor Detected
2025-04-30 10:11:52.460961,Minor Detected
2025-04-30 10:11:52.530637,Minor Detected
2025-04-30 10:11:52.601384,Minor Detected
2025-04-30 10:11:52.672694,Minor Detected
2025-04-30 10:11:52.743691,Minor Detected
2025-04-30 10:11:52.814404,Minor Detected
2025-04-30 10:11:52.882381,Minor Detected
2025-04-30 10:11:52.950382,Minor Detected
2025-04-30 10:11:53.025875,Minor Detected
2025-04-30 10:11:53.094419,Minor Detected
2025-04-30 10:11:53.164032,Minor Detected
2025-04-30 10:11:53.235465,Minor Detected
2025-04-30 10:11:53.308090,Minor Detected
2025-04-30 10:11:53.380073,Minor Detected
2025-04-30 10:11:53.448472,Minor Detected
2025-04-30 10:11:53.517386,Minor Detected
2025-04-30 10:11:53.593090,Minor Detected
2025-04-30 10:11:53.659243,Minor Detected
2025-04-30 10:11:53.730433,Minor Detected
2025-04-30 10:11:53.799360,Minor Detected
2025-04-30 10:11:53.873007,Minor Detected
2025-04-30 10:11:53.942731,Minor Detected
2025-04-30 10:11:54.013380,Minor Detected
2025-04-30 10:11:54.079727,Minor Detected
2025-04-30 10:11:54.161142,Minor Detected
2025-04-30 10:11:54.225307,Minor Detected
2025-04-30 10:11:54.295795,Minor Detected
2025-04-30 10:11:54.365615,Minor Detected
2025-04-30 10:11:54.436228,Minor Detected
2025-04-30 10:11:54.509424,Minor Detected
2025-04-30 10:11:54.579930,Minor Detected
2025-04-30 10:11:54.646124,Minor Detected
2025-04-30 10:11:54.719367,Minor Detected
2025-04-30 10:11:54.791810,Minor Detected
2025-04-30 10:11:54.863775,Minor Detected
2025-04-30 10:11:54.930196,Minor Detected
2025-04-30 10:11:55.000781,Minor Detected
2025-04-30 10:11:55.076652,Minor Detected
2025-04-30 10:11:55.146555,Minor Detected
2025-04-30 10:11:55.213653,Minor Detected
2025-04-30 10:11:55.285984,Minor Detected
2025-04-30 10:11:55.359051,Minor Detected
2025-04-30 10:11:55.426004,Minor Detected
2025-04-30 10:11:55.497012,Minor Detected
2025-04-30 10:11:55.567513,Minor Detected
2025-04-30 10:11:55.638937,Minor Detected
2025-04-30 10:11:55.709954,Minor Detected
2025-04-30 10:11:55.779047,Minor Detected
2025-04-30 10:11:55.849176,Minor Detected
2025-04-30 10:11:55.921239,Minor Detected
2025-04-30 10:11:55.994131,Minor Detected
2025-04-30 10:11:56.131741,Minor Detected
2025-04-30 10:11:56.204377,Minor Detected
2025-04-30 10:12:02.531767,Minor Detected
2025-04-30 10:12:02.602748,Minor Detected
2025-04-30 10:12:03.380052,Minor Detected
2025-04-30 10:12:03.660932,Minor Detected
2025-04-30 10:12:04.296599,Minor Detected
2025-04-30 10:12:06.311540,Minor Detected
2025-04-30 10:12:08.040833,Minor Detected
2025-04-30 10:12:23.381272,Minor Detected
2025-04-30 10:12:23.452766,Minor Detected
2025-04-30 10:12:25.298209,Minor Detected
2025-04-30 10:12:42.258091,Minor Detected
2025-04-30 10:12:42.472909,Minor Detected
2025-04-30 10:12:42.545043,Minor Detected
2025-04-30 10:12:42.614340,Minor Detected
2025-04-30 10:12:44.170463,Minor Detected
2025-04-30 10:12:45.448933,Minor Detected
2025-04-30 10:12:46.007131,Minor Detected
2025-04-30 10:12:46.396770,Minor Detected
2025-04-30 10:12:46.640818,Minor Detected
2025-04-30 10:12:58.943454,Minor Detected
2025-04-30 10:12:59.015377,Minor Detected
2025-04-30 10:12:59.085107,Minor Detected
2025-04-30 10:13:00.997026,Minor Detected
2025-04-30 10:13:01.207082,Minor Detected
2025-04-30 10:13:05.557319,Minor Detected
2025-04-30 10:13:05.629455,Minor Detected
2025-04-30 10:13:07.497638,Minor Detected
2025-04-30 10:13:07.570054,Minor Detected
2025-04-30 10:13:07.640278,Minor Detected
2025-04-30 10:13:07.794685,Minor Detected
2025-04-30 10:13:08.005141,Minor Detected
2025-04-30 10:13:08.072296,Minor Detected
2025-04-30 10:13:08.148567,Minor Detected
2025-04-30 10:13:08.217848,Minor Detected
2025-04-30 10:13:08.287953,Minor Detected
2025-04-30 10:13:08.356726,Minor Detected
2025-04-30 10:13:08.424752,Minor Detected
2025-04-30 10:13:08.501925,Minor Detected
2025-04-30 10:13:08.572716,Minor Detected
2025-04-30 10:13:08.642817,Minor Detected
2025-04-30 10:13:08.801989,Minor Detected
2025-04-30 10:13:08.867997,Minor Detected
2025-04-30 10:13:08.935190,Minor Detected
2025-04-30 10:13:09.001459,Minor Detected
2025-04-30 10:13:09.269709,Minor Detected
2025-04-30 10:13:09.388871,Minor Detected
2025-04-30 10:13:09.456089,Minor Detected
2025-04-30 10:13:09.521889,Minor Detected
2025-04-30 10:13:09.603129,Minor Detected
2025-04-30 10:13:09.670816,Minor Detected
2025-04-30 10:13:09.736693,Minor Detected
2025-04-30 10:13:09.803488,Minor Detected
2025-04-30 10:13:09.870481,Minor Detected
2025-04-30 10:13:09.935767,Minor Detected
2025-04-30 10:13:10.004664,Minor Detected
2025-04-30 10:13:10.066507,Minor Detected
2025-04-30 10:13:10.136553,Minor Detected
2025-04-30 10:13:10.202206,Minor Detected
2025-04-30 10:13:10.268211,Minor Detected
2025-04-30 10:13:10.335886,Minor Detected
2025-04-30 10:13:10.403823,Minor Detected
2025-04-30 10:13:10.468832,Minor Detected
2025-04-30 10:13:10.536368,Minor Detected
2025-04-30 10:13:10.601845,Minor Detected
2025-04-30 10:13:10.667365,Minor Detected
2025-04-30 10:13:10.737123,Minor Detected
2025-04-30 10:13:10.800280,Minor Detected
2025-04-30 10:13:10.869315,Minor Detected
2025-04-30 10:13:10.935545,Minor Detected
2025-04-30 10:13:11.001960,Minor Detected
2025-04-30 10:13:11.067355,Minor Detected
2025-04-30 10:13:11.136907,Minor Detected
2025-04-30 10:13:11.201150,Minor Detected
2025-04-30 10:13:11.266324,Minor Detected
2025-04-30 10:13:11.334878,Minor Detected
2025-04-30 10:13:11.401790,Minor Detected
2025-04-30 10:13:11.481265,Minor Detected
2025-04-30 10:13:11.781883,Minor Detected
2025-04-30 10:13:11.886941,Minor Detected
2025-04-30 10:13:11.982458,Minor Detected
2025-04-30 10:13:12.083609,Minor Detected
2025-04-30 10:13:12.188351,Minor Detected
2025-04-30 10:13:12.284273,Minor Detected
2025-04-30 10:13:12.377327,Minor Detected
2025-04-30 10:13:12.437225,Minor Detected
2025-04-30 10:13:12.503676,Minor Detected
2025-04-30 10:13:12.570438,Minor Detected
2025-04-30 10:13:12.636367,Minor Detected
2025-04-30 10:13:12.703497,Minor Detected
2025-04-30 10:13:12.771665,Minor Detected
2025-04-30 10:13:12.836873,Minor Detected
2025-04-30 10:13:12.902635,Minor Detected
2025-04-30 10:13:12.974094,Minor Detected
2025-04-30 10:13:13.035575,Minor Detected
2025-04-30 10:13:13.102883,Minor Detected
2025-04-30 10:13:13.172914,Minor Detected
2025-04-30 10:13:13.235028,Minor Detected
2025-04-30 10:13:13.302867,Minor Detected
2025-04-30 10:13:13.373527,Minor Detected
2025-04-30 10:13:13.436652,Minor Detected
2025-04-30 10:13:13.503481,Minor Detected
2025-04-30 10:13:13.572071,Minor Detected
2025-04-30 10:13:13.645748,Minor Detected
2025-04-30 10:13:13.748001,Minor Detected
2025-04-30 10:13:13.838566,Minor Detected
2025-04-30 10:13:13.927118,Minor Detected
2025-04-30 10:13:13.988776,Minor Detected
2025-04-30 10:13:14.060647,Minor Detected
2025-04-30 10:13:14.131687,Minor Detected
2025-04-30 10:13:14.205181,Minor Detected
2025-04-30 10:13:14.275977,Minor Detected
2025-04-30 10:13:14.343552,Minor Detected
2025-04-30 10:13:14.416576,Minor Detected
2025-04-30 10:13:14.486712,Minor Detected
2025-04-30 10:13:14.556372,Minor Detected
2025-04-30 10:13:14.626710,Minor Detected
2025-04-30 10:13:14.694876,Minor Detected
2025-04-30 10:13:14.770514,Minor Detected
2025-04-30 10:13:14.841742,Minor Detected
2025-04-30 10:13:14.909737,Minor Detected
2025-04-30 10:13:14.979180,Minor Detected
2025-04-30 10:13:15.049273,Minor Detected
2025-04-30 10:13:15.124485,Minor Detected
2025-04-30 10:13:15.193770,Minor Detected
2025-04-30 10:13:15.261456,Minor Detected
2025-04-30 10:13:15.337035,Minor Detected
2025-04-30 10:13:15.405218,Minor Detected
2025-04-30 10:13:15.474761,Minor Detected
2025-04-30 10:13:15.542705,Minor Detected
2025-04-30 10:13:15.615451,Minor Detected
2025-04-30 10:13:15.689863,Minor Detected
2025-04-30 10:13:15.758077,Minor Detected
2025-04-30 10:13:15.825690,Minor Detected
2025-04-30 10:13:16.038633,Minor Detected
2025-04-30 10:13:16.112155,Minor Detected
2025-04-30 10:13:16.184359,Minor Detected
2025-04-30 10:13:16.252178,Minor Detected
2025-04-30 10:13:16.325200,Minor Detected
2025-04-30 10:13:16.393905,Minor Detected
2025-04-30 10:13:16.467046,Minor Detected
2025-04-30 10:13:16.538066,Minor Detected
2025-04-30 10:13:16.603949,Minor Detected
2025-04-30 10:13:16.676612,Minor Detected
2025-04-30 10:13:16.747231,Minor Detected
2025-04-30 10:13:16.821025,Minor Detected
2025-04-30 10:13:16.892803,Minor Detected
2025-04-30 10:13:17.029713,Minor Detected
2025-04-30 10:13:17.099105,Minor Detected
2025-04-30 10:13:17.175936,Minor Detected
2025-04-30 10:13:17.241583,Minor Detected
2025-04-30 10:13:17.953296,Minor Detected
2025-04-30 10:13:18.037247,Minor Detected
2025-04-30 10:13:19.056001,Minor Detected
2025-04-30 10:13:19.449977,Minor Detected
2025-04-30 10:13:19.554436,Minor Detected
2025-04-30 10:13:19.655546,Minor Detected
2025-04-30 10:13:19.729892,Minor Detected
2025-04-30 10:13:19.905317,Minor Detected
2025-04-30 10:13:19.978661,Minor Detected
2025-04-30 10:13:20.080801,Minor Detected
2025-04-30 10:13:20.397365,Minor Detected
2025-04-30 10:13:20.543299,Minor Detected
2025-04-30 10:13:20.650949,Minor Detected
2025-04-30 10:13:20.752714,Minor Detected
2025-04-30 10:13:20.824098,Minor Detected
2025-04-30 10:13:20.894834,Minor Detected
2025-04-30 10:13:20.971386,Minor Detected
2025-04-30 10:13:21.074265,Minor Detected
2025-04-30 10:13:21.182050,Minor Detected
2025-04-30 10:13:21.282290,Minor Detected
2025-04-30 10:13:21.352577,Minor Detected
2025-04-30 10:13:21.423442,Minor Detected
2025-04-30 10:13:21.495409,Minor Detected
2025-04-30 10:13:21.566896,Minor Detected
2025-04-30 10:13:21.639582,Minor Detected
2025-04-30 10:13:21.726404,Minor Detected
2025-04-30 10:13:21.833048,Minor Detected
2025-04-30 10:13:21.929934,Minor Detected
2025-04-30 10:13:22.031045,Minor Detected
2025-04-30 10:13:22.135021,Minor Detected
2025-04-30 10:13:22.231695,Minor Detected
2025-04-30 10:13:22.334623,Minor Detected
2025-04-30 10:13:22.434733,Minor Detected
2025-04-30 10:13:22.533488,Minor Detected
2025-04-30 10:13:22.636332,Minor Detected
2025-04-30 10:13:22.734757,Minor Detected
2025-04-30 10:13:22.832392,Minor Detected
2025-04-30 10:13:22.920815,Minor Detected
2025-04-30 10:13:22.983392,Minor Detected
2025-04-30 10:13:23.051939,Minor Detected
2025-04-30 10:13:23.119906,Minor Detected
2025-04-30 10:13:23.185018,Minor Detected
2025-04-30 10:13:23.251405,Minor Detected
2025-04-30 10:13:23.315392,Minor Detected
2025-04-30 10:13:23.385669,Minor Detected
2025-04-30 10:13:23.448978,Minor Detected
2025-04-30 10:13:23.517690,Minor Detected
2025-04-30 10:13:23.583813,Minor Detected
2025-04-30 10:13:23.651718,Minor Detected
2025-04-30 10:13:23.715614,Minor Detected
2025-04-30 10:13:23.786757,Minor Detected
2025-04-30 10:13:23.862038,Minor Detected
2025-04-30 10:13:23.965201,Minor Detected
2025-04-30 10:13:24.264665,Minor Detected
2025-04-30 10:13:24.461665,Minor Detected
2025-04-30 10:13:24.663927,Minor Detected
2025-04-30 10:13:24.865780,Minor Detected
2025-04-30 10:13:24.969022,Minor Detected
2025-04-30 10:13:25.149213,Minor Detected
2025-04-30 10:13:25.359963,Minor Detected
2025-04-30 10:13:25.433946,Minor Detected
2025-04-30 10:13:25.504316,Minor Detected
2025-04-30 10:13:26.751433,Minor Detected
2025-04-30 10:13:27.439233,Minor Detected
2025-04-30 10:13:27.511499,Minor Detected
2025-04-30 10:13:27.580734,Minor Detected
2025-04-30 10:13:27.649398,Minor Detected
2025-04-30 10:13:29.914470,Minor Detected
2025-04-30 10:13:29.986195,Minor Detected
2025-04-30 10:13:30.052653,Minor Detected
2025-04-30 10:13:32.515361,Minor Detected
2025-04-30 10:13:33.116044,Minor Detected
2025-04-30 10:13:33.896980,Minor Detected
2025-04-30 10:13:34.746234,Minor Detected
2025-04-30 10:13:34.813257,Minor Detected
2025-04-30 10:13:35.448300,Minor Detected
2025-04-30 10:13:35.659341,Minor Detected
2025-04-30 10:13:35.732809,Minor Detected
2025-04-30 10:13:36.082309,Minor Detected
2025-04-30 10:13:36.158027,Minor Detected
2025-04-30 10:13:36.231257,Minor Detected
2025-04-30 10:13:36.298096,Minor Detected
2025-04-30 10:13:36.366515,Minor Detected
2025-04-30 10:13:36.440258,Minor Detected
2025-04-30 10:13:36.578260,Minor Detected
2025-04-30 10:13:36.649456,Minor Detected
2025-04-30 10:13:37.603452,Minor Detected
2025-04-30 10:13:37.886889,Minor Detected
2025-04-30 10:13:37.958826,Minor Detected
2025-04-30 10:13:38.029733,Minor Detected
2025-04-30 10:13:38.101636,Minor Detected
2025-04-30 10:13:38.171239,Minor Detected
2025-04-30 10:13:38.243800,Minor Detected
2025-04-30 10:13:38.311774,Minor Detected
2025-04-30 10:13:38.382298,Minor Detected
2025-04-30 10:13:38.452467,Minor Detected
2025-04-30 10:13:38.523189,Minor Detected
2025-04-30 10:13:38.599641,Minor Detected
2025-04-30 10:13:38.664277,Minor Detected
2025-04-30 10:13:38.877827,Minor Detected
2025-04-30 10:13:38.946249,Minor Detected
2025-04-30 10:13:39.229850,Minor Detected
2025-04-30 10:13:39.301001,Minor Detected
2025-04-30 10:13:39.370294,Minor Detected
2025-04-30 10:13:39.446472,Minor Detected
2025-04-30 10:13:42.129268,Minor Detected
2025-04-30 10:13:42.199643,Minor Detected
2025-04-30 10:13:42.552823,Minor Detected
2025-04-30 10:13:52.379312,Minor Detected
2025-04-30 10:13:52.452496,Minor Detected
2025-04-30 10:13:52.523678,Minor Detected
2025-04-30 10:13:52.597027,Minor Detected
2025-04-30 10:13:52.670569,Minor Detected
2025-04-30 10:13:52.733024,Minor Detected
2025-04-30 10:13:52.802969,Minor Detected
2025-04-30 10:13:52.944906,Minor Detected
2025-04-30 10:15:24.707100,Minor Detected
2025-04-30 10:15:24.845414,Minor Detected
2025-04-30 10:15:24.916517,Minor Detected
2025-04-30 10:15:24.992356,Minor Detected
2025-04-30 10:15:25.057119,Minor Detected
2025-04-30 10:15:25.126954,Minor Detected
2025-04-30 10:15:25.198759,Minor Detected
2025-04-30 10:15:25.268820,Minor Detected
2025-04-30 10:15:25.342274,Minor Detected
2025-04-30 10:15:25.411559,Minor Detected
2025-04-30 10:15:26.150097,Minor Detected
2025-04-30 10:15:57.297890,Minor Detected
2025-04-30 10:15:58.352222,Minor Detected
2025-04-30 10:15:58.424982,Minor Detected
2025-04-30 10:15:58.495587,Minor Detected
2025-04-30 10:15:58.566331,Minor Detected
2025-04-30 10:15:58.844977,Minor Detected
2025-04-30 10:15:58.920032,Minor Detected
2025-04-30 10:16:01.604552,Minor Detected
2025-04-30 10:16:01.746922,Minor Detected
2025-04-30 10:16:01.815279,Minor Detected
2025-04-30 10:16:01.892260,Minor Detected
2025-04-30 10:16:01.965807,Minor Detected
2025-04-30 10:16:02.028907,Minor Detected
2025-04-30 10:16:02.175067,Minor Detected
2025-04-30 10:16:02.241073,Minor Detected
2025-04-30 10:16:02.311229,Minor Detected
2025-04-30 10:16:02.381199,Minor Detected
2025-04-30 10:16:02.455012,Minor Detected
2025-04-30 10:16:02.594033,Minor Detected
2025-04-30 10:16:02.663133,Minor Detected
2025-04-30 10:16:02.738687,Minor Detected
2025-04-30 10:16:02.812570,Minor Detected
2025-04-30 10:16:02.877597,Minor Detected
2025-04-30 10:16:02.948755,Minor Detected
2025-04-30 10:16:03.018308,Minor Detected
2025-04-30 10:16:03.092739,Minor Detected
2025-04-30 10:16:03.159267,Minor Detected
2025-04-30 10:16:03.229808,Minor Detected
2025-04-30 10:16:03.299718,Minor Detected
2025-04-30 10:16:03.370186,Minor Detected
2025-04-30 10:16:03.443966,Minor Detected
2025-04-30 10:16:03.512523,Minor Detected
2025-04-30 10:16:03.583021,Minor Detected
2025-04-30 10:16:03.657849,Minor Detected
2025-04-30 10:16:03.727361,Minor Detected
2025-04-30 10:16:03.796771,Minor Detected
2025-04-30 10:16:03.865614,Minor Detected
2025-04-30 10:16:03.941143,Minor Detected
2025-04-30 10:16:04.011402,Minor Detected
2025-04-30 10:16:04.079251,Minor Detected
2025-04-30 10:16:04.222165,Minor Detected
2025-04-30 10:16:04.294539,Minor Detected
2025-04-30 10:16:04.360620,Minor Detected
2025-04-30 10:16:04.431680,Minor Detected
2025-04-30 10:16:04.507266,Minor Detected
2025-04-30 10:16:04.571180,Minor Detected
2025-04-30 10:16:04.645002,Minor Detected
2025-04-30 10:16:04.715367,Minor Detected
2025-04-30 10:16:04.787662,Minor Detected
2025-04-30 10:16:04.996777,Minor Detected
2025-04-30 10:16:05.069257,Minor Detected
2025-04-30 10:16:05.145738,Minor Detected
2025-04-30 10:16:05.209877,Minor Detected
2025-04-30 10:16:05.282609,Minor Detected
2025-04-30 10:16:05.351006,Minor Detected
2025-04-30 10:16:05.424297,Minor Detected
2025-04-30 10:16:05.493852,Minor Detected
2025-04-30 10:16:05.564220,Minor Detected
2025-04-30 10:16:05.631455,Minor Detected
2025-04-30 10:16:05.706101,Minor Detected
2025-04-30 10:16:05.777477,Minor Detected
2025-04-30 10:16:05.845862,Minor Detected
2025-04-30 10:16:05.914400,Minor Detected
2025-04-30 10:16:05.991667,Minor Detected
2025-04-30 10:16:06.061526,Minor Detected
2025-04-30 10:16:06.129437,Minor Detected
2025-04-30 10:16:06.200416,Minor Detected
2025-04-30 10:16:06.274644,Minor Detected
2025-04-30 10:16:06.344872,Minor Detected
2025-04-30 10:16:06.416127,Minor Detected
2025-04-30 10:16:06.481636,Minor Detected
2025-04-30 10:16:06.558512,Minor Detected
2025-04-30 10:16:06.632577,Minor Detected
2025-04-30 10:16:06.695591,Minor Detected
2025-04-30 10:16:06.766925,Minor Detected
2025-04-30 10:16:06.839077,Minor Detected
2025-04-30 10:16:06.909884,Minor Detected
2025-04-30 10:16:06.976333,Minor Detected
2025-04-30 10:16:08.112900,Minor Detected
2025-04-30 10:16:08.178321,Minor Detected
2025-04-30 10:16:08.460901,Minor Detected
2025-04-30 10:16:08.604675,Minor Detected
2025-04-30 10:16:08.676685,Minor Detected
2025-04-30 10:16:08.745046,Minor Detected
2025-04-30 10:16:08.813659,Minor Detected
2025-04-30 10:16:08.959857,Minor Detected
2025-04-30 10:16:09.098866,Minor Detected
2025-04-30 10:16:09.170125,Minor Detected
2025-04-30 10:16:09.240280,Minor Detected
2025-04-30 10:16:09.311606,Minor Detected
2025-04-30 10:16:09.380734,Minor Detected
2025-04-30 10:16:09.453394,Minor Detected
2025-04-30 10:16:09.523689,Minor Detected
2025-04-30 10:16:09.595541,Minor Detected
2025-04-30 10:16:09.663487,Minor Detected
2025-04-30 10:16:09.738082,Minor Detected
2025-04-30 10:16:21.111776,Minor Detected
2025-04-30 10:16:21.187100,Minor Detected
2025-04-30 10:16:21.260085,Minor Detected
2025-04-30 10:16:23.237955,Minor Detected
2025-04-30 10:16:23.876537,Minor Detected
2025-04-30 10:16:25.922350,Minor Detected
2025-04-30 10:16:26.627677,Minor Detected
2025-04-30 10:16:26.842646,Minor Detected
2025-04-30 10:16:26.911205,Minor Detected
2025-04-30 10:16:26.985124,Minor Detected
2025-04-30 10:16:27.053569,Minor Detected
2025-04-30 10:16:27.125342,Minor Detected
2025-04-30 10:16:27.194642,Minor Detected
2025-04-30 10:16:27.337703,Minor Detected
2025-04-30 10:16:27.903470,Minor Detected
2025-04-30 10:16:28.395783,Minor Detected
2025-04-30 10:16:28.471942,Minor Detected
2025-04-30 10:16:29.843465,Minor Detected
2025-04-30 10:16:29.915504,Minor Detected
2025-04-30 10:16:29.986207,Minor Detected
2025-04-30 10:16:30.059864,Minor Detected
2025-04-30 10:16:30.410228,Minor Detected
2025-04-30 10:16:30.627056,Minor Detected
2025-04-30 10:16:30.832915,Minor Detected
2025-04-30 10:16:30.975284,Minor Detected
2025-04-30 10:16:31.047287,Minor Detected
2025-04-30 10:16:31.120000,Minor Detected
2025-04-30 10:16:31.190215,Minor Detected
2025-04-30 10:16:31.827798,Minor Detected
2025-04-30 10:16:31.896473,Minor Detected
2025-04-30 10:16:31.966711,Minor Detected
2025-04-30 10:16:32.040509,Minor Detected
2025-04-30 10:16:32.249276,Minor Detected
2025-04-30 10:16:46.445671,Minor Detected
2025-04-30 10:16:48.423222,Minor Detected
2025-04-30 10:16:48.495390,Minor Detected
2025-04-30 10:16:48.570709,Minor Detected
2025-04-30 10:16:48.643036,Minor Detected
2025-04-30 10:16:48.710402,Minor Detected
2025-04-30 10:16:48.994973,Minor Detected
2025-04-30 10:16:49.066050,Minor Detected
2025-04-30 10:16:49.488052,Minor Detected
2025-04-30 10:16:49.773736,Minor Detected
2025-04-30 10:16:49.843351,Minor Detected
2025-04-30 10:16:50.617961,Minor Detected
2025-04-30 10:16:50.691956,Minor Detected
2025-04-30 10:16:51.042376,Minor Detected
2025-04-30 10:16:51.112033,Minor Detected
2025-04-30 10:16:51.185244,Minor Detected
2025-04-30 10:16:51.261314,Minor Detected
2025-04-30 10:16:51.326978,Minor Detected
2025-04-30 10:16:51.395829,Minor Detected
2025-04-30 10:16:51.466602,Minor Detected
2025-04-30 10:16:51.539831,Minor Detected
2025-04-30 10:16:51.611909,Minor Detected
2025-04-30 10:16:51.678730,Minor Detected
2025-04-30 10:16:51.749291,Minor Detected
2025-04-30 10:16:51.825539,Minor Detected
2025-04-30 10:16:51.892308,Minor Detected
2025-04-30 10:16:51.960228,Minor Detected
2025-04-30 10:16:52.028050,Minor Detected
2025-04-30 10:16:52.105068,Minor Detected
2025-04-30 10:16:52.174336,Minor Detected
2025-04-30 10:16:52.242704,Minor Detected
2025-04-30 10:16:52.313105,Minor Detected
2025-04-30 10:16:52.386868,Minor Detected
2025-04-30 10:16:52.459735,Minor Detected
2025-04-30 10:16:52.522548,Minor Detected
2025-04-30 10:16:52.597944,Minor Detected
2025-04-30 10:16:52.669913,Minor Detected
2025-04-30 10:16:52.740080,Minor Detected
2025-04-30 10:16:52.808384,Minor Detected
2025-04-30 10:16:52.890380,Minor Detected
2025-04-30 10:16:52.966485,Minor Detected
2025-04-30 10:16:53.036134,Minor Detected
2025-04-30 10:16:53.104746,Minor Detected
2025-04-30 10:16:53.174307,Minor Detected
2025-04-30 10:16:53.245693,Minor Detected
2025-04-30 10:16:53.319827,Minor Detected
2025-04-30 10:16:53.389889,Minor Detected
2025-04-30 10:16:53.459239,Minor Detected
2025-04-30 10:16:53.527082,Minor Detected
2025-04-30 10:16:53.598279,Minor Detected
2025-04-30 10:16:53.674022,Minor Detected
2025-04-30 10:16:53.741085,Minor Detected
2025-04-30 10:16:53.809386,Minor Detected
2025-04-30 10:16:53.883094,Minor Detected
2025-04-30 10:16:53.952518,Minor Detected
2025-04-30 10:16:54.021472,Minor Detected
2025-04-30 10:16:54.091743,Minor Detected
2025-04-30 10:16:54.163542,Minor Detected
2025-04-30 10:16:54.238278,Minor Detected
2025-04-30 10:16:54.307905,Minor Detected
2025-04-30 10:16:54.375473,Minor Detected
2025-04-30 10:16:54.450058,Minor Detected
2025-04-30 10:16:54.519485,Minor Detected
2025-04-30 10:16:54.587963,Minor Detected
2025-04-30 10:16:54.658362,Minor Detected
2025-04-30 10:16:54.730356,Minor Detected
2025-04-30 10:16:54.804689,Minor Detected
2025-04-30 10:16:54.870839,Minor Detected
2025-04-30 10:16:54.943423,Minor Detected
2025-04-30 10:16:55.010822,Minor Detected
2025-04-30 10:16:55.086320,Minor Detected
2025-04-30 10:16:55.156638,Minor Detected
2025-04-30 10:16:55.223753,Minor Detected
2025-04-30 10:16:55.296385,Minor Detected
2025-04-30 10:16:55.367049,Minor Detected
2025-04-30 10:16:55.437792,Minor Detected
2025-04-30 10:16:55.578619,Minor Detected
2025-04-30 10:16:55.790674,Minor Detected
2025-04-30 10:16:57.066422,Minor Detected
2025-04-30 10:16:57.203835,Minor Detected
2025-04-30 10:16:57.345161,Minor Detected
2025-04-30 10:16:57.417230,Minor Detected
2025-04-30 10:16:57.489199,Minor Detected
2025-04-30 10:16:57.556667,Minor Detected
2025-04-30 10:16:57.983930,Minor Detected
2025-04-30 10:16:58.052957,Minor Detected
2025-04-30 10:16:58.124069,Minor Detected
2025-04-30 10:17:00.245211,Minor Detected
2025-04-30 10:17:00.317144,Minor Detected
2025-04-30 10:17:00.386531,Minor Detected
2025-04-30 10:17:00.456721,Minor Detected
2025-04-30 10:17:00.525515,Minor Detected
2025-04-30 10:17:00.601884,Minor Detected
2025-04-30 10:17:00.668921,Minor Detected
2025-04-30 10:17:00.741055,Minor Detected
2025-04-30 10:17:00.807854,Minor Detected
2025-04-30 10:17:00.883178,Minor Detected
2025-04-30 10:17:01.577122,Minor Detected
2025-04-30 10:17:02.001625,Minor Detected
2025-04-30 10:17:02.074246,Minor Detected
2025-04-30 10:17:02.144514,Minor Detected
2025-04-30 10:17:02.210970,Minor Detected
2025-04-30 10:17:02.439106,Minor Detected
2025-04-30 10:17:04.121499,Minor Detected
2025-04-30 10:17:05.042849,Minor Detected
2025-04-30 10:17:06.097902,Minor Detected
2025-04-30 10:17:06.174053,Minor Detected
2025-04-30 10:17:06.242739,Minor Detected
2025-04-30 10:17:06.311386,Minor Detected
2025-04-30 10:17:07.372447,Minor Detected
2025-04-30 10:17:07.584602,Minor Detected
2025-04-30 10:17:10.593133,Minor Detected
2025-04-30 10:17:10.664224,Minor Detected
2025-04-30 10:17:10.729612,Minor Detected
2025-04-30 10:17:10.803165,Minor Detected
2025-04-30 10:17:10.876726,Minor Detected
2025-04-30 10:17:10.942132,Minor Detected
2025-04-30 10:17:11.025022,Minor Detected
2025-04-30 10:17:11.095426,Minor Detected
2025-04-30 10:17:11.166479,Minor Detected
2025-04-30 10:17:11.237355,Minor Detected
2025-04-30 10:17:11.308537,Minor Detected
2025-04-30 10:17:11.380751,Minor Detected
2025-04-30 10:17:11.452214,Minor Detected
2025-04-30 10:17:11.509129,Minor Detected
2025-04-30 10:17:11.578336,Minor Detected
2025-04-30 10:17:11.646899,Minor Detected
2025-04-30 10:17:11.725622,Minor Detected
2025-04-30 10:17:11.793664,Minor Detected
2025-04-30 10:17:11.862235,Minor Detected
2025-04-30 10:17:12.009857,Minor Detected
2025-04-30 10:17:12.073475,Minor Detected
2025-04-30 10:17:12.146611,Minor Detected
2025-04-30 10:17:12.217274,Minor Detected
2025-04-30 10:17:12.303651,Minor Detected
2025-04-30 10:17:12.653591,Minor Detected
2025-04-30 10:17:13.017806,Minor Detected
2025-04-30 10:17:13.155306,Minor Detected
2025-04-30 10:17:13.338059,Minor Detected
2025-04-30 10:17:13.440632,Minor Detected
2025-04-30 10:17:13.667643,Minor Detected
2025-04-30 10:17:13.771806,Minor Detected
2025-04-30 10:17:13.862455,Minor Detected
2025-04-30 10:17:13.927468,Minor Detected
2025-04-30 10:17:13.997198,Minor Detected
2025-04-30 10:17:14.068044,Minor Detected
2025-04-30 10:17:14.139621,Minor Detected
2025-04-30 10:17:14.364311,Minor Detected
2025-04-30 10:17:14.472672,Minor Detected
2025-04-30 10:17:14.632588,Minor Detected
2025-04-30 10:17:14.881012,Minor Detected
2025-04-30 10:17:14.952730,Minor Detected
2025-04-30 10:17:15.089312,Minor Detected
2025-04-30 10:17:15.171020,Minor Detected
2025-04-30 10:17:15.231123,Minor Detected
2025-04-30 10:17:15.304165,Minor Detected
2025-04-30 10:17:15.374799,Minor Detected
2025-04-30 10:17:15.443493,Minor Detected
2025-04-30 10:17:15.516498,Minor Detected
2025-04-30 10:17:15.583016,Minor Detected
2025-04-30 10:17:15.655248,Minor Detected
